{"@type":"ProductSystem","@id":"d68f59b7-3e9c-4bbc-baa2-0137ff9f033f","name":"LCA of FCEV","description":"First created: 2023-06-28T14:16:59\nLinking approach during creation: Prefer default providers; Preferred process type: System process","version":"00.00.000","lastChange":"2023-06-28T12:16:59.937Z","refProcess":{"@type":"Process","@id":"0fedd5a3-d675-4728-9995-c32407c689f1","name":"LCA of FCEV","category":"SH2E Case Study","processType":"UNIT_PROCESS","flowType":"PRODUCT_FLOW"},"refExchange":{"@type":"Exchange","internalId":1,"flow":{"@type":"Flow","@id":"d9743a7c-0456-4934-906a-21c2ab970d7a","name":"LCA FCEV","flowType":"PRODUCT_FLOW","refUnit":"Item(s)"}},"targetFlowProperty":{"@type":"FlowProperty","@id":"01846770-4cfe-4a25-8ad9-919d8d378345","name":"Number of items","category":"Technical flow properties","refUnit":"Item(s)"},"targetUnit":{"@type":"Unit","@id":"6dabe201-aaac-4509-92f0-d00c26cb72ab","name":"Item(s)"},"targetAmount":1.0,"processes":[{"@type":"Process","@id":"77eaa6bc-f0b3-466a-861c-8fa5c3dbc563","name":"SH2E Balance of plant manufacturing","category":"SH2E Case Study/SH2E Production Stage/SH2E Power Train Manufacturing","processType":"UNIT_PROCESS","flowType":"PRODUCT_FLOW"},{"@type":"Process","@id":"406d06a6-f882-4170-90bc-560314c90eea","name":"SH2E End of Life Shredding","category":"SH2E Case Study/SH2E End of Life","processType":"UNIT_PROCESS","flowType":"WASTE_FLOW"},{"@type":"Process","@id":"0fedd5a3-d675-4728-9995-c32407c689f1","name":"LCA of FCEV","category":"SH2E Case Study","processType":"UNIT_PROCESS","flowType":"PRODUCT_FLOW"},{"@type":"Process","@id":"c59b4e88-40a7-463e-9dd4-d3a9077e126f","name":"SH2E End of Life - Dismantling","category":"SH2E Case Study/SH2E End of Life","processType":"UNIT_PROCESS","flowType":"WASTE_FLOW"},{"@type":"Process","@id":"9e1a2133-9441-47cc-b960-fc35e573da17","name":"SH2E Battery pack manufacturing","category":"SH2E Case Study/SH2E Production Stage/SH2E Power Train Manufacturing","processType":"UNIT_PROCESS","flowType":"PRODUCT_FLOW"},{"@type":"Process","@id":"6a11b890-87fc-47dc-871c-e98d563a4830","name":"SH2E DC/DC converter manufacturing","category":"SH2E Case Study/SH2E Production Stage/SH2E Power Train Manufacturing","processType":"UNIT_PROCESS","flowType":"PRODUCT_FLOW"},{"@type":"Process","@id":"046fbc83-360d-4368-824d-927e6d2ff902","name":"SH2E Assembly of fuel cell vehicle","category":"SH2E Case Study/SH2E Production Stage","processType":"UNIT_PROCESS","flowType":"PRODUCT_FLOW"},{"@type":"Process","@id":"d13d3f12-e1fb-4e67-a9d5-4740af78e1a7","name":"SH2E Operational Stage","category":"SH2E Case Study/SH2E Operational Stage","processType":"UNIT_PROCESS","flowType":"PRODUCT_FLOW"},{"@type":"Process","@id":"07055b6c-d653-4766-b898-244723fbc536","name":"SH2E Maintenance (for car lifespan) ","category":"SH2E Case Study/SH2E Operational Stage/SH2E Hydrogen production method 1","processType":"UNIT_PROCESS","flowType":"PRODUCT_FLOW"},{"@type":"Process","@id":"addf819a-b491-437d-ba2b-444fd64fef25","name":"SH2E Electric motor manufacturing","category":"SH2E Case Study/SH2E Production Stage/SH2E Power Train Manufacturing","processType":"UNIT_PROCESS","flowType":"PRODUCT_FLOW"},{"@type":"Process","@id":"63541659-6b4b-4a9a-914b-9da8bbd33c17","name":"SH2E Hydrogen conditionning and dispensing","category":"SH2E Case Study/SH2E Operational Stage/SH2E Hydrogen production method 1","processType":"UNIT_PROCESS","flowType":"PRODUCT_FLOW"},{"@type":"Process","@id":"8017f9be-43b3-46bd-88ae-b047163b849c","name":"SH2E End of Life - Depollution","category":"SH2E Case Study/SH2E End of Life","processType":"UNIT_PROCESS","flowType":"WASTE_FLOW"},{"@type":"Process","@id":"dd4630e4-eeca-4224-9262-05d172cc8a81","name":"SHE2 Production Stage","category":"SH2E Case Study/SH2E Production Stage","processType":"UNIT_PROCESS","flowType":"PRODUCT_FLOW"},{"@type":"Process","@id":"cc253bde-db9d-402a-a0f5-e4ae123a2d5c","name":"SH2E Hydrogen Production ","category":"SH2E Case Study/SH2E Operational Stage/SH2E Hydrogen production method 1","processType":"UNIT_PROCESS","flowType":"PRODUCT_FLOW"},{"@type":"Process","@id":"a0d9a59f-be1b-49e1-90a9-cb9fc1af4680","name":"SH2E Fuel Cell Module manufacturing ","category":"SH2E Case Study/SH2E Production Stage/SH2E Power Train Manufacturing","processType":"UNIT_PROCESS","flowType":"PRODUCT_FLOW"},{"@type":"Process","@id":"ffc9b58c-7620-490b-bda7-6fde4e7761b0","name":"SH2E Power Train Manufacturing","category":"SH2E Case Study/SH2E Production Stage","processType":"UNIT_PROCESS","flowType":"PRODUCT_FLOW"},{"@type":"Process","@id":"a86dc3f9-b22f-407e-8742-0ca12f157627","name":"SH2E End of Life ","category":"SH2E Case Study/SH2E End of Life","processType":"UNIT_PROCESS","flowType":"WASTE_FLOW"},{"@type":"Process","@id":"497743c9-241e-4f56-9248-914dd411b949","name":"SH2E Use (for car lifespan) ","category":"SH2E Case Study/SH2E Operational Stage/SH2E Hydrogen production method 1","processType":"UNIT_PROCESS","flowType":"PRODUCT_FLOW"},{"@type":"Process","@id":"5e3f2b51-9372-43e0-b37d-013adeb237bb","name":"SH2E Vehicle Manufacturing","category":"SH2E Case Study/SH2E Production Stage","processType":"UNIT_PROCESS","flowType":"PRODUCT_FLOW"},{"@type":"Process","@id":"93c68338-3fc4-49e7-ae27-8d3909b20a83","name":"SH2E Hydrogen tank manufacturing","category":"SH2E Case Study/SH2E Production Stage","processType":"UNIT_PROCESS","flowType":"PRODUCT_FLOW"},{"@type":"Process","@id":"aa6bcc42-5f15-4ea4-a862-f747a49c6277","name":"SH2E Power Electronic Control Unit manufacturing","category":"SH2E Case Study/SH2E Production Stage/SH2E Power Train Manufacturing","processType":"UNIT_PROCESS","flowType":"PRODUCT_FLOW"}],"processLinks":[{"provider":{"@type":"Process","@id":"07055b6c-d653-4766-b898-244723fbc536","name":"SH2E Maintenance (for car lifespan) ","category":"SH2E Case Study/SH2E Operational Stage/SH2E Hydrogen production method 1","processType":"UNIT_PROCESS","flowType":"PRODUCT_FLOW"},"flow":{"@type":"Flow","@id":"0287c9e1-0328-44f2-943d-ff8d44ed268a","name":"Maintenance FCEV","flowType":"PRODUCT_FLOW","refUnit":"Item(s)"},"process":{"@type":"Process","@id":"d13d3f12-e1fb-4e67-a9d5-4740af78e1a7","name":"SH2E Operational Stage","category":"SH2E Case Study/SH2E Operational Stage","processType":"UNIT_PROCESS","flowType":"PRODUCT_FLOW"},"exchange":{"@type":"Exchange","internalId":4}},{"provider":{"@type":"Process","@id":"ffc9b58c-7620-490b-bda7-6fde4e7761b0","name":"SH2E Power Train Manufacturing","category":"SH2E Case Study/SH2E Production Stage","processType":"UNIT_PROCESS","flowType":"PRODUCT_FLOW"},"flow":{"@type":"Flow","@id":"85bbcdc9-9877-40d3-afbe-8e06fd70bddc","name":"Power Train","flowType":"PRODUCT_FLOW","refUnit":"Item(s)"},"process":{"@type":"Process","@id":"dd4630e4-eeca-4224-9262-05d172cc8a81","name":"SHE2 Production Stage","category":"SH2E Case Study/SH2E Production Stage","processType":"UNIT_PROCESS","flowType":"PRODUCT_FLOW"},"exchange":{"@type":"Exchange","internalId":4}},{"provider":{"@type":"Process","@id":"a0d9a59f-be1b-49e1-90a9-cb9fc1af4680","name":"SH2E Fuel Cell Module manufacturing ","category":"SH2E Case Study/SH2E Production Stage/SH2E Power Train Manufacturing","processType":"UNIT_PROCESS","flowType":"PRODUCT_FLOW"},"flow":{"@type":"Flow","@id":"9fbbf26c-f2cb-460c-bf54-911ac6370604","name":"Fuel cell module","flowType":"PRODUCT_FLOW","refUnit":"Item(s)"},"process":{"@type":"Process","@id":"ffc9b58c-7620-490b-bda7-6fde4e7761b0","name":"SH2E Power Train Manufacturing","category":"SH2E Case Study/SH2E Production Stage","processType":"UNIT_PROCESS","flowType":"PRODUCT_FLOW"},"exchange":{"@type":"Exchange","internalId":6}},{"provider":{"@type":"Process","@id":"cc253bde-db9d-402a-a0f5-e4ae123a2d5c","name":"SH2E Hydrogen Production ","category":"SH2E Case Study/SH2E Operational Stage/SH2E Hydrogen production method 1","processType":"UNIT_PROCESS","flowType":"PRODUCT_FLOW"},"flow":{"@type":"Flow","@id":"7c3b31d6-d277-4e5b-9f38-0631a735ab83","name":"SH2E Hydrogen (to conditionning and dispensing)","flowType":"PRODUCT_FLOW","refUnit":"kg"},"process":{"@type":"Process","@id":"d13d3f12-e1fb-4e67-a9d5-4740af78e1a7","name":"SH2E Operational Stage","category":"SH2E Case Study/SH2E Operational Stage","processType":"UNIT_PROCESS","flowType":"PRODUCT_FLOW"},"exchange":{"@type":"Exchange","internalId":2}},{"provider":{"@type":"Process","@id":"046fbc83-360d-4368-824d-927e6d2ff902","name":"SH2E Assembly of fuel cell vehicle","category":"SH2E Case Study/SH2E Production Stage","processType":"UNIT_PROCESS","flowType":"PRODUCT_FLOW"},"flow":{"@type":"Flow","@id":"e2829c87-70cc-41cb-b54e-e7fdf1fa0fa6","name":"assembled fuel cell vehicle","flowType":"PRODUCT_FLOW","refUnit":"Item(s)"},"process":{"@type":"Process","@id":"dd4630e4-eeca-4224-9262-05d172cc8a81","name":"SHE2 Production Stage","category":"SH2E Case Study/SH2E Production Stage","processType":"UNIT_PROCESS","flowType":"PRODUCT_FLOW"},"exchange":{"@type":"Exchange","internalId":2}},{"provider":{"@type":"Process","@id":"aa6bcc42-5f15-4ea4-a862-f747a49c6277","name":"SH2E Power Electronic Control Unit manufacturing","category":"SH2E Case Study/SH2E Production Stage/SH2E Power Train Manufacturing","processType":"UNIT_PROCESS","flowType":"PRODUCT_FLOW"},"flow":{"@type":"Flow","@id":"50c810aa-10bb-42a9-ab7f-b179493b58ac","name":"power distribution unit, for electric passenger car","category":"C:Manufacturing/27:Manufacture of electrical equipment/271:Manufacture of electric motors, generators, transformers and electricity distribution and control apparatus/2710:Manufacture of electric motors, generators, transformers and electricity di","flowType":"PRODUCT_FLOW","refUnit":"kg"},"process":{"@type":"Process","@id":"ffc9b58c-7620-490b-bda7-6fde4e7761b0","name":"SH2E Power Train Manufacturing","category":"SH2E Case Study/SH2E Production Stage","processType":"UNIT_PROCESS","flowType":"PRODUCT_FLOW"},"exchange":{"@type":"Exchange","internalId":8}},{"provider":{"@type":"Process","@id":"497743c9-241e-4f56-9248-914dd411b949","name":"SH2E Use (for car lifespan) ","category":"SH2E Case Study/SH2E Operational Stage/SH2E Hydrogen production method 1","processType":"UNIT_PROCESS","flowType":"PRODUCT_FLOW"},"flow":{"@type":"Flow","@id":"f53cae54-0a68-4087-843e-62c7785469ce","name":"FU driven km","flowType":"PRODUCT_FLOW","refUnit":"m"},"process":{"@type":"Process","@id":"d13d3f12-e1fb-4e67-a9d5-4740af78e1a7","name":"SH2E Operational Stage","category":"SH2E Case Study/SH2E Operational Stage","processType":"UNIT_PROCESS","flowType":"PRODUCT_FLOW"},"exchange":{"@type":"Exchange","internalId":6}},{"provider":{"@type":"Process","@id":"93c68338-3fc4-49e7-ae27-8d3909b20a83","name":"SH2E Hydrogen tank manufacturing","category":"SH2E Case Study/SH2E Production Stage","processType":"UNIT_PROCESS","flowType":"PRODUCT_FLOW"},"flow":{"@type":"Flow","@id":"a68c2e42-89b8-4fe4-8371-d0f2ef4089fe","name":"hydrogen tank","flowType":"PRODUCT_FLOW","refUnit":"Item(s)"},"process":{"@type":"Process","@id":"dd4630e4-eeca-4224-9262-05d172cc8a81","name":"SHE2 Production Stage","category":"SH2E Case Study/SH2E Production Stage","processType":"UNIT_PROCESS","flowType":"PRODUCT_FLOW"},"exchange":{"@type":"Exchange","internalId":3}},{"provider":{"@type":"Process","@id":"addf819a-b491-437d-ba2b-444fd64fef25","name":"SH2E Electric motor manufacturing","category":"SH2E Case Study/SH2E Production Stage/SH2E Power Train Manufacturing","processType":"UNIT_PROCESS","flowType":"PRODUCT_FLOW"},"flow":{"@type":"Flow","@id":"3b02c7eb-5df6-46ad-a39d-51c588aa75dc","name":"electric motor, electric passenger car","category":"C:Manufacturing/27:Manufacture of electrical equipment/271:Manufacture of electric motors, generators, transformers and electricity distribution and control apparatus/2710:Manufacture of electric motors, generators, transformers and electricity di","flowType":"PRODUCT_FLOW","refUnit":"kg"},"process":{"@type":"Process","@id":"ffc9b58c-7620-490b-bda7-6fde4e7761b0","name":"SH2E Power Train Manufacturing","category":"SH2E Case Study/SH2E Production Stage","processType":"UNIT_PROCESS","flowType":"PRODUCT_FLOW"},"exchange":{"@type":"Exchange","internalId":5}},{"provider":{"@type":"Process","@id":"63541659-6b4b-4a9a-914b-9da8bbd33c17","name":"SH2E Hydrogen conditionning and dispensing","category":"SH2E Case Study/SH2E Operational Stage/SH2E Hydrogen production method 1","processType":"UNIT_PROCESS","flowType":"PRODUCT_FLOW"},"flow":{"@type":"Flow","@id":"d6e1c586-bd03-4794-908f-cef5c48a27cb","name":"SH2E Hydrogen (to car) ","flowType":"PRODUCT_FLOW","refUnit":"kg"},"process":{"@type":"Process","@id":"d13d3f12-e1fb-4e67-a9d5-4740af78e1a7","name":"SH2E Operational Stage","category":"SH2E Case Study/SH2E Operational Stage","processType":"UNIT_PROCESS","flowType":"PRODUCT_FLOW"},"exchange":{"@type":"Exchange","internalId":3}},{"provider":{"@type":"Process","@id":"5e3f2b51-9372-43e0-b37d-013adeb237bb","name":"SH2E Vehicle Manufacturing","category":"SH2E Case Study/SH2E Production Stage","processType":"UNIT_PROCESS","flowType":"PRODUCT_FLOW"},"flow":{"@type":"Flow","@id":"7785d094-3029-46c4-a592-a639174858df","name":"glider, passenger car","category":"C:Manufacturing/29:Manufacture of motor vehicles, trailers and semi-trailers/291:Manufacture of motor vehicles/2910:Manufacture of motor vehicles","flowType":"PRODUCT_FLOW","refUnit":"kg"},"process":{"@type":"Process","@id":"dd4630e4-eeca-4224-9262-05d172cc8a81","name":"SHE2 Production Stage","category":"SH2E Case Study/SH2E Production Stage","processType":"UNIT_PROCESS","flowType":"PRODUCT_FLOW"},"exchange":{"@type":"Exchange","internalId":5}},{"provider":{"@type":"Process","@id":"9e1a2133-9441-47cc-b960-fc35e573da17","name":"SH2E Battery pack manufacturing","category":"SH2E Case Study/SH2E Production Stage/SH2E Power Train Manufacturing","processType":"UNIT_PROCESS","flowType":"PRODUCT_FLOW"},"flow":{"@type":"Flow","@id":"4cbf5fb3-e920-464e-9120-b13642ab6dce","name":"Battery pack","flowType":"PRODUCT_FLOW","refUnit":"Item(s)"},"process":{"@type":"Process","@id":"ffc9b58c-7620-490b-bda7-6fde4e7761b0","name":"SH2E Power Train Manufacturing","category":"SH2E Case Study/SH2E Production Stage","processType":"UNIT_PROCESS","flowType":"PRODUCT_FLOW"},"exchange":{"@type":"Exchange","internalId":3}},{"provider":{"@type":"Process","@id":"6a11b890-87fc-47dc-871c-e98d563a4830","name":"SH2E DC/DC converter manufacturing","category":"SH2E Case Study/SH2E Production Stage/SH2E Power Train Manufacturing","processType":"UNIT_PROCESS","flowType":"PRODUCT_FLOW"},"flow":{"@type":"Flow","@id":"db6cedc8-1f82-4c82-9036-087feec579f5","name":"converter, for electric passenger car","category":"C:Manufacturing/29:Manufacture of motor vehicles, trailers and semi-trailers/293:Manufacture of parts and accessories for motor vehicles/2930:Manufacture of parts and accessories for motor vehicles","flowType":"PRODUCT_FLOW","refUnit":"kg"},"process":{"@type":"Process","@id":"ffc9b58c-7620-490b-bda7-6fde4e7761b0","name":"SH2E Power Train Manufacturing","category":"SH2E Case Study/SH2E Production Stage","processType":"UNIT_PROCESS","flowType":"PRODUCT_FLOW"},"exchange":{"@type":"Exchange","internalId":4}},{"provider":{"@type":"Process","@id":"77eaa6bc-f0b3-466a-861c-8fa5c3dbc563","name":"SH2E Balance of plant manufacturing","category":"SH2E Case Study/SH2E Production Stage/SH2E Power Train Manufacturing","processType":"UNIT_PROCESS","flowType":"PRODUCT_FLOW"},"flow":{"@type":"Flow","@id":"6e926b43-7093-48c4-9bc8-dc240eff909b","name":"Balance of plant","flowType":"PRODUCT_FLOW","refUnit":"Item(s)"},"process":{"@type":"Process","@id":"ffc9b58c-7620-490b-bda7-6fde4e7761b0","name":"SH2E Power Train Manufacturing","category":"SH2E Case Study/SH2E Production Stage","processType":"UNIT_PROCESS","flowType":"PRODUCT_FLOW"},"exchange":{"@type":"Exchange","internalId":2}},{"provider":{"@type":"Process","@id":"d13d3f12-e1fb-4e67-a9d5-4740af78e1a7","name":"SH2E Operational Stage","category":"SH2E Case Study/SH2E Operational Stage","processType":"UNIT_PROCESS","flowType":"PRODUCT_FLOW"},"flow":{"@type":"Flow","@id":"f8015f74-3542-4647-a641-9155982625e0","name":"SH2E Operational Stage","flowType":"PRODUCT_FLOW","refUnit":"Item(s)"},"process":{"@type":"Process","@id":"0fedd5a3-d675-4728-9995-c32407c689f1","name":"LCA of FCEV","category":"SH2E Case Study","processType":"UNIT_PROCESS","flowType":"PRODUCT_FLOW"},"exchange":{"@type":"Exchange","internalId":3}},{"provider":{"@type":"Process","@id":"c59b4e88-40a7-463e-9dd4-d3a9077e126f","name":"SH2E End of Life - Dismantling","category":"SH2E Case Study/SH2E End of Life","processType":"UNIT_PROCESS","flowType":"WASTE_FLOW"},"flow":{"@type":"Flow","@id":"3940c155-e8a8-4828-aea0-67b6d54ae2b7","name":"Vehicle dismantled to shredding process","flowType":"WASTE_FLOW","refUnit":"Item(s)"},"process":{"@type":"Process","@id":"a86dc3f9-b22f-407e-8742-0ca12f157627","name":"SH2E End of Life ","category":"SH2E Case Study/SH2E End of Life","processType":"UNIT_PROCESS","flowType":"WASTE_FLOW"},"exchange":{"@type":"Exchange","internalId":3}},{"provider":{"@type":"Process","@id":"dd4630e4-eeca-4224-9262-05d172cc8a81","name":"SHE2 Production Stage","category":"SH2E Case Study/SH2E Production Stage","processType":"UNIT_PROCESS","flowType":"PRODUCT_FLOW"},"flow":{"@type":"Flow","@id":"a7d811b6-de99-498c-92b2-f3902e2907b8","name":"SH2E Production Stage","flowType":"PRODUCT_FLOW","refUnit":"Item(s)"},"process":{"@type":"Process","@id":"0fedd5a3-d675-4728-9995-c32407c689f1","name":"LCA of FCEV","category":"SH2E Case Study","processType":"UNIT_PROCESS","flowType":"PRODUCT_FLOW"},"exchange":{"@type":"Exchange","internalId":2}},{"provider":{"@type":"Process","@id":"406d06a6-f882-4170-90bc-560314c90eea","name":"SH2E End of Life Shredding","category":"SH2E Case Study/SH2E End of Life","processType":"UNIT_PROCESS","flowType":"WASTE_FLOW"},"flow":{"@type":"Flow","@id":"70d25941-dd47-419a-a1cb-051f97568a81","name":"EoL Car Shredding","flowType":"WASTE_FLOW","refUnit":"Item(s)"},"process":{"@type":"Process","@id":"a86dc3f9-b22f-407e-8742-0ca12f157627","name":"SH2E End of Life ","category":"SH2E Case Study/SH2E End of Life","processType":"UNIT_PROCESS","flowType":"WASTE_FLOW"},"exchange":{"@type":"Exchange","internalId":4}},{"provider":{"@type":"Process","@id":"a86dc3f9-b22f-407e-8742-0ca12f157627","name":"SH2E End of Life ","category":"SH2E Case Study/SH2E End of Life","processType":"UNIT_PROCESS","flowType":"WASTE_FLOW"},"flow":{"@type":"Flow","@id":"a8613a70-4632-43aa-af52-68e6a974f911","name":"SH2E End of Life Overall","flowType":"WASTE_FLOW","refUnit":"Item(s)"},"process":{"@type":"Process","@id":"0fedd5a3-d675-4728-9995-c32407c689f1","name":"LCA of FCEV","category":"SH2E Case Study","processType":"UNIT_PROCESS","flowType":"PRODUCT_FLOW"},"exchange":{"@type":"Exchange","internalId":5}},{"provider":{"@type":"Process","@id":"8017f9be-43b3-46bd-88ae-b047163b849c","name":"SH2E End of Life - Depollution","category":"SH2E Case Study/SH2E End of Life","processType":"UNIT_PROCESS","flowType":"WASTE_FLOW"},"flow":{"@type":"Flow","@id":"7cf156a0-b402-411e-be7c-bbe389fccf0e","name":"Vehicle depolluted, to dismantling process","flowType":"WASTE_FLOW","refUnit":"Item(s)"},"process":{"@type":"Process","@id":"a86dc3f9-b22f-407e-8742-0ca12f157627","name":"SH2E End of Life ","category":"SH2E Case Study/SH2E End of Life","processType":"UNIT_PROCESS","flowType":"WASTE_FLOW"},"exchange":{"@type":"Exchange","internalId":2}}]}