{"@type":"Process","@id":"01749582-e1fd-4be2-a88e-84b7e3e99093","name":"Vehicle Production: Assembly","description":"","category":"Case 2: Hydrogen Use (Cradle-to-grave) for transportation (t.km)/Vehicle Production","version":"00.00.007","lastChange":"2023-08-21T07:43:33.298Z","processType":"UNIT_PROCESS","isInfrastructureProcess":false,"processDocumentation":{"isCopyrightProtected":false,"creationDate":"2023-08-16T14:58:41.607"},"lastInternalId":1,"parameters":[],"exchanges":[{"@type":"Exchange","isAvoidedProduct":false,"isInput":false,"amount":1.0,"internalId":1,"flow":{"@type":"Flow","@id":"ed0cf7d0-0b76-4429-928f-036e95fc8a9c","name":"Assembled Vehicle","flowType":"PRODUCT_FLOW","refUnit":"Item(s)"},"unit":{"@type":"Unit","@id":"6dabe201-aaac-4509-92f0-d00c26cb72ab","name":"Item(s)"},"flowProperty":{"@type":"FlowProperty","@id":"01846770-4cfe-4a25-8ad9-919d8d378345","name":"Number of items","category":"Technical flow properties","refUnit":"Item(s)"},"isQuantitativeReference":true}],"socialAspects":[],"allocationFactors":[]}