{"@type":"Process","@id":"be40dfa6-bb8f-41ec-833e-91726b086d20","name":"End-of-Life: Collection/Transportation","description":"","category":"Case 2: Hydrogen Use (Cradle-to-grave) for transportation (t.km)/Vehicle End-of-life Stage","version":"00.00.001","lastChange":"2023-08-18T14:25:53.737Z","processType":"UNIT_PROCESS","isInfrastructureProcess":false,"processDocumentation":{"isCopyrightProtected":false,"creationDate":"2023-08-16T16:56:47.008"},"lastInternalId":1,"parameters":[],"exchanges":[{"@type":"Exchange","isAvoidedProduct":false,"isInput":true,"amount":1.0,"internalId":1,"flow":{"@type":"Flow","@id":"e77ab53c-1ae7-4dd4-894e-9dfd112e5f9b","name":"End-of-Life: Collection/Transportation","flowType":"WASTE_FLOW","refUnit":"Item(s)"},"unit":{"@type":"Unit","@id":"6dabe201-aaac-4509-92f0-d00c26cb72ab","name":"Item(s)"},"flowProperty":{"@type":"FlowProperty","@id":"01846770-4cfe-4a25-8ad9-919d8d378345","name":"Number of items","category":"Technical flow properties","refUnit":"Item(s)"},"isQuantitativeReference":true}],"socialAspects":[],"allocationFactors":[]}