{"@type":"Flow","@id":"6bd1dcd1-57e0-49bb-84e9-7f2a2ad00054","name":"Manufacturing Stage: Transportation of Raw Materials","description":"","version":"00.00.001","lastChange":"2024-03-27T09:52:52.809Z","flowType":"PRODUCT_FLOW","isInfrastructureFlow":false,"flowProperties":[{"@type":"FlowPropertyFactor","isRefFlowProperty":true,"flowProperty":{"@type":"FlowProperty","@id":"01846770-4cfe-4a25-8ad9-919d8d378345","name":"Number of items","category":"Technical flow properties","refUnit":"Item(s)"},"conversionFactor":1.0}]}