{"@type":"ProductSystem","@id":"668bcc2b-a7b7-4464-9979-0aa640807bd4","name":"Hydrogen Production (Cradle-to-gate 4) with CCS (kg)","description":"First created: 2024-03-26T14:30:23\nLinking approach during creation: Prefer default providers; Preferred process type: System process","version":"00.00.000","lastChange":"2024-03-26T13:30:23.363Z","refProcess":{"@type":"Process","@id":"3ac1def6-8de8-471a-bc6b-64d6408cbd9f","name":"Hydrogen Production (Cradle-to-gate 4) with CCS (kg)","category":"Case 1: Hydrogen Production (Cradle-to-gate 4) with CCS (kg)","processType":"UNIT_PROCESS","flowType":"PRODUCT_FLOW"},"refExchange":{"@type":"Exchange","internalId":1,"flow":{"@type":"Flow","@id":"c2a6d8c7-06cf-484b-8f15-1accb2c321d3","name":"Hydrogen Produced","flowType":"PRODUCT_FLOW","refUnit":"kg"}},"targetFlowProperty":{"@type":"FlowProperty","@id":"93a60a56-a3c8-11da-a746-0800200b9a66","name":"Mass","category":"Technical flow properties","refUnit":"kg"},"targetUnit":{"@type":"Unit","@id":"20aadc24-a391-41cf-b340-3e4529f44bde","name":"kg"},"targetAmount":1.0,"processes":[{"@type":"Process","@id":"df788d98-3de7-4f1e-a4e9-78880560d518","name":"CCS: Transportation","category":"Case 1: Hydrogen Production (Cradle-to-gate 4) with CCS (kg)/Carbon capture and storage","processType":"UNIT_PROCESS","flowType":"PRODUCT_FLOW"},{"@type":"Process","@id":"13db1133-053e-4eef-8759-5237f56ef3d1","name":"Stage 3: Transportation","category":"Case 1: Hydrogen Production (Cradle-to-gate 4) with CCS (kg)/Stage 3: Hydrogen Purification","processType":"UNIT_PROCESS","flowType":"PRODUCT_FLOW"},{"@type":"Process","@id":"a55b457b-f1ad-41f0-aeaa-cbc77087e409","name":"Stage 4: Energy Consumption","category":"Case 1: Hydrogen Production (Cradle-to-gate 4) with CCS (kg)/Stage 4: Hydrogen Compression","processType":"UNIT_PROCESS","flowType":"PRODUCT_FLOW"},{"@type":"Process","@id":"02d67990-1e32-446b-9040-5952796f31b9","name":"CCS: Energy Consumption","category":"Case 1: Hydrogen Production (Cradle-to-gate 4) with CCS (kg)/Carbon capture and storage","processType":"UNIT_PROCESS","flowType":"PRODUCT_FLOW"},{"@type":"Process","@id":"cd399d16-a181-4a38-a425-c941e0568967","name":"Hydrogen Purification","category":"Case 1: Hydrogen Production (Cradle-to-gate 4) with CCS (kg)/Stage 3: Hydrogen Purification","processType":"UNIT_PROCESS","flowType":"PRODUCT_FLOW"},{"@type":"Process","@id":"b0907d92-e9c0-4435-9f45-0ee5417458a4","name":"Stage 2: Capital Goods","category":"Case 1: Hydrogen Production (Cradle-to-gate 4) with CCS (kg)/Stage 2: Hydrogen Production","processType":"UNIT_PROCESS","flowType":"PRODUCT_FLOW"},{"@type":"Process","@id":"519b95cb-5449-412b-8c7d-ce593370b59d","name":"CCS: Raw Materials","category":"Case 1: Hydrogen Production (Cradle-to-gate 4) with CCS (kg)/Carbon capture and storage","processType":"UNIT_PROCESS","flowType":"PRODUCT_FLOW"},{"@type":"Process","@id":"ee483e99-b352-4e44-9c17-c805eedbe0b8","name":"Stage 2: Energy Consumption","category":"Case 1: Hydrogen Production (Cradle-to-gate 4) with CCS (kg)/Stage 2: Hydrogen Production","processType":"UNIT_PROCESS","flowType":"PRODUCT_FLOW"},{"@type":"Process","@id":"14319d9a-9965-4b1d-aa61-4c992bc2666a","name":"Stage 3: Capital Goods","category":"Case 1: Hydrogen Production (Cradle-to-gate 4) with CCS (kg)/Stage 3: Hydrogen Purification","processType":"UNIT_PROCESS","flowType":"PRODUCT_FLOW"},{"@type":"Process","@id":"6a549cd2-4d5c-4843-8e85-81eb17b1297d","name":"Carbon capture and storage","category":"Case 1: Hydrogen Production (Cradle-to-gate 4) with CCS (kg)/Carbon capture and storage","processType":"UNIT_PROCESS","flowType":"PRODUCT_FLOW"},{"@type":"Process","@id":"002511a8-8f5c-4ef2-858a-323af542e09e","name":"Hydrogen Compression","category":"Case 1: Hydrogen Production (Cradle-to-gate 4) with CCS (kg)/Stage 4: Hydrogen Compression","processType":"UNIT_PROCESS","flowType":"PRODUCT_FLOW"},{"@type":"Process","@id":"c89a8c98-d088-4b95-a71e-9b4a57823b3a","name":"Stage 2: Transportation","category":"Case 1: Hydrogen Production (Cradle-to-gate 4) with CCS (kg)/Stage 2: Hydrogen Production","processType":"UNIT_PROCESS","flowType":"PRODUCT_FLOW"},{"@type":"Process","@id":"c1dc086f-2ed2-4955-9046-a586cf80398c","name":"Hydrogen Production","category":"Case 1: Hydrogen Production (Cradle-to-gate 4) with CCS (kg)/Stage 2: Hydrogen Production","processType":"UNIT_PROCESS","flowType":"PRODUCT_FLOW"},{"@type":"Process","@id":"01f5ae83-e0e7-4e16-966b-5497bd85ebd4","name":"Stage 4: Transportation","category":"Case 1: Hydrogen Production (Cradle-to-gate 4) with CCS (kg)/Stage 4: Hydrogen Compression","processType":"UNIT_PROCESS","flowType":"PRODUCT_FLOW"},{"@type":"Process","@id":"6694b830-b895-4b2b-b442-2adb7de77496","name":"Transport of Compressed H2","category":"Case 1: Hydrogen Production (Cradle-to-gate 4) with CCS (kg)/Stage 5: Transportation","processType":"UNIT_PROCESS","flowType":"PRODUCT_FLOW"},{"@type":"Process","@id":"44fd941c-ded7-41c2-8409-5ed5c7d93b35","name":"Stage 4: Raw Materials","category":"Case 1: Hydrogen Production (Cradle-to-gate 4) with CCS (kg)/Stage 4: Hydrogen Compression","processType":"UNIT_PROCESS","flowType":"PRODUCT_FLOW"},{"@type":"Process","@id":"eb5205e4-e521-4fce-b6c4-e1a54eac9213","name":"Stage 2: Raw Materials","category":"Case 1: Hydrogen Production (Cradle-to-gate 4) with CCS (kg)/Stage 2: Hydrogen Production","processType":"UNIT_PROCESS","flowType":"PRODUCT_FLOW"},{"@type":"Process","@id":"1f649d9a-67c6-4529-a615-e4cc48b31a50","name":"Stage 3: Raw Materials","category":"Case 1: Hydrogen Production (Cradle-to-gate 4) with CCS (kg)/Stage 3: Hydrogen Purification","processType":"UNIT_PROCESS","flowType":"PRODUCT_FLOW"},{"@type":"Process","@id":"980f10cc-f2e3-4a31-8423-a521b7b668df","name":"Stage 4: Capital Goods","category":"Case 1: Hydrogen Production (Cradle-to-gate 4) with CCS (kg)/Stage 4: Hydrogen Compression","processType":"UNIT_PROCESS","flowType":"PRODUCT_FLOW"},{"@type":"Process","@id":"3ac1def6-8de8-471a-bc6b-64d6408cbd9f","name":"Hydrogen Production (Cradle-to-gate 4) with CCS (kg)","category":"Case 1: Hydrogen Production (Cradle-to-gate 4) with CCS (kg)","processType":"UNIT_PROCESS","flowType":"PRODUCT_FLOW"},{"@type":"Process","@id":"16881b23-3b3d-43c8-bb3f-1a774ac68941","name":"CCS: Capital Goods","category":"Case 1: Hydrogen Production (Cradle-to-gate 4) with CCS (kg)/Carbon capture and storage","processType":"UNIT_PROCESS","flowType":"PRODUCT_FLOW"},{"@type":"Process","@id":"969c5ff7-941c-4a3e-b48f-93a92b318d74","name":"Stage 3: Energy Consumption","category":"Case 1: Hydrogen Production (Cradle-to-gate 4) with CCS (kg)/Stage 3: Hydrogen Purification","processType":"UNIT_PROCESS","flowType":"PRODUCT_FLOW"}],"processLinks":[{"provider":{"@type":"Process","@id":"eb5205e4-e521-4fce-b6c4-e1a54eac9213","name":"Stage 2: Raw Materials","category":"Case 1: Hydrogen Production (Cradle-to-gate 4) with CCS (kg)/Stage 2: Hydrogen Production","processType":"UNIT_PROCESS","flowType":"PRODUCT_FLOW"},"flow":{"@type":"Flow","@id":"364d87b5-99a3-4b87-b24a-1429225883da","name":"Stage 2: Raw Materials","flowType":"PRODUCT_FLOW","refUnit":"Item(s)"},"process":{"@type":"Process","@id":"c1dc086f-2ed2-4955-9046-a586cf80398c","name":"Hydrogen Production","category":"Case 1: Hydrogen Production (Cradle-to-gate 4) with CCS (kg)/Stage 2: Hydrogen Production","processType":"UNIT_PROCESS","flowType":"PRODUCT_FLOW"},"exchange":{"@type":"Exchange","internalId":8}},{"provider":{"@type":"Process","@id":"ee483e99-b352-4e44-9c17-c805eedbe0b8","name":"Stage 2: Energy Consumption","category":"Case 1: Hydrogen Production (Cradle-to-gate 4) with CCS (kg)/Stage 2: Hydrogen Production","processType":"UNIT_PROCESS","flowType":"PRODUCT_FLOW"},"flow":{"@type":"Flow","@id":"22d3c391-f73f-4e75-be86-210e2f094fd3","name":"Stage 2: Energy Consumption","flowType":"PRODUCT_FLOW","refUnit":"Item(s)"},"process":{"@type":"Process","@id":"c1dc086f-2ed2-4955-9046-a586cf80398c","name":"Hydrogen Production","category":"Case 1: Hydrogen Production (Cradle-to-gate 4) with CCS (kg)/Stage 2: Hydrogen Production","processType":"UNIT_PROCESS","flowType":"PRODUCT_FLOW"},"exchange":{"@type":"Exchange","internalId":7}},{"provider":{"@type":"Process","@id":"b0907d92-e9c0-4435-9f45-0ee5417458a4","name":"Stage 2: Capital Goods","category":"Case 1: Hydrogen Production (Cradle-to-gate 4) with CCS (kg)/Stage 2: Hydrogen Production","processType":"UNIT_PROCESS","flowType":"PRODUCT_FLOW"},"flow":{"@type":"Flow","@id":"eb136cd4-a7a5-473d-abdf-75d3ca1866f6","name":"Stage 2: Capital Goods","flowType":"PRODUCT_FLOW","refUnit":"Item(s)"},"process":{"@type":"Process","@id":"c1dc086f-2ed2-4955-9046-a586cf80398c","name":"Hydrogen Production","category":"Case 1: Hydrogen Production (Cradle-to-gate 4) with CCS (kg)/Stage 2: Hydrogen Production","processType":"UNIT_PROCESS","flowType":"PRODUCT_FLOW"},"exchange":{"@type":"Exchange","internalId":6}},{"provider":{"@type":"Process","@id":"c89a8c98-d088-4b95-a71e-9b4a57823b3a","name":"Stage 2: Transportation","category":"Case 1: Hydrogen Production (Cradle-to-gate 4) with CCS (kg)/Stage 2: Hydrogen Production","processType":"UNIT_PROCESS","flowType":"PRODUCT_FLOW"},"flow":{"@type":"Flow","@id":"54e0f1c1-8696-4a6e-93d3-d5460372c6fe","name":"Stage 2: Transportation","flowType":"PRODUCT_FLOW","refUnit":"Item(s)"},"process":{"@type":"Process","@id":"c1dc086f-2ed2-4955-9046-a586cf80398c","name":"Hydrogen Production","category":"Case 1: Hydrogen Production (Cradle-to-gate 4) with CCS (kg)/Stage 2: Hydrogen Production","processType":"UNIT_PROCESS","flowType":"PRODUCT_FLOW"},"exchange":{"@type":"Exchange","internalId":9}},{"provider":{"@type":"Process","@id":"6694b830-b895-4b2b-b442-2adb7de77496","name":"Transport of Compressed H2","category":"Case 1: Hydrogen Production (Cradle-to-gate 4) with CCS (kg)/Stage 5: Transportation","processType":"UNIT_PROCESS","flowType":"PRODUCT_FLOW"},"flow":{"@type":"Flow","@id":"195f4f2f-5d57-49cf-ab78-3dfc31f2d81b","name":"Transport of Compressed H2","flowType":"PRODUCT_FLOW","refUnit":"kg"},"process":{"@type":"Process","@id":"3ac1def6-8de8-471a-bc6b-64d6408cbd9f","name":"Hydrogen Production (Cradle-to-gate 4) with CCS (kg)","category":"Case 1: Hydrogen Production (Cradle-to-gate 4) with CCS (kg)","processType":"UNIT_PROCESS","flowType":"PRODUCT_FLOW"},"exchange":{"@type":"Exchange","internalId":13}},{"provider":{"@type":"Process","@id":"519b95cb-5449-412b-8c7d-ce593370b59d","name":"CCS: Raw Materials","category":"Case 1: Hydrogen Production (Cradle-to-gate 4) with CCS (kg)/Carbon capture and storage","processType":"UNIT_PROCESS","flowType":"PRODUCT_FLOW"},"flow":{"@type":"Flow","@id":"a480bd84-e195-4cba-8270-0f1cd3498dbe","name":"CCS: Raw Materials","flowType":"PRODUCT_FLOW","refUnit":"Item(s)"},"process":{"@type":"Process","@id":"6a549cd2-4d5c-4843-8e85-81eb17b1297d","name":"Carbon capture and storage","category":"Case 1: Hydrogen Production (Cradle-to-gate 4) with CCS (kg)/Carbon capture and storage","processType":"UNIT_PROCESS","flowType":"PRODUCT_FLOW"},"exchange":{"@type":"Exchange","internalId":8}},{"provider":{"@type":"Process","@id":"969c5ff7-941c-4a3e-b48f-93a92b318d74","name":"Stage 3: Energy Consumption","category":"Case 1: Hydrogen Production (Cradle-to-gate 4) with CCS (kg)/Stage 3: Hydrogen Purification","processType":"UNIT_PROCESS","flowType":"PRODUCT_FLOW"},"flow":{"@type":"Flow","@id":"c4f2aa43-1d3a-40fa-b829-ca5e1dc155ab","name":"Stage 3: Energy Consumption","flowType":"PRODUCT_FLOW","refUnit":"Item(s)"},"process":{"@type":"Process","@id":"cd399d16-a181-4a38-a425-c941e0568967","name":"Hydrogen Purification","category":"Case 1: Hydrogen Production (Cradle-to-gate 4) with CCS (kg)/Stage 3: Hydrogen Purification","processType":"UNIT_PROCESS","flowType":"PRODUCT_FLOW"},"exchange":{"@type":"Exchange","internalId":7}},{"provider":{"@type":"Process","@id":"a55b457b-f1ad-41f0-aeaa-cbc77087e409","name":"Stage 4: Energy Consumption","category":"Case 1: Hydrogen Production (Cradle-to-gate 4) with CCS (kg)/Stage 4: Hydrogen Compression","processType":"UNIT_PROCESS","flowType":"PRODUCT_FLOW"},"flow":{"@type":"Flow","@id":"8f178ca4-a2d3-4cb8-a70b-1ca27570c0d9","name":"Stage 4: Energy Consumption","flowType":"PRODUCT_FLOW","refUnit":"Item(s)"},"process":{"@type":"Process","@id":"002511a8-8f5c-4ef2-858a-323af542e09e","name":"Hydrogen Compression","category":"Case 1: Hydrogen Production (Cradle-to-gate 4) with CCS (kg)/Stage 4: Hydrogen Compression","processType":"UNIT_PROCESS","flowType":"PRODUCT_FLOW"},"exchange":{"@type":"Exchange","internalId":7}},{"provider":{"@type":"Process","@id":"6a549cd2-4d5c-4843-8e85-81eb17b1297d","name":"Carbon capture and storage","category":"Case 1: Hydrogen Production (Cradle-to-gate 4) with CCS (kg)/Carbon capture and storage","processType":"UNIT_PROCESS","flowType":"PRODUCT_FLOW"},"flow":{"@type":"Flow","@id":"1bd5e8e5-0f95-4372-b076-975454963e8c","name":"Carbon capture and storage","flowType":"PRODUCT_FLOW","refUnit":"kg"},"process":{"@type":"Process","@id":"3ac1def6-8de8-471a-bc6b-64d6408cbd9f","name":"Hydrogen Production (Cradle-to-gate 4) with CCS (kg)","category":"Case 1: Hydrogen Production (Cradle-to-gate 4) with CCS (kg)","processType":"UNIT_PROCESS","flowType":"PRODUCT_FLOW"},"exchange":{"@type":"Exchange","internalId":8}},{"provider":{"@type":"Process","@id":"df788d98-3de7-4f1e-a4e9-78880560d518","name":"CCS: Transportation","category":"Case 1: Hydrogen Production (Cradle-to-gate 4) with CCS (kg)/Carbon capture and storage","processType":"UNIT_PROCESS","flowType":"PRODUCT_FLOW"},"flow":{"@type":"Flow","@id":"c0ae6cec-04e2-410c-892e-52d5563cb4e9","name":"CCS: Transportation","flowType":"PRODUCT_FLOW","refUnit":"Item(s)"},"process":{"@type":"Process","@id":"6a549cd2-4d5c-4843-8e85-81eb17b1297d","name":"Carbon capture and storage","category":"Case 1: Hydrogen Production (Cradle-to-gate 4) with CCS (kg)/Carbon capture and storage","processType":"UNIT_PROCESS","flowType":"PRODUCT_FLOW"},"exchange":{"@type":"Exchange","internalId":9}},{"provider":{"@type":"Process","@id":"13db1133-053e-4eef-8759-5237f56ef3d1","name":"Stage 3: Transportation","category":"Case 1: Hydrogen Production (Cradle-to-gate 4) with CCS (kg)/Stage 3: Hydrogen Purification","processType":"UNIT_PROCESS","flowType":"PRODUCT_FLOW"},"flow":{"@type":"Flow","@id":"9016044c-0b7a-4f53-88b2-65b93ba7394e","name":"Stage 3: Transportation","flowType":"PRODUCT_FLOW","refUnit":"Item(s)"},"process":{"@type":"Process","@id":"cd399d16-a181-4a38-a425-c941e0568967","name":"Hydrogen Purification","category":"Case 1: Hydrogen Production (Cradle-to-gate 4) with CCS (kg)/Stage 3: Hydrogen Purification","processType":"UNIT_PROCESS","flowType":"PRODUCT_FLOW"},"exchange":{"@type":"Exchange","internalId":9}},{"provider":{"@type":"Process","@id":"980f10cc-f2e3-4a31-8423-a521b7b668df","name":"Stage 4: Capital Goods","category":"Case 1: Hydrogen Production (Cradle-to-gate 4) with CCS (kg)/Stage 4: Hydrogen Compression","processType":"UNIT_PROCESS","flowType":"PRODUCT_FLOW"},"flow":{"@type":"Flow","@id":"debc9e81-39a2-4cb8-bd4a-962ac0a48fe2","name":"Stage 4: Capital Goods","flowType":"PRODUCT_FLOW","refUnit":"Item(s)"},"process":{"@type":"Process","@id":"002511a8-8f5c-4ef2-858a-323af542e09e","name":"Hydrogen Compression","category":"Case 1: Hydrogen Production (Cradle-to-gate 4) with CCS (kg)/Stage 4: Hydrogen Compression","processType":"UNIT_PROCESS","flowType":"PRODUCT_FLOW"},"exchange":{"@type":"Exchange","internalId":6}},{"provider":{"@type":"Process","@id":"16881b23-3b3d-43c8-bb3f-1a774ac68941","name":"CCS: Capital Goods","category":"Case 1: Hydrogen Production (Cradle-to-gate 4) with CCS (kg)/Carbon capture and storage","processType":"UNIT_PROCESS","flowType":"PRODUCT_FLOW"},"flow":{"@type":"Flow","@id":"780f34b7-8c65-4224-b9e0-cff8a12a0072","name":"CCS: Capital Goods","flowType":"PRODUCT_FLOW","refUnit":"Item(s)"},"process":{"@type":"Process","@id":"6a549cd2-4d5c-4843-8e85-81eb17b1297d","name":"Carbon capture and storage","category":"Case 1: Hydrogen Production (Cradle-to-gate 4) with CCS (kg)/Carbon capture and storage","processType":"UNIT_PROCESS","flowType":"PRODUCT_FLOW"},"exchange":{"@type":"Exchange","internalId":6}},{"provider":{"@type":"Process","@id":"1f649d9a-67c6-4529-a615-e4cc48b31a50","name":"Stage 3: Raw Materials","category":"Case 1: Hydrogen Production (Cradle-to-gate 4) with CCS (kg)/Stage 3: Hydrogen Purification","processType":"UNIT_PROCESS","flowType":"PRODUCT_FLOW"},"flow":{"@type":"Flow","@id":"31d416e0-4fa1-4cf0-a139-ef4ccbba3351","name":"Stage 3: Raw Materials","flowType":"PRODUCT_FLOW","refUnit":"Item(s)"},"process":{"@type":"Process","@id":"cd399d16-a181-4a38-a425-c941e0568967","name":"Hydrogen Purification","category":"Case 1: Hydrogen Production (Cradle-to-gate 4) with CCS (kg)/Stage 3: Hydrogen Purification","processType":"UNIT_PROCESS","flowType":"PRODUCT_FLOW"},"exchange":{"@type":"Exchange","internalId":8}},{"provider":{"@type":"Process","@id":"44fd941c-ded7-41c2-8409-5ed5c7d93b35","name":"Stage 4: Raw Materials","category":"Case 1: Hydrogen Production (Cradle-to-gate 4) with CCS (kg)/Stage 4: Hydrogen Compression","processType":"UNIT_PROCESS","flowType":"PRODUCT_FLOW"},"flow":{"@type":"Flow","@id":"9d88774f-2ef7-4f35-9ab0-82560f51cd8f","name":"Stage 4: Raw Materials","flowType":"PRODUCT_FLOW","refUnit":"Item(s)"},"process":{"@type":"Process","@id":"002511a8-8f5c-4ef2-858a-323af542e09e","name":"Hydrogen Compression","category":"Case 1: Hydrogen Production (Cradle-to-gate 4) with CCS (kg)/Stage 4: Hydrogen Compression","processType":"UNIT_PROCESS","flowType":"PRODUCT_FLOW"},"exchange":{"@type":"Exchange","internalId":8}},{"provider":{"@type":"Process","@id":"002511a8-8f5c-4ef2-858a-323af542e09e","name":"Hydrogen Compression","category":"Case 1: Hydrogen Production (Cradle-to-gate 4) with CCS (kg)/Stage 4: Hydrogen Compression","processType":"UNIT_PROCESS","flowType":"PRODUCT_FLOW"},"flow":{"@type":"Flow","@id":"581291b9-1017-4cd6-80dc-48e6bb8a6152","name":"Hydrogen Compression","flowType":"PRODUCT_FLOW","refUnit":"kg"},"process":{"@type":"Process","@id":"3ac1def6-8de8-471a-bc6b-64d6408cbd9f","name":"Hydrogen Production (Cradle-to-gate 4) with CCS (kg)","category":"Case 1: Hydrogen Production (Cradle-to-gate 4) with CCS (kg)","processType":"UNIT_PROCESS","flowType":"PRODUCT_FLOW"},"exchange":{"@type":"Exchange","internalId":12}},{"provider":{"@type":"Process","@id":"c1dc086f-2ed2-4955-9046-a586cf80398c","name":"Hydrogen Production","category":"Case 1: Hydrogen Production (Cradle-to-gate 4) with CCS (kg)/Stage 2: Hydrogen Production","processType":"UNIT_PROCESS","flowType":"PRODUCT_FLOW"},"flow":{"@type":"Flow","@id":"3ba1157e-3bc9-4552-8623-d565e4594a8e","name":"Hydrogen Production","flowType":"PRODUCT_FLOW","refUnit":"kg"},"process":{"@type":"Process","@id":"3ac1def6-8de8-471a-bc6b-64d6408cbd9f","name":"Hydrogen Production (Cradle-to-gate 4) with CCS (kg)","category":"Case 1: Hydrogen Production (Cradle-to-gate 4) with CCS (kg)","processType":"UNIT_PROCESS","flowType":"PRODUCT_FLOW"},"exchange":{"@type":"Exchange","internalId":10}},{"provider":{"@type":"Process","@id":"02d67990-1e32-446b-9040-5952796f31b9","name":"CCS: Energy Consumption","category":"Case 1: Hydrogen Production (Cradle-to-gate 4) with CCS (kg)/Carbon capture and storage","processType":"UNIT_PROCESS","flowType":"PRODUCT_FLOW"},"flow":{"@type":"Flow","@id":"92f2350b-1764-43bb-adeb-179feb8c93c6","name":"CCS: Energy Consumption","flowType":"PRODUCT_FLOW","refUnit":"Item(s)"},"process":{"@type":"Process","@id":"6a549cd2-4d5c-4843-8e85-81eb17b1297d","name":"Carbon capture and storage","category":"Case 1: Hydrogen Production (Cradle-to-gate 4) with CCS (kg)/Carbon capture and storage","processType":"UNIT_PROCESS","flowType":"PRODUCT_FLOW"},"exchange":{"@type":"Exchange","internalId":7}},{"provider":{"@type":"Process","@id":"14319d9a-9965-4b1d-aa61-4c992bc2666a","name":"Stage 3: Capital Goods","category":"Case 1: Hydrogen Production (Cradle-to-gate 4) with CCS (kg)/Stage 3: Hydrogen Purification","processType":"UNIT_PROCESS","flowType":"PRODUCT_FLOW"},"flow":{"@type":"Flow","@id":"7510368d-3662-4d40-b937-36f998d84391","name":"Stage 3: Capital Goods","flowType":"PRODUCT_FLOW","refUnit":"Item(s)"},"process":{"@type":"Process","@id":"cd399d16-a181-4a38-a425-c941e0568967","name":"Hydrogen Purification","category":"Case 1: Hydrogen Production (Cradle-to-gate 4) with CCS (kg)/Stage 3: Hydrogen Purification","processType":"UNIT_PROCESS","flowType":"PRODUCT_FLOW"},"exchange":{"@type":"Exchange","internalId":6}},{"provider":{"@type":"Process","@id":"01f5ae83-e0e7-4e16-966b-5497bd85ebd4","name":"Stage 4: Transportation","category":"Case 1: Hydrogen Production (Cradle-to-gate 4) with CCS (kg)/Stage 4: Hydrogen Compression","processType":"UNIT_PROCESS","flowType":"PRODUCT_FLOW"},"flow":{"@type":"Flow","@id":"ef6ad59a-275b-4032-821b-a57de476667e","name":"Stage 4: Transportation","flowType":"PRODUCT_FLOW","refUnit":"Item(s)"},"process":{"@type":"Process","@id":"002511a8-8f5c-4ef2-858a-323af542e09e","name":"Hydrogen Compression","category":"Case 1: Hydrogen Production (Cradle-to-gate 4) with CCS (kg)/Stage 4: Hydrogen Compression","processType":"UNIT_PROCESS","flowType":"PRODUCT_FLOW"},"exchange":{"@type":"Exchange","internalId":9}},{"provider":{"@type":"Process","@id":"cd399d16-a181-4a38-a425-c941e0568967","name":"Hydrogen Purification","category":"Case 1: Hydrogen Production (Cradle-to-gate 4) with CCS (kg)/Stage 3: Hydrogen Purification","processType":"UNIT_PROCESS","flowType":"PRODUCT_FLOW"},"flow":{"@type":"Flow","@id":"21df2c2b-25d8-4984-9a31-01d2af511f1c","name":"Hydrogen Purification","flowType":"PRODUCT_FLOW","refUnit":"kg"},"process":{"@type":"Process","@id":"3ac1def6-8de8-471a-bc6b-64d6408cbd9f","name":"Hydrogen Production (Cradle-to-gate 4) with CCS (kg)","category":"Case 1: Hydrogen Production (Cradle-to-gate 4) with CCS (kg)","processType":"UNIT_PROCESS","flowType":"PRODUCT_FLOW"},"exchange":{"@type":"Exchange","internalId":11}}]}