{"@type":"Process","@id":"36cf8444-6853-415a-a928-ba6bdd963a6d","name":"P","version":"00.00.000","lastChange":"2023-06-26T09:16:41.954Z","processType":"UNIT_PROCESS","isInfrastructureProcess":false,"lastInternalId":2,"parameters":[],"exchanges":[{"@type":"Exchange","isAvoidedProduct":false,"isInput":false,"amount":1.0,"internalId":1,"flow":{"@type":"Flow","@id":"53975181-696a-44f4-8e81-4407e5d1e89f","name":"p","flowType":"PRODUCT_FLOW","refUnit":"kg"},"unit":{"@type":"Unit","@id":"b1a68772-6605-4188-8233-c1cd4388472f","name":"kg"},"flowProperty":{"@type":"FlowProperty","@id":"0a5ff18e-9df3-4bb4-a476-d388d59757a8","name":"Mass","refUnit":"kg"},"isQuantitativeReference":true},{"@type":"Exchange","isAvoidedProduct":false,"isInput":false,"amount":2.0,"internalId":2,"flow":{"@type":"Flow","@id":"a5d7aa3c-bab1-4751-af30-269f793c01d8","name":"e","flowType":"ELEMENTARY_FLOW","refUnit":"kg"},"unit":{"@type":"Unit","@id":"b1a68772-6605-4188-8233-c1cd4388472f","name":"kg"},"flowProperty":{"@type":"FlowProperty","@id":"0a5ff18e-9df3-4bb4-a476-d388d59757a8","name":"Mass","refUnit":"kg"}}],"socialAspects":[],"allocationFactors":[]}