{"@type":"ProductSystem","@id":"03572a94-2174-4e20-9ddd-e52fd6ecc3d6","name":"S","version":"00.00.000","lastChange":"2023-06-26T09:16:42.094Z","refProcess":{"@type":"Process","@id":"3023a138-6ce0-456e-be9e-e15130d86152","name":"Q","processType":"UNIT_PROCESS","flowType":"PRODUCT_FLOW"},"refExchange":{"@type":"Exchange","internalId":1,"flow":{"@type":"Flow","@id":"450f4c01-0854-43fa-8a2b-c8ceaf8557a6","name":"q","flowType":"PRODUCT_FLOW","refUnit":"kg"}},"targetFlowProperty":{"@type":"FlowProperty","@id":"0a5ff18e-9df3-4bb4-a476-d388d59757a8","name":"Mass","refUnit":"kg"},"targetUnit":{"@type":"Unit","@id":"b1a68772-6605-4188-8233-c1cd4388472f","name":"kg"},"targetAmount":1.0,"processes":[{"@type":"Process","@id":"3023a138-6ce0-456e-be9e-e15130d86152","name":"Q","processType":"UNIT_PROCESS","flowType":"PRODUCT_FLOW"},{"@type":"Process","@id":"36cf8444-6853-415a-a928-ba6bdd963a6d","name":"P","processType":"UNIT_PROCESS","flowType":"PRODUCT_FLOW"}],"processLinks":[{"provider":{"@type":"Process","@id":"36cf8444-6853-415a-a928-ba6bdd963a6d","name":"P","processType":"UNIT_PROCESS","flowType":"PRODUCT_FLOW"},"flow":{"@type":"Flow","@id":"53975181-696a-44f4-8e81-4407e5d1e89f","name":"p","flowType":"PRODUCT_FLOW","refUnit":"kg"},"process":{"@type":"Process","@id":"3023a138-6ce0-456e-be9e-e15130d86152","name":"Q","processType":"UNIT_PROCESS","flowType":"PRODUCT_FLOW"},"exchange":{"@type":"Exchange","internalId":2}}]}