{"@type":"ProductSystem","@id":"489033f1-a097-4d1b-b17d-cafe6604a2f1","name":"Hydrogen Production (Cradle-to-gate 3) (MJ)","description":"First created: 2024-03-26T17:12:25\nLinking approach during creation: Prefer default providers; Preferred process type: System process","version":"00.00.002","lastChange":"2024-03-26T16:14:08.673Z","refProcess":{"@type":"Process","@id":"c7b60afc-a398-4b32-8670-7e71a9b690a1","name":"Hydrogen Production (Cradle-to-gate 3) (MJ)","category":"Case 1: Hydrogen Production (Cradle-to-gate 3) (MJ)","processType":"UNIT_PROCESS","flowType":"PRODUCT_FLOW"},"refExchange":{"@type":"Exchange","internalId":1,"flow":{"@type":"Flow","@id":"5c9cf81b-0b31-439f-a247-2ab7002ec41b","name":"Hydrogen Production (Cradle-to-gate 3) (MJ)","flowType":"PRODUCT_FLOW","refUnit":"MJ"}},"targetFlowProperty":{"@type":"FlowProperty","@id":"f6811440-ee37-11de-8a39-0800200c9a66","name":"Energy","category":"Technical flow properties","refUnit":"MJ"},"targetUnit":{"@type":"Unit","@id":"52765a6c-3896-43c2-b2f4-c679acf13efe","name":"MJ"},"targetAmount":1.0,"processes":[{"@type":"Process","@id":"b0b0911b-16c4-4ed0-842a-19d1bd96534a","name":"Stage 4: Energy Consumption","category":"Case 1: Hydrogen Production (Cradle-to-gate 3) (MJ)/Stage 4: Hydrogen Compression","processType":"UNIT_PROCESS","flowType":"PRODUCT_FLOW"},{"@type":"Process","@id":"96c0c063-3d92-4e93-a1cd-a5d3edd6817b","name":"Stage 2: Capital Goods","category":"Case 1: Hydrogen Production (Cradle-to-gate 3) (MJ)/Stage 2: Hydrogen Production","processType":"UNIT_PROCESS","flowType":"PRODUCT_FLOW"},{"@type":"Process","@id":"5739f596-a733-41ed-99d6-17fde793ee50","name":"Hydrogen Production","category":"Case 1: Hydrogen Production (Cradle-to-gate 3) (MJ)/Stage 2: Hydrogen Production","processType":"UNIT_PROCESS","flowType":"PRODUCT_FLOW"},{"@type":"Process","@id":"2930eeec-f318-481e-a1d7-44465e122b9c","name":"Stage 2: Raw Materials","category":"Case 1: Hydrogen Production (Cradle-to-gate 3) (MJ)/Stage 2: Hydrogen Production","processType":"UNIT_PROCESS","flowType":"PRODUCT_FLOW"},{"@type":"Process","@id":"38828f6e-6f6b-4f3a-9aac-22116b150d55","name":"Stage 4: Capital Goods","category":"Case 1: Hydrogen Production (Cradle-to-gate 3) (MJ)/Stage 4: Hydrogen Compression","processType":"UNIT_PROCESS","flowType":"PRODUCT_FLOW"},{"@type":"Process","@id":"c7436091-d14c-439e-8a1f-0ba6ea14d1e2","name":"Stage 3: Energy Consumption","category":"Case 1: Hydrogen Production (Cradle-to-gate 3) (MJ)/Stage 3: Hydrogen Purification","processType":"UNIT_PROCESS","flowType":"PRODUCT_FLOW"},{"@type":"Process","@id":"3703cece-e529-4ea3-8b0b-fd148aebc4b0","name":"Stage 4: Raw Materials","category":"Case 1: Hydrogen Production (Cradle-to-gate 3) (MJ)/Stage 4: Hydrogen Compression","processType":"UNIT_PROCESS","flowType":"PRODUCT_FLOW"},{"@type":"Process","@id":"c79755d7-ed3a-4810-9008-e35c77d14f68","name":"Stage 2: Transportation","category":"Case 1: Hydrogen Production (Cradle-to-gate 3) (MJ)/Stage 2: Hydrogen Production","processType":"UNIT_PROCESS","flowType":"PRODUCT_FLOW"},{"@type":"Process","@id":"8e55ee43-164a-4581-b0f1-38b9338362b1","name":"Stage 3: Raw Materials","category":"Case 1: Hydrogen Production (Cradle-to-gate 3) (MJ)/Stage 3: Hydrogen Purification","processType":"UNIT_PROCESS","flowType":"PRODUCT_FLOW"},{"@type":"Process","@id":"41c58351-024e-445c-b56b-0772b4499302","name":"Stage 3: Capital Goods","category":"Case 1: Hydrogen Production (Cradle-to-gate 3) (MJ)/Stage 3: Hydrogen Purification","processType":"UNIT_PROCESS","flowType":"PRODUCT_FLOW"},{"@type":"Process","@id":"56b4ee05-9ffa-4f58-9791-30c31c5c16c9","name":"Stage 3: Transportation","category":"Case 1: Hydrogen Production (Cradle-to-gate 3) (MJ)/Stage 3: Hydrogen Purification","processType":"UNIT_PROCESS","flowType":"PRODUCT_FLOW"},{"@type":"Process","@id":"c7b60afc-a398-4b32-8670-7e71a9b690a1","name":"Hydrogen Production (Cradle-to-gate 3) (MJ)","category":"Case 1: Hydrogen Production (Cradle-to-gate 3) (MJ)","processType":"UNIT_PROCESS","flowType":"PRODUCT_FLOW"},{"@type":"Process","@id":"e871fefd-735f-46f4-b687-64dd867e8519","name":"Stage 4: Transportation","category":"Case 1: Hydrogen Production (Cradle-to-gate 3) (MJ)/Stage 4: Hydrogen Compression","processType":"UNIT_PROCESS","flowType":"PRODUCT_FLOW"},{"@type":"Process","@id":"03b5db8e-e0d4-4d52-a101-e39e93240d16","name":"Stage 2: Energy Consumption","category":"Case 1: Hydrogen Production (Cradle-to-gate 3) (MJ)/Stage 2: Hydrogen Production","processType":"UNIT_PROCESS","flowType":"PRODUCT_FLOW"},{"@type":"Process","@id":"693d7168-e8ed-4690-a523-21a82fc71425","name":"Hydrogen Compression","category":"Case 1: Hydrogen Production (Cradle-to-gate 3) (MJ)/Stage 4: Hydrogen Compression","processType":"UNIT_PROCESS","flowType":"PRODUCT_FLOW"},{"@type":"Process","@id":"c89ab487-a799-4424-95cc-1fc1e1cbf91f","name":"Hydrogen Purification","category":"Case 1: Hydrogen Production (Cradle-to-gate 3) (MJ)/Stage 3: Hydrogen Purification","processType":"UNIT_PROCESS","flowType":"PRODUCT_FLOW"}],"processLinks":[{"provider":{"@type":"Process","@id":"693d7168-e8ed-4690-a523-21a82fc71425","name":"Hydrogen Compression","category":"Case 1: Hydrogen Production (Cradle-to-gate 3) (MJ)/Stage 4: Hydrogen Compression","processType":"UNIT_PROCESS","flowType":"PRODUCT_FLOW"},"flow":{"@type":"Flow","@id":"581291b9-1017-4cd6-80dc-48e6bb8a6152","name":"Hydrogen Compression","flowType":"PRODUCT_FLOW","refUnit":"kg"},"process":{"@type":"Process","@id":"c7b60afc-a398-4b32-8670-7e71a9b690a1","name":"Hydrogen Production (Cradle-to-gate 3) (MJ)","category":"Case 1: Hydrogen Production (Cradle-to-gate 3) (MJ)","processType":"UNIT_PROCESS","flowType":"PRODUCT_FLOW"},"exchange":{"@type":"Exchange","internalId":9}},{"provider":{"@type":"Process","@id":"5739f596-a733-41ed-99d6-17fde793ee50","name":"Hydrogen Production","category":"Case 1: Hydrogen Production (Cradle-to-gate 3) (MJ)/Stage 2: Hydrogen Production","processType":"UNIT_PROCESS","flowType":"PRODUCT_FLOW"},"flow":{"@type":"Flow","@id":"3ba1157e-3bc9-4552-8623-d565e4594a8e","name":"Hydrogen Production","flowType":"PRODUCT_FLOW","refUnit":"kg"},"process":{"@type":"Process","@id":"c7b60afc-a398-4b32-8670-7e71a9b690a1","name":"Hydrogen Production (Cradle-to-gate 3) (MJ)","category":"Case 1: Hydrogen Production (Cradle-to-gate 3) (MJ)","processType":"UNIT_PROCESS","flowType":"PRODUCT_FLOW"},"exchange":{"@type":"Exchange","internalId":7}},{"provider":{"@type":"Process","@id":"c89ab487-a799-4424-95cc-1fc1e1cbf91f","name":"Hydrogen Purification","category":"Case 1: Hydrogen Production (Cradle-to-gate 3) (MJ)/Stage 3: Hydrogen Purification","processType":"UNIT_PROCESS","flowType":"PRODUCT_FLOW"},"flow":{"@type":"Flow","@id":"21df2c2b-25d8-4984-9a31-01d2af511f1c","name":"Hydrogen Purification","flowType":"PRODUCT_FLOW","refUnit":"kg"},"process":{"@type":"Process","@id":"c7b60afc-a398-4b32-8670-7e71a9b690a1","name":"Hydrogen Production (Cradle-to-gate 3) (MJ)","category":"Case 1: Hydrogen Production (Cradle-to-gate 3) (MJ)","processType":"UNIT_PROCESS","flowType":"PRODUCT_FLOW"},"exchange":{"@type":"Exchange","internalId":8}},{"provider":{"@type":"Process","@id":"e871fefd-735f-46f4-b687-64dd867e8519","name":"Stage 4: Transportation","category":"Case 1: Hydrogen Production (Cradle-to-gate 3) (MJ)/Stage 4: Hydrogen Compression","processType":"UNIT_PROCESS","flowType":"PRODUCT_FLOW"},"flow":{"@type":"Flow","@id":"ef6ad59a-275b-4032-821b-a57de476667e","name":"Stage 4: Transportation","flowType":"PRODUCT_FLOW","refUnit":"Item(s)"},"process":{"@type":"Process","@id":"693d7168-e8ed-4690-a523-21a82fc71425","name":"Hydrogen Compression","category":"Case 1: Hydrogen Production (Cradle-to-gate 3) (MJ)/Stage 4: Hydrogen Compression","processType":"UNIT_PROCESS","flowType":"PRODUCT_FLOW"},"exchange":{"@type":"Exchange","internalId":9}},{"provider":{"@type":"Process","@id":"38828f6e-6f6b-4f3a-9aac-22116b150d55","name":"Stage 4: Capital Goods","category":"Case 1: Hydrogen Production (Cradle-to-gate 3) (MJ)/Stage 4: Hydrogen Compression","processType":"UNIT_PROCESS","flowType":"PRODUCT_FLOW"},"flow":{"@type":"Flow","@id":"debc9e81-39a2-4cb8-bd4a-962ac0a48fe2","name":"Stage 4: Capital Goods","flowType":"PRODUCT_FLOW","refUnit":"Item(s)"},"process":{"@type":"Process","@id":"693d7168-e8ed-4690-a523-21a82fc71425","name":"Hydrogen Compression","category":"Case 1: Hydrogen Production (Cradle-to-gate 3) (MJ)/Stage 4: Hydrogen Compression","processType":"UNIT_PROCESS","flowType":"PRODUCT_FLOW"},"exchange":{"@type":"Exchange","internalId":6}},{"provider":{"@type":"Process","@id":"b0b0911b-16c4-4ed0-842a-19d1bd96534a","name":"Stage 4: Energy Consumption","category":"Case 1: Hydrogen Production (Cradle-to-gate 3) (MJ)/Stage 4: Hydrogen Compression","processType":"UNIT_PROCESS","flowType":"PRODUCT_FLOW"},"flow":{"@type":"Flow","@id":"8f178ca4-a2d3-4cb8-a70b-1ca27570c0d9","name":"Stage 4: Energy Consumption","flowType":"PRODUCT_FLOW","refUnit":"Item(s)"},"process":{"@type":"Process","@id":"693d7168-e8ed-4690-a523-21a82fc71425","name":"Hydrogen Compression","category":"Case 1: Hydrogen Production (Cradle-to-gate 3) (MJ)/Stage 4: Hydrogen Compression","processType":"UNIT_PROCESS","flowType":"PRODUCT_FLOW"},"exchange":{"@type":"Exchange","internalId":7}},{"provider":{"@type":"Process","@id":"3703cece-e529-4ea3-8b0b-fd148aebc4b0","name":"Stage 4: Raw Materials","category":"Case 1: Hydrogen Production (Cradle-to-gate 3) (MJ)/Stage 4: Hydrogen Compression","processType":"UNIT_PROCESS","flowType":"PRODUCT_FLOW"},"flow":{"@type":"Flow","@id":"9d88774f-2ef7-4f35-9ab0-82560f51cd8f","name":"Stage 4: Raw Materials","flowType":"PRODUCT_FLOW","refUnit":"Item(s)"},"process":{"@type":"Process","@id":"693d7168-e8ed-4690-a523-21a82fc71425","name":"Hydrogen Compression","category":"Case 1: Hydrogen Production (Cradle-to-gate 3) (MJ)/Stage 4: Hydrogen Compression","processType":"UNIT_PROCESS","flowType":"PRODUCT_FLOW"},"exchange":{"@type":"Exchange","internalId":8}},{"provider":{"@type":"Process","@id":"c79755d7-ed3a-4810-9008-e35c77d14f68","name":"Stage 2: Transportation","category":"Case 1: Hydrogen Production (Cradle-to-gate 3) (MJ)/Stage 2: Hydrogen Production","processType":"UNIT_PROCESS","flowType":"PRODUCT_FLOW"},"flow":{"@type":"Flow","@id":"54e0f1c1-8696-4a6e-93d3-d5460372c6fe","name":"Stage 2: Transportation","flowType":"PRODUCT_FLOW","refUnit":"Item(s)"},"process":{"@type":"Process","@id":"5739f596-a733-41ed-99d6-17fde793ee50","name":"Hydrogen Production","category":"Case 1: Hydrogen Production (Cradle-to-gate 3) (MJ)/Stage 2: Hydrogen Production","processType":"UNIT_PROCESS","flowType":"PRODUCT_FLOW"},"exchange":{"@type":"Exchange","internalId":9}},{"provider":{"@type":"Process","@id":"2930eeec-f318-481e-a1d7-44465e122b9c","name":"Stage 2: Raw Materials","category":"Case 1: Hydrogen Production (Cradle-to-gate 3) (MJ)/Stage 2: Hydrogen Production","processType":"UNIT_PROCESS","flowType":"PRODUCT_FLOW"},"flow":{"@type":"Flow","@id":"364d87b5-99a3-4b87-b24a-1429225883da","name":"Stage 2: Raw Materials","flowType":"PRODUCT_FLOW","refUnit":"Item(s)"},"process":{"@type":"Process","@id":"5739f596-a733-41ed-99d6-17fde793ee50","name":"Hydrogen Production","category":"Case 1: Hydrogen Production (Cradle-to-gate 3) (MJ)/Stage 2: Hydrogen Production","processType":"UNIT_PROCESS","flowType":"PRODUCT_FLOW"},"exchange":{"@type":"Exchange","internalId":8}},{"provider":{"@type":"Process","@id":"03b5db8e-e0d4-4d52-a101-e39e93240d16","name":"Stage 2: Energy Consumption","category":"Case 1: Hydrogen Production (Cradle-to-gate 3) (MJ)/Stage 2: Hydrogen Production","processType":"UNIT_PROCESS","flowType":"PRODUCT_FLOW"},"flow":{"@type":"Flow","@id":"22d3c391-f73f-4e75-be86-210e2f094fd3","name":"Stage 2: Energy Consumption","flowType":"PRODUCT_FLOW","refUnit":"Item(s)"},"process":{"@type":"Process","@id":"5739f596-a733-41ed-99d6-17fde793ee50","name":"Hydrogen Production","category":"Case 1: Hydrogen Production (Cradle-to-gate 3) (MJ)/Stage 2: Hydrogen Production","processType":"UNIT_PROCESS","flowType":"PRODUCT_FLOW"},"exchange":{"@type":"Exchange","internalId":7}},{"provider":{"@type":"Process","@id":"96c0c063-3d92-4e93-a1cd-a5d3edd6817b","name":"Stage 2: Capital Goods","category":"Case 1: Hydrogen Production (Cradle-to-gate 3) (MJ)/Stage 2: Hydrogen Production","processType":"UNIT_PROCESS","flowType":"PRODUCT_FLOW"},"flow":{"@type":"Flow","@id":"eb136cd4-a7a5-473d-abdf-75d3ca1866f6","name":"Stage 2: Capital Goods","flowType":"PRODUCT_FLOW","refUnit":"Item(s)"},"process":{"@type":"Process","@id":"5739f596-a733-41ed-99d6-17fde793ee50","name":"Hydrogen Production","category":"Case 1: Hydrogen Production (Cradle-to-gate 3) (MJ)/Stage 2: Hydrogen Production","processType":"UNIT_PROCESS","flowType":"PRODUCT_FLOW"},"exchange":{"@type":"Exchange","internalId":6}},{"provider":{"@type":"Process","@id":"41c58351-024e-445c-b56b-0772b4499302","name":"Stage 3: Capital Goods","category":"Case 1: Hydrogen Production (Cradle-to-gate 3) (MJ)/Stage 3: Hydrogen Purification","processType":"UNIT_PROCESS","flowType":"PRODUCT_FLOW"},"flow":{"@type":"Flow","@id":"7510368d-3662-4d40-b937-36f998d84391","name":"Stage 3: Capital Goods","flowType":"PRODUCT_FLOW","refUnit":"Item(s)"},"process":{"@type":"Process","@id":"c89ab487-a799-4424-95cc-1fc1e1cbf91f","name":"Hydrogen Purification","category":"Case 1: Hydrogen Production (Cradle-to-gate 3) (MJ)/Stage 3: Hydrogen Purification","processType":"UNIT_PROCESS","flowType":"PRODUCT_FLOW"},"exchange":{"@type":"Exchange","internalId":6}},{"provider":{"@type":"Process","@id":"8e55ee43-164a-4581-b0f1-38b9338362b1","name":"Stage 3: Raw Materials","category":"Case 1: Hydrogen Production (Cradle-to-gate 3) (MJ)/Stage 3: Hydrogen Purification","processType":"UNIT_PROCESS","flowType":"PRODUCT_FLOW"},"flow":{"@type":"Flow","@id":"31d416e0-4fa1-4cf0-a139-ef4ccbba3351","name":"Stage 3: Raw Materials","flowType":"PRODUCT_FLOW","refUnit":"Item(s)"},"process":{"@type":"Process","@id":"c89ab487-a799-4424-95cc-1fc1e1cbf91f","name":"Hydrogen Purification","category":"Case 1: Hydrogen Production (Cradle-to-gate 3) (MJ)/Stage 3: Hydrogen Purification","processType":"UNIT_PROCESS","flowType":"PRODUCT_FLOW"},"exchange":{"@type":"Exchange","internalId":8}},{"provider":{"@type":"Process","@id":"56b4ee05-9ffa-4f58-9791-30c31c5c16c9","name":"Stage 3: Transportation","category":"Case 1: Hydrogen Production (Cradle-to-gate 3) (MJ)/Stage 3: Hydrogen Purification","processType":"UNIT_PROCESS","flowType":"PRODUCT_FLOW"},"flow":{"@type":"Flow","@id":"9016044c-0b7a-4f53-88b2-65b93ba7394e","name":"Stage 3: Transportation","flowType":"PRODUCT_FLOW","refUnit":"Item(s)"},"process":{"@type":"Process","@id":"c89ab487-a799-4424-95cc-1fc1e1cbf91f","name":"Hydrogen Purification","category":"Case 1: Hydrogen Production (Cradle-to-gate 3) (MJ)/Stage 3: Hydrogen Purification","processType":"UNIT_PROCESS","flowType":"PRODUCT_FLOW"},"exchange":{"@type":"Exchange","internalId":9}},{"provider":{"@type":"Process","@id":"c7436091-d14c-439e-8a1f-0ba6ea14d1e2","name":"Stage 3: Energy Consumption","category":"Case 1: Hydrogen Production (Cradle-to-gate 3) (MJ)/Stage 3: Hydrogen Purification","processType":"UNIT_PROCESS","flowType":"PRODUCT_FLOW"},"flow":{"@type":"Flow","@id":"c4f2aa43-1d3a-40fa-b829-ca5e1dc155ab","name":"Stage 3: Energy Consumption","flowType":"PRODUCT_FLOW","refUnit":"Item(s)"},"process":{"@type":"Process","@id":"c89ab487-a799-4424-95cc-1fc1e1cbf91f","name":"Hydrogen Purification","category":"Case 1: Hydrogen Production (Cradle-to-gate 3) (MJ)/Stage 3: Hydrogen Purification","processType":"UNIT_PROCESS","flowType":"PRODUCT_FLOW"},"exchange":{"@type":"Exchange","internalId":7}}]}