{"@type":"ProductSystem","@id":"eb2b780d-2051-416d-94b5-c3e15db22ced","name":"Hydrogen Use (Cradle-to-grave) for transportation","description":"First created: 2023-10-05T11:23:06\nLinking approach during creation: Prefer default providers; Preferred process type: System process","version":"00.00.000","lastChange":"2023-10-05T09:23:06.542Z","refProcess":{"@type":"Process","@id":"0f91f42a-ef06-4200-90e2-0069073e325a","name":"Hydrogen Use (Cradle-to-grave) for transportation","category":"Case 2: Hydrogen Use (Cradle-to-grave) for transportation (t.km)","processType":"UNIT_PROCESS","flowType":"PRODUCT_FLOW"},"refExchange":{"@type":"Exchange","internalId":1,"flow":{"@type":"Flow","@id":"6f2fb7db-1e52-4fcd-98e7-5dcd9dcbf0dd","name":"Distance Travelled","flowType":"PRODUCT_FLOW","refUnit":"t*km"}},"targetFlowProperty":{"@type":"FlowProperty","@id":"838aaa20-0117-11db-92e3-0800200c9a66","name":"Goods transport (mass*distance)","category":"Technical flow properties","refUnit":"t*km"},"targetUnit":{"@type":"Unit","@id":"0dea4ed8-bb6b-4049-b2b4-b2c413ef2180","name":"t*km"},"targetAmount":1.0,"processes":[{"@type":"Process","@id":"530ffef9-0bb3-4a7a-b2b6-1a2cd3bc886b","name":"End-of-Life: Disassembly","category":"Case 2: Hydrogen Use (Cradle-to-grave) for transportation (t.km)/Vehicle End-of-life Stage","processType":"UNIT_PROCESS","flowType":"WASTE_FLOW"},{"@type":"Process","@id":"01749582-e1fd-4be2-a88e-84b7e3e99093","name":"Vehicle Production: Assembly","category":"Case 2: Hydrogen Use (Cradle-to-grave) for transportation (t.km)/Vehicle Production","processType":"UNIT_PROCESS","flowType":"PRODUCT_FLOW"},{"@type":"Process","@id":"41de3765-1879-4191-835b-b0aef7c37068","name":"Vehicle End-of-life","category":"Case 2: Hydrogen Use (Cradle-to-grave) for transportation (t.km)/Vehicle End-of-life Stage","processType":"UNIT_PROCESS","flowType":"WASTE_FLOW"},{"@type":"Process","@id":"c02e599d-f01a-4b1a-b98a-808faa3fc914","name":"End-of-Life: Sorting/Seperation","category":"Case 2: Hydrogen Use (Cradle-to-grave) for transportation (t.km)/Vehicle End-of-life Stage","processType":"UNIT_PROCESS","flowType":"WASTE_FLOW"},{"@type":"Process","@id":"f98bdddf-fdfd-458d-ab7a-a1a348cfce30","name":"Use/Maintenance","category":"Case 2: Hydrogen Use (Cradle-to-grave) for transportation (t.km)/Vehicle Use Stage","processType":"UNIT_PROCESS","flowType":"PRODUCT_FLOW"},{"@type":"Process","@id":"e566f12b-b341-4bb5-87c9-0ea9dfbc5bbe","name":"Vehicle Production: Powertrain","category":"Case 2: Hydrogen Use (Cradle-to-grave) for transportation (t.km)/Vehicle Production","processType":"UNIT_PROCESS","flowType":"PRODUCT_FLOW"},{"@type":"Process","@id":"be40dfa6-bb8f-41ec-833e-91726b086d20","name":"End-of-Life: Collection/Transportation","category":"Case 2: Hydrogen Use (Cradle-to-grave) for transportation (t.km)/Vehicle End-of-life Stage","processType":"UNIT_PROCESS","flowType":"WASTE_FLOW"},{"@type":"Process","@id":"9669b2ad-2a6a-4a1e-afc2-82ad60c3b0b3","name":"Vehicle Production: Capital Goods","category":"Case 2: Hydrogen Use (Cradle-to-grave) for transportation (t.km)/Vehicle Production","processType":"UNIT_PROCESS","flowType":"PRODUCT_FLOW"},{"@type":"Process","@id":"0f91f42a-ef06-4200-90e2-0069073e325a","name":"Hydrogen Use (Cradle-to-grave) for transportation","category":"Case 2: Hydrogen Use (Cradle-to-grave) for transportation (t.km)","processType":"UNIT_PROCESS","flowType":"PRODUCT_FLOW"},{"@type":"Process","@id":"7c2cc70e-6dba-4d30-abf1-2e80118a88bd","name":"Vehicle Production: Hydrogen Tank","category":"Case 2: Hydrogen Use (Cradle-to-grave) for transportation (t.km)/Vehicle Production","processType":"UNIT_PROCESS","flowType":"PRODUCT_FLOW"},{"@type":"Process","@id":"13027b9c-77b3-49b7-99ea-749d6515a413","name":"End-of-Life: Final Treatment","category":"Case 2: Hydrogen Use (Cradle-to-grave) for transportation (t.km)/Vehicle End-of-life Stage","processType":"UNIT_PROCESS","flowType":"WASTE_FLOW"},{"@type":"Process","@id":"fe24c8fa-6689-475f-9734-e8f2eee1cc8e","name":"Vehicle Production: Glider","category":"Case 2: Hydrogen Use (Cradle-to-grave) for transportation (t.km)/Vehicle Production","processType":"UNIT_PROCESS","flowType":"PRODUCT_FLOW"},{"@type":"Process","@id":"bf4b666c-6c0d-42a1-b83a-12c112ada804","name":"Vehicle Production","category":"Case 2: Hydrogen Use (Cradle-to-grave) for transportation (t.km)/Vehicle Production","processType":"UNIT_PROCESS","flowType":"PRODUCT_FLOW"}],"processLinks":[{"provider":{"@type":"Process","@id":"41de3765-1879-4191-835b-b0aef7c37068","name":"Vehicle End-of-life","category":"Case 2: Hydrogen Use (Cradle-to-grave) for transportation (t.km)/Vehicle End-of-life Stage","processType":"UNIT_PROCESS","flowType":"WASTE_FLOW"},"flow":{"@type":"Flow","@id":"4cba3f15-f0b3-4c5a-9791-32a6228a8668","name":"Vehicle End-of-life","flowType":"WASTE_FLOW","refUnit":"Item(s)"},"process":{"@type":"Process","@id":"0f91f42a-ef06-4200-90e2-0069073e325a","name":"Hydrogen Use (Cradle-to-grave) for transportation","category":"Case 2: Hydrogen Use (Cradle-to-grave) for transportation (t.km)","processType":"UNIT_PROCESS","flowType":"PRODUCT_FLOW"},"exchange":{"@type":"Exchange","internalId":8}},{"provider":{"@type":"Process","@id":"01749582-e1fd-4be2-a88e-84b7e3e99093","name":"Vehicle Production: Assembly","category":"Case 2: Hydrogen Use (Cradle-to-grave) for transportation (t.km)/Vehicle Production","processType":"UNIT_PROCESS","flowType":"PRODUCT_FLOW"},"flow":{"@type":"Flow","@id":"ed0cf7d0-0b76-4429-928f-036e95fc8a9c","name":"Assembled Vehicle","flowType":"PRODUCT_FLOW","refUnit":"Item(s)"},"process":{"@type":"Process","@id":"bf4b666c-6c0d-42a1-b83a-12c112ada804","name":"Vehicle Production","category":"Case 2: Hydrogen Use (Cradle-to-grave) for transportation (t.km)/Vehicle Production","processType":"UNIT_PROCESS","flowType":"PRODUCT_FLOW"},"exchange":{"@type":"Exchange","internalId":8}},{"provider":{"@type":"Process","@id":"9669b2ad-2a6a-4a1e-afc2-82ad60c3b0b3","name":"Vehicle Production: Capital Goods","category":"Case 2: Hydrogen Use (Cradle-to-grave) for transportation (t.km)/Vehicle Production","processType":"UNIT_PROCESS","flowType":"PRODUCT_FLOW"},"flow":{"@type":"Flow","@id":"7ba90ac8-2a41-4d5f-9ef0-0ca457ea8dec","name":"Vehicle Production: Capital Goods","flowType":"PRODUCT_FLOW","refUnit":"Item(s)"},"process":{"@type":"Process","@id":"bf4b666c-6c0d-42a1-b83a-12c112ada804","name":"Vehicle Production","category":"Case 2: Hydrogen Use (Cradle-to-grave) for transportation (t.km)/Vehicle Production","processType":"UNIT_PROCESS","flowType":"PRODUCT_FLOW"},"exchange":{"@type":"Exchange","internalId":9}},{"provider":{"@type":"Process","@id":"fe24c8fa-6689-475f-9734-e8f2eee1cc8e","name":"Vehicle Production: Glider","category":"Case 2: Hydrogen Use (Cradle-to-grave) for transportation (t.km)/Vehicle Production","processType":"UNIT_PROCESS","flowType":"PRODUCT_FLOW"},"flow":{"@type":"Flow","@id":"b038e676-22f6-464c-8a49-4f2e05ae1fc4","name":"Vehicle Production: Glider","flowType":"PRODUCT_FLOW","refUnit":"Item(s)"},"process":{"@type":"Process","@id":"bf4b666c-6c0d-42a1-b83a-12c112ada804","name":"Vehicle Production","category":"Case 2: Hydrogen Use (Cradle-to-grave) for transportation (t.km)/Vehicle Production","processType":"UNIT_PROCESS","flowType":"PRODUCT_FLOW"},"exchange":{"@type":"Exchange","internalId":10}},{"provider":{"@type":"Process","@id":"7c2cc70e-6dba-4d30-abf1-2e80118a88bd","name":"Vehicle Production: Hydrogen Tank","category":"Case 2: Hydrogen Use (Cradle-to-grave) for transportation (t.km)/Vehicle Production","processType":"UNIT_PROCESS","flowType":"PRODUCT_FLOW"},"flow":{"@type":"Flow","@id":"fc12d454-3028-45bf-ab37-c3f3c179684b","name":"Vehicle Production: Hydrogen Tank","flowType":"PRODUCT_FLOW","refUnit":"Item(s)"},"process":{"@type":"Process","@id":"bf4b666c-6c0d-42a1-b83a-12c112ada804","name":"Vehicle Production","category":"Case 2: Hydrogen Use (Cradle-to-grave) for transportation (t.km)/Vehicle Production","processType":"UNIT_PROCESS","flowType":"PRODUCT_FLOW"},"exchange":{"@type":"Exchange","internalId":11}},{"provider":{"@type":"Process","@id":"e566f12b-b341-4bb5-87c9-0ea9dfbc5bbe","name":"Vehicle Production: Powertrain","category":"Case 2: Hydrogen Use (Cradle-to-grave) for transportation (t.km)/Vehicle Production","processType":"UNIT_PROCESS","flowType":"PRODUCT_FLOW"},"flow":{"@type":"Flow","@id":"b74711d4-796a-499a-9ba3-ef643b80a31f","name":"Vehicle Manufacturing: Raw Materials","flowType":"PRODUCT_FLOW","refUnit":"Item(s)"},"process":{"@type":"Process","@id":"bf4b666c-6c0d-42a1-b83a-12c112ada804","name":"Vehicle Production","category":"Case 2: Hydrogen Use (Cradle-to-grave) for transportation (t.km)/Vehicle Production","processType":"UNIT_PROCESS","flowType":"PRODUCT_FLOW"},"exchange":{"@type":"Exchange","internalId":12}},{"provider":{"@type":"Process","@id":"be40dfa6-bb8f-41ec-833e-91726b086d20","name":"End-of-Life: Collection/Transportation","category":"Case 2: Hydrogen Use (Cradle-to-grave) for transportation (t.km)/Vehicle End-of-life Stage","processType":"UNIT_PROCESS","flowType":"WASTE_FLOW"},"flow":{"@type":"Flow","@id":"e77ab53c-1ae7-4dd4-894e-9dfd112e5f9b","name":"End-of-Life: Collection/Transportation","flowType":"WASTE_FLOW","refUnit":"Item(s)"},"process":{"@type":"Process","@id":"41de3765-1879-4191-835b-b0aef7c37068","name":"Vehicle End-of-life","category":"Case 2: Hydrogen Use (Cradle-to-grave) for transportation (t.km)/Vehicle End-of-life Stage","processType":"UNIT_PROCESS","flowType":"WASTE_FLOW"},"exchange":{"@type":"Exchange","internalId":9}},{"provider":{"@type":"Process","@id":"530ffef9-0bb3-4a7a-b2b6-1a2cd3bc886b","name":"End-of-Life: Disassembly","category":"Case 2: Hydrogen Use (Cradle-to-grave) for transportation (t.km)/Vehicle End-of-life Stage","processType":"UNIT_PROCESS","flowType":"WASTE_FLOW"},"flow":{"@type":"Flow","@id":"7146f505-2281-49ac-b1e4-710ada370094","name":"End-of-Life: Disassembly","flowType":"WASTE_FLOW","refUnit":"Item(s)"},"process":{"@type":"Process","@id":"41de3765-1879-4191-835b-b0aef7c37068","name":"Vehicle End-of-life","category":"Case 2: Hydrogen Use (Cradle-to-grave) for transportation (t.km)/Vehicle End-of-life Stage","processType":"UNIT_PROCESS","flowType":"WASTE_FLOW"},"exchange":{"@type":"Exchange","internalId":10}},{"provider":{"@type":"Process","@id":"13027b9c-77b3-49b7-99ea-749d6515a413","name":"End-of-Life: Final Treatment","category":"Case 2: Hydrogen Use (Cradle-to-grave) for transportation (t.km)/Vehicle End-of-life Stage","processType":"UNIT_PROCESS","flowType":"WASTE_FLOW"},"flow":{"@type":"Flow","@id":"7af7fd1d-8841-49a3-a83a-c5ce77c97f53","name":"End-of-Life: Final Treatment","flowType":"WASTE_FLOW","refUnit":"Item(s)"},"process":{"@type":"Process","@id":"41de3765-1879-4191-835b-b0aef7c37068","name":"Vehicle End-of-life","category":"Case 2: Hydrogen Use (Cradle-to-grave) for transportation (t.km)/Vehicle End-of-life Stage","processType":"UNIT_PROCESS","flowType":"WASTE_FLOW"},"exchange":{"@type":"Exchange","internalId":11}},{"provider":{"@type":"Process","@id":"c02e599d-f01a-4b1a-b98a-808faa3fc914","name":"End-of-Life: Sorting/Seperation","category":"Case 2: Hydrogen Use (Cradle-to-grave) for transportation (t.km)/Vehicle End-of-life Stage","processType":"UNIT_PROCESS","flowType":"WASTE_FLOW"},"flow":{"@type":"Flow","@id":"ce6dfe98-e577-4313-bf22-5ed7e9163185","name":"End-of-Life: Sorting/Seperation","flowType":"WASTE_FLOW","refUnit":"Item(s)"},"process":{"@type":"Process","@id":"41de3765-1879-4191-835b-b0aef7c37068","name":"Vehicle End-of-life","category":"Case 2: Hydrogen Use (Cradle-to-grave) for transportation (t.km)/Vehicle End-of-life Stage","processType":"UNIT_PROCESS","flowType":"WASTE_FLOW"},"exchange":{"@type":"Exchange","internalId":12}},{"provider":{"@type":"Process","@id":"bf4b666c-6c0d-42a1-b83a-12c112ada804","name":"Vehicle Production","category":"Case 2: Hydrogen Use (Cradle-to-grave) for transportation (t.km)/Vehicle Production","processType":"UNIT_PROCESS","flowType":"PRODUCT_FLOW"},"flow":{"@type":"Flow","@id":"052b6e2f-0d3b-4633-8f14-c37888a18937","name":"Vehicle Production","flowType":"PRODUCT_FLOW","refUnit":"Item(s)"},"process":{"@type":"Process","@id":"0f91f42a-ef06-4200-90e2-0069073e325a","name":"Hydrogen Use (Cradle-to-grave) for transportation","category":"Case 2: Hydrogen Use (Cradle-to-grave) for transportation (t.km)","processType":"UNIT_PROCESS","flowType":"PRODUCT_FLOW"},"exchange":{"@type":"Exchange","internalId":6}},{"provider":{"@type":"Process","@id":"f98bdddf-fdfd-458d-ab7a-a1a348cfce30","name":"Use/Maintenance","category":"Case 2: Hydrogen Use (Cradle-to-grave) for transportation (t.km)/Vehicle Use Stage","processType":"UNIT_PROCESS","flowType":"PRODUCT_FLOW"},"flow":{"@type":"Flow","@id":"554c6b4f-5693-4b8a-9c29-18f8d598454e","name":"Use/Maintenance ","flowType":"PRODUCT_FLOW","refUnit":"Item(s)"},"process":{"@type":"Process","@id":"0f91f42a-ef06-4200-90e2-0069073e325a","name":"Hydrogen Use (Cradle-to-grave) for transportation","category":"Case 2: Hydrogen Use (Cradle-to-grave) for transportation (t.km)","processType":"UNIT_PROCESS","flowType":"PRODUCT_FLOW"},"exchange":{"@type":"Exchange","internalId":7}}]}