{"@type":"Process","@id":"2f0fd3b9-a0ea-4e97-afe9-fe95731e836c","name":"Stage 1: Capital Goods ","description":"","category":"Case 1: Hydrogen Production (Cradle-to-gate 4) (MJ)/Stage 1: Mining \u0026 Preparation","version":"00.00.012","lastChange":"2023-08-11T15:33:43.330Z","processType":"UNIT_PROCESS","isInfrastructureProcess":true,"processDocumentation":{"isCopyrightProtected":false,"creationDate":"2023-08-09T12:17:59.745"},"lastInternalId":1,"parameters":[],"exchanges":[{"@type":"Exchange","isAvoidedProduct":false,"isInput":false,"amount":1.0,"internalId":1,"flow":{"@type":"Flow","@id":"333efdd5-8db6-4efb-a00d-7365225786f1","name":"Stage 1: Capital Goods","flowType":"PRODUCT_FLOW","refUnit":"Item(s)"},"unit":{"@type":"Unit","@id":"6dabe201-aaac-4509-92f0-d00c26cb72ab","name":"Item(s)"},"flowProperty":{"@type":"FlowProperty","@id":"01846770-4cfe-4a25-8ad9-919d8d378345","name":"Number of items","category":"Technical flow properties","refUnit":"Item(s)"},"isQuantitativeReference":true}],"socialAspects":[],"allocationFactors":[]}