{"@type":"Process","@id":"ea9fb824-7e45-41e7-86f6-3eefedc53c7d","name":"Stage 5: Transport of Compressed H2","description":"","category":"Case 1: Hydrogen Production (Cradle-to-gate 4) (MJ)/Stage 5: Transportation","version":"00.00.002","lastChange":"2023-10-04T10:39:02.976Z","processType":"UNIT_PROCESS","isInfrastructureProcess":false,"processDocumentation":{"isCopyrightProtected":false,"creationDate":"2023-08-11T17:32:42.776"},"lastInternalId":1,"parameters":[],"exchanges":[{"@type":"Exchange","isAvoidedProduct":false,"isInput":false,"amount":1.0,"internalId":1,"flow":{"@type":"Flow","@id":"195f4f2f-5d57-49cf-ab78-3dfc31f2d81b","name":"Stage 5: Transport of Compressed H2","flowType":"PRODUCT_FLOW","refUnit":"Item(s)"},"unit":{"@type":"Unit","@id":"6dabe201-aaac-4509-92f0-d00c26cb72ab","name":"Item(s)"},"flowProperty":{"@type":"FlowProperty","@id":"01846770-4cfe-4a25-8ad9-919d8d378345","name":"Number of items","category":"Technical flow properties","refUnit":"Item(s)"},"isQuantitativeReference":true}],"socialAspects":[],"allocationFactors":[]}