{"@type":"ProductSystem","@id":"c2af2426-93e1-4aac-b47c-7e9bf8d1c09b","name":"Hydrogen Use (Cradle-to-grave) for transportation p.km","description":"First created: 2023-10-04T16:52:44\nLinking approach during creation: Prefer default providers; Preferred process type: System process","version":"00.00.000","lastChange":"2023-10-04T14:52:44.747Z","refProcess":{"@type":"Process","@id":"44f61aa3-66e8-4e45-8d2f-209e05dc7746","name":"Hydrogen Use (Cradle-to-grave) for transportation p.km","category":"Case 2: Hydrogen Use (Cradle-to-grave) for transportation (p.km)","processType":"UNIT_PROCESS","flowType":"PRODUCT_FLOW"},"refExchange":{"@type":"Exchange","internalId":1,"flow":{"@type":"Flow","@id":"4fe10019-2951-43ea-b00b-8ea8c337c5c2","name":"distance travelled ","flowType":"PRODUCT_FLOW","refUnit":"p*km"}},"targetFlowProperty":{"@type":"FlowProperty","@id":"8766e10f-9f41-4db0-8173-ad0d002a5b98","name":"Person transport","category":"Technical flow properties","refUnit":"p*km"},"targetUnit":{"@type":"Unit","@id":"fe8da65d-f0ea-4496-b13e-1955aaa412d7","name":"p*km"},"targetAmount":1.0,"processes":[{"@type":"Process","@id":"f34e6bd1-d91d-444e-be09-459bf3fec7c9","name":"Vehicle Production: Assembly","category":"Case 2: Hydrogen Use (Cradle-to-grave) for transportation (p.km)/Vehicle Production","processType":"UNIT_PROCESS","flowType":"PRODUCT_FLOW"},{"@type":"Process","@id":"f0e4b113-10f3-4960-a3d7-47722940946d","name":"Vehicle Production: Glider","category":"Case 2: Hydrogen Use (Cradle-to-grave) for transportation (p.km)/Vehicle Production","processType":"UNIT_PROCESS","flowType":"PRODUCT_FLOW"},{"@type":"Process","@id":"aad873f4-a704-473a-9d5e-2df55d7bf8a3","name":"End-of-Life: Sorting/Seperation","category":"Case 2: Hydrogen Use (Cradle-to-grave) for transportation (p.km)/Vehicle End-of-life Stage","processType":"UNIT_PROCESS","flowType":"WASTE_FLOW"},{"@type":"Process","@id":"e15815d1-fa34-411e-b0d1-75ae57ee9ae2","name":"Vehicle End-of-life","category":"Case 2: Hydrogen Use (Cradle-to-grave) for transportation (p.km)/Vehicle End-of-life Stage","processType":"UNIT_PROCESS","flowType":"WASTE_FLOW"},{"@type":"Process","@id":"567538ef-c0f6-46fd-8b9d-da5bbf592929","name":"Vehicle Production: Capital Goods","category":"Case 2: Hydrogen Use (Cradle-to-grave) for transportation (p.km)/Vehicle Production","processType":"UNIT_PROCESS","flowType":"PRODUCT_FLOW"},{"@type":"Process","@id":"7238b0c8-2a2e-4698-8299-3570cc7a4e4a","name":"Use/Maintenance","category":"Case 2: Hydrogen Use (Cradle-to-grave) for transportation (p.km)/Vehicle Use Stage","processType":"UNIT_PROCESS","flowType":"PRODUCT_FLOW"},{"@type":"Process","@id":"dbbbbe5e-b129-46c0-b0e0-204ad48c28b1","name":"Vehicle Production: Powertrain","category":"Case 2: Hydrogen Use (Cradle-to-grave) for transportation (p.km)/Vehicle Production","processType":"UNIT_PROCESS","flowType":"PRODUCT_FLOW"},{"@type":"Process","@id":"f8f3ace9-408f-4b02-8fcf-dbb75a493a88","name":"End-of-Life: Disassembly","category":"Case 2: Hydrogen Use (Cradle-to-grave) for transportation (p.km)/Vehicle End-of-life Stage","processType":"UNIT_PROCESS","flowType":"WASTE_FLOW"},{"@type":"Process","@id":"44f61aa3-66e8-4e45-8d2f-209e05dc7746","name":"Hydrogen Use (Cradle-to-grave) for transportation p.km","category":"Case 2: Hydrogen Use (Cradle-to-grave) for transportation (p.km)","processType":"UNIT_PROCESS","flowType":"PRODUCT_FLOW"},{"@type":"Process","@id":"fb4663c5-942e-4507-96fc-c6614643541d","name":"End-of-Life: Final Treatment","category":"Case 2: Hydrogen Use (Cradle-to-grave) for transportation (p.km)/Vehicle End-of-life Stage","processType":"UNIT_PROCESS","flowType":"WASTE_FLOW"},{"@type":"Process","@id":"5be4128d-1fc4-4100-97f1-e9afff86a94b","name":"End-of-Life: Collection/Transportation","category":"Case 2: Hydrogen Use (Cradle-to-grave) for transportation (p.km)/Vehicle End-of-life Stage","processType":"UNIT_PROCESS","flowType":"WASTE_FLOW"},{"@type":"Process","@id":"32c5e86a-3b57-46a0-b971-ced6440a24e9","name":"Vehicle Production","category":"Case 2: Hydrogen Use (Cradle-to-grave) for transportation (p.km)/Vehicle Production","processType":"UNIT_PROCESS","flowType":"PRODUCT_FLOW"},{"@type":"Process","@id":"f325c7c5-2cd0-43c8-9db9-fc0ab8e6c9ca","name":"Vehicle Production: Hydrogen Tank","category":"Case 2: Hydrogen Use (Cradle-to-grave) for transportation (p.km)/Vehicle Production","processType":"UNIT_PROCESS","flowType":"PRODUCT_FLOW"}],"processLinks":[{"provider":{"@type":"Process","@id":"e15815d1-fa34-411e-b0d1-75ae57ee9ae2","name":"Vehicle End-of-life","category":"Case 2: Hydrogen Use (Cradle-to-grave) for transportation (p.km)/Vehicle End-of-life Stage","processType":"UNIT_PROCESS","flowType":"WASTE_FLOW"},"flow":{"@type":"Flow","@id":"4cba3f15-f0b3-4c5a-9791-32a6228a8668","name":"Vehicle End-of-life","flowType":"WASTE_FLOW","refUnit":"Item(s)"},"process":{"@type":"Process","@id":"44f61aa3-66e8-4e45-8d2f-209e05dc7746","name":"Hydrogen Use (Cradle-to-grave) for transportation p.km","category":"Case 2: Hydrogen Use (Cradle-to-grave) for transportation (p.km)","processType":"UNIT_PROCESS","flowType":"PRODUCT_FLOW"},"exchange":{"@type":"Exchange","internalId":9}},{"provider":{"@type":"Process","@id":"f325c7c5-2cd0-43c8-9db9-fc0ab8e6c9ca","name":"Vehicle Production: Hydrogen Tank","category":"Case 2: Hydrogen Use (Cradle-to-grave) for transportation (p.km)/Vehicle Production","processType":"UNIT_PROCESS","flowType":"PRODUCT_FLOW"},"flow":{"@type":"Flow","@id":"fc12d454-3028-45bf-ab37-c3f3c179684b","name":"Vehicle Production: Hydrogen Tank","flowType":"PRODUCT_FLOW","refUnit":"Item(s)"},"process":{"@type":"Process","@id":"32c5e86a-3b57-46a0-b971-ced6440a24e9","name":"Vehicle Production","category":"Case 2: Hydrogen Use (Cradle-to-grave) for transportation (p.km)/Vehicle Production","processType":"UNIT_PROCESS","flowType":"PRODUCT_FLOW"},"exchange":{"@type":"Exchange","internalId":16}},{"provider":{"@type":"Process","@id":"dbbbbe5e-b129-46c0-b0e0-204ad48c28b1","name":"Vehicle Production: Powertrain","category":"Case 2: Hydrogen Use (Cradle-to-grave) for transportation (p.km)/Vehicle Production","processType":"UNIT_PROCESS","flowType":"PRODUCT_FLOW"},"flow":{"@type":"Flow","@id":"b74711d4-796a-499a-9ba3-ef643b80a31f","name":"Vehicle Manufacturing: Raw Materials","flowType":"PRODUCT_FLOW","refUnit":"Item(s)"},"process":{"@type":"Process","@id":"32c5e86a-3b57-46a0-b971-ced6440a24e9","name":"Vehicle Production","category":"Case 2: Hydrogen Use (Cradle-to-grave) for transportation (p.km)/Vehicle Production","processType":"UNIT_PROCESS","flowType":"PRODUCT_FLOW"},"exchange":{"@type":"Exchange","internalId":17}},{"provider":{"@type":"Process","@id":"f8f3ace9-408f-4b02-8fcf-dbb75a493a88","name":"End-of-Life: Disassembly","category":"Case 2: Hydrogen Use (Cradle-to-grave) for transportation (p.km)/Vehicle End-of-life Stage","processType":"UNIT_PROCESS","flowType":"WASTE_FLOW"},"flow":{"@type":"Flow","@id":"7146f505-2281-49ac-b1e4-710ada370094","name":"End-of-Life: Disassembly","flowType":"WASTE_FLOW","refUnit":"Item(s)"},"process":{"@type":"Process","@id":"e15815d1-fa34-411e-b0d1-75ae57ee9ae2","name":"Vehicle End-of-life","category":"Case 2: Hydrogen Use (Cradle-to-grave) for transportation (p.km)/Vehicle End-of-life Stage","processType":"UNIT_PROCESS","flowType":"WASTE_FLOW"},"exchange":{"@type":"Exchange","internalId":10}},{"provider":{"@type":"Process","@id":"fb4663c5-942e-4507-96fc-c6614643541d","name":"End-of-Life: Final Treatment","category":"Case 2: Hydrogen Use (Cradle-to-grave) for transportation (p.km)/Vehicle End-of-life Stage","processType":"UNIT_PROCESS","flowType":"WASTE_FLOW"},"flow":{"@type":"Flow","@id":"7af7fd1d-8841-49a3-a83a-c5ce77c97f53","name":"End-of-Life: Final Treatment","flowType":"WASTE_FLOW","refUnit":"Item(s)"},"process":{"@type":"Process","@id":"e15815d1-fa34-411e-b0d1-75ae57ee9ae2","name":"Vehicle End-of-life","category":"Case 2: Hydrogen Use (Cradle-to-grave) for transportation (p.km)/Vehicle End-of-life Stage","processType":"UNIT_PROCESS","flowType":"WASTE_FLOW"},"exchange":{"@type":"Exchange","internalId":11}},{"provider":{"@type":"Process","@id":"5be4128d-1fc4-4100-97f1-e9afff86a94b","name":"End-of-Life: Collection/Transportation","category":"Case 2: Hydrogen Use (Cradle-to-grave) for transportation (p.km)/Vehicle End-of-life Stage","processType":"UNIT_PROCESS","flowType":"WASTE_FLOW"},"flow":{"@type":"Flow","@id":"e77ab53c-1ae7-4dd4-894e-9dfd112e5f9b","name":"End-of-Life: Collection/Transportation","flowType":"WASTE_FLOW","refUnit":"Item(s)"},"process":{"@type":"Process","@id":"e15815d1-fa34-411e-b0d1-75ae57ee9ae2","name":"Vehicle End-of-life","category":"Case 2: Hydrogen Use (Cradle-to-grave) for transportation (p.km)/Vehicle End-of-life Stage","processType":"UNIT_PROCESS","flowType":"WASTE_FLOW"},"exchange":{"@type":"Exchange","internalId":9}},{"provider":{"@type":"Process","@id":"7238b0c8-2a2e-4698-8299-3570cc7a4e4a","name":"Use/Maintenance","category":"Case 2: Hydrogen Use (Cradle-to-grave) for transportation (p.km)/Vehicle Use Stage","processType":"UNIT_PROCESS","flowType":"PRODUCT_FLOW"},"flow":{"@type":"Flow","@id":"554c6b4f-5693-4b8a-9c29-18f8d598454e","name":"Use/Maintenance ","flowType":"PRODUCT_FLOW","refUnit":"Item(s)"},"process":{"@type":"Process","@id":"44f61aa3-66e8-4e45-8d2f-209e05dc7746","name":"Hydrogen Use (Cradle-to-grave) for transportation p.km","category":"Case 2: Hydrogen Use (Cradle-to-grave) for transportation (p.km)","processType":"UNIT_PROCESS","flowType":"PRODUCT_FLOW"},"exchange":{"@type":"Exchange","internalId":7}},{"provider":{"@type":"Process","@id":"567538ef-c0f6-46fd-8b9d-da5bbf592929","name":"Vehicle Production: Capital Goods","category":"Case 2: Hydrogen Use (Cradle-to-grave) for transportation (p.km)/Vehicle Production","processType":"UNIT_PROCESS","flowType":"PRODUCT_FLOW"},"flow":{"@type":"Flow","@id":"7ba90ac8-2a41-4d5f-9ef0-0ca457ea8dec","name":"Vehicle Production: Capital Goods","flowType":"PRODUCT_FLOW","refUnit":"Item(s)"},"process":{"@type":"Process","@id":"32c5e86a-3b57-46a0-b971-ced6440a24e9","name":"Vehicle Production","category":"Case 2: Hydrogen Use (Cradle-to-grave) for transportation (p.km)/Vehicle Production","processType":"UNIT_PROCESS","flowType":"PRODUCT_FLOW"},"exchange":{"@type":"Exchange","internalId":14}},{"provider":{"@type":"Process","@id":"32c5e86a-3b57-46a0-b971-ced6440a24e9","name":"Vehicle Production","category":"Case 2: Hydrogen Use (Cradle-to-grave) for transportation (p.km)/Vehicle Production","processType":"UNIT_PROCESS","flowType":"PRODUCT_FLOW"},"flow":{"@type":"Flow","@id":"052b6e2f-0d3b-4633-8f14-c37888a18937","name":"Vehicle Production","flowType":"PRODUCT_FLOW","refUnit":"Item(s)"},"process":{"@type":"Process","@id":"44f61aa3-66e8-4e45-8d2f-209e05dc7746","name":"Hydrogen Use (Cradle-to-grave) for transportation p.km","category":"Case 2: Hydrogen Use (Cradle-to-grave) for transportation (p.km)","processType":"UNIT_PROCESS","flowType":"PRODUCT_FLOW"},"exchange":{"@type":"Exchange","internalId":8}},{"provider":{"@type":"Process","@id":"f0e4b113-10f3-4960-a3d7-47722940946d","name":"Vehicle Production: Glider","category":"Case 2: Hydrogen Use (Cradle-to-grave) for transportation (p.km)/Vehicle Production","processType":"UNIT_PROCESS","flowType":"PRODUCT_FLOW"},"flow":{"@type":"Flow","@id":"b038e676-22f6-464c-8a49-4f2e05ae1fc4","name":"Vehicle Production: Glider","flowType":"PRODUCT_FLOW","refUnit":"Item(s)"},"process":{"@type":"Process","@id":"32c5e86a-3b57-46a0-b971-ced6440a24e9","name":"Vehicle Production","category":"Case 2: Hydrogen Use (Cradle-to-grave) for transportation (p.km)/Vehicle Production","processType":"UNIT_PROCESS","flowType":"PRODUCT_FLOW"},"exchange":{"@type":"Exchange","internalId":15}},{"provider":{"@type":"Process","@id":"aad873f4-a704-473a-9d5e-2df55d7bf8a3","name":"End-of-Life: Sorting/Seperation","category":"Case 2: Hydrogen Use (Cradle-to-grave) for transportation (p.km)/Vehicle End-of-life Stage","processType":"UNIT_PROCESS","flowType":"WASTE_FLOW"},"flow":{"@type":"Flow","@id":"ce6dfe98-e577-4313-bf22-5ed7e9163185","name":"End-of-Life: Sorting/Seperation","flowType":"WASTE_FLOW","refUnit":"Item(s)"},"process":{"@type":"Process","@id":"e15815d1-fa34-411e-b0d1-75ae57ee9ae2","name":"Vehicle End-of-life","category":"Case 2: Hydrogen Use (Cradle-to-grave) for transportation (p.km)/Vehicle End-of-life Stage","processType":"UNIT_PROCESS","flowType":"WASTE_FLOW"},"exchange":{"@type":"Exchange","internalId":12}},{"provider":{"@type":"Process","@id":"f34e6bd1-d91d-444e-be09-459bf3fec7c9","name":"Vehicle Production: Assembly","category":"Case 2: Hydrogen Use (Cradle-to-grave) for transportation (p.km)/Vehicle Production","processType":"UNIT_PROCESS","flowType":"PRODUCT_FLOW"},"flow":{"@type":"Flow","@id":"ed0cf7d0-0b76-4429-928f-036e95fc8a9c","name":"Assembled Vehicle","flowType":"PRODUCT_FLOW","refUnit":"Item(s)"},"process":{"@type":"Process","@id":"32c5e86a-3b57-46a0-b971-ced6440a24e9","name":"Vehicle Production","category":"Case 2: Hydrogen Use (Cradle-to-grave) for transportation (p.km)/Vehicle Production","processType":"UNIT_PROCESS","flowType":"PRODUCT_FLOW"},"exchange":{"@type":"Exchange","internalId":13}}]}