{"@type":"ProductSystem","@id":"b648bc20-c1d9-494f-8812-cc622413fd30","name":"Hydrogen Production (Cradle-to-gate 2) (kg)","description":"First created: 2023-10-02T14:44:09\nLinking approach during creation: Prefer default providers; Preferred process type: System process","version":"00.00.002","lastChange":"2024-03-25T09:20:57.950Z","refProcess":{"@type":"Process","@id":"343afc85-4e1b-49df-8201-f7b4ff73d550","name":"Hydrogen Production (Cradle-to-gate 2) (kg)","category":"Case 1: Hydrogen Production (Cradle-to-gate 2) (kg)","processType":"UNIT_PROCESS","flowType":"PRODUCT_FLOW"},"refExchange":{"@type":"Exchange","internalId":1,"flow":{"@type":"Flow","@id":"18b9508b-eab4-4280-93af-918ec2f65faa","name":"Hydrogen Produced","flowType":"PRODUCT_FLOW","refUnit":"kg"}},"targetFlowProperty":{"@type":"FlowProperty","@id":"93a60a56-a3c8-11da-a746-0800200b9a66","name":"Mass","category":"Technical flow properties","refUnit":"kg"},"targetUnit":{"@type":"Unit","@id":"20aadc24-a391-41cf-b340-3e4529f44bde","name":"kg"},"targetAmount":1.0,"processes":[{"@type":"Process","@id":"b131f61b-8ee4-40a1-867b-2eef849f07b0","name":"Stage 2: Capital Goods ","category":"Case 1: Hydrogen Production (Cradle-to-gate 2) (kg)/Stage 2: Hydrogen Production","processType":"UNIT_PROCESS","flowType":"PRODUCT_FLOW"},{"@type":"Process","@id":"e68f3484-5268-4d84-9f81-3edf9a773914","name":"Stage 2: Transportation","category":"Case 1: Hydrogen Production (Cradle-to-gate 2) (kg)/Stage 2: Hydrogen Production","processType":"UNIT_PROCESS","flowType":"PRODUCT_FLOW"},{"@type":"Process","@id":"661fdc04-bb99-4157-9569-a214501bca5e","name":"Hydrogen Purification","category":"Case 1: Hydrogen Production (Cradle-to-gate 2) (kg)/Stage 3: Hydrogen Purification","processType":"UNIT_PROCESS","flowType":"PRODUCT_FLOW"},{"@type":"Process","@id":"57f884c6-fb16-46cf-b4b9-b5a9f5ca1577","name":"Stage 3: Transportation","category":"Case 1: Hydrogen Production (Cradle-to-gate 2) (kg)/Stage 3: Hydrogen Purification","processType":"UNIT_PROCESS","flowType":"PRODUCT_FLOW"},{"@type":"Process","@id":"3f7e0291-ee19-45ed-8314-3cb837389043","name":"Stage 3: Capital Goods","category":"Case 1: Hydrogen Production (Cradle-to-gate 2) (kg)/Stage 3: Hydrogen Purification","processType":"UNIT_PROCESS","flowType":"PRODUCT_FLOW"},{"@type":"Process","@id":"343afc85-4e1b-49df-8201-f7b4ff73d550","name":"Hydrogen Production (Cradle-to-gate 2) (kg)","category":"Case 1: Hydrogen Production (Cradle-to-gate 2) (kg)","processType":"UNIT_PROCESS","flowType":"PRODUCT_FLOW"},{"@type":"Process","@id":"8e3a64f4-b140-41cf-acb4-583ffdb240e5","name":"Stage 2: Energy Consumption","category":"Case 1: Hydrogen Production (Cradle-to-gate 2) (kg)/Stage 2: Hydrogen Production","processType":"UNIT_PROCESS","flowType":"PRODUCT_FLOW"},{"@type":"Process","@id":"46e2934f-c00d-4912-aed4-76d888e6a1b8","name":"Stage 3: Energy Consumption","category":"Case 1: Hydrogen Production (Cradle-to-gate 2) (kg)/Stage 3: Hydrogen Purification","processType":"UNIT_PROCESS","flowType":"PRODUCT_FLOW"},{"@type":"Process","@id":"15c23c98-1916-4b14-add6-9b190fdf8c99","name":"Stage 3: Raw Materials","category":"Case 1: Hydrogen Production (Cradle-to-gate 2) (kg)/Stage 3: Hydrogen Purification","processType":"UNIT_PROCESS","flowType":"PRODUCT_FLOW"},{"@type":"Process","@id":"2a04ff31-02a6-49eb-b708-a640f2acaa89","name":"Stage 2: Raw Materials","category":"Case 1: Hydrogen Production (Cradle-to-gate 2) (kg)/Stage 2: Hydrogen Production","processType":"UNIT_PROCESS","flowType":"PRODUCT_FLOW"},{"@type":"Process","@id":"c4ac7a48-0878-4a4e-99b7-c0ac6874ca57","name":"Hydrogen Production","category":"Case 1: Hydrogen Production (Cradle-to-gate 2) (kg)/Stage 2: Hydrogen Production","processType":"UNIT_PROCESS","flowType":"PRODUCT_FLOW"}],"processLinks":[{"provider":{"@type":"Process","@id":"2a04ff31-02a6-49eb-b708-a640f2acaa89","name":"Stage 2: Raw Materials","category":"Case 1: Hydrogen Production (Cradle-to-gate 2) (kg)/Stage 2: Hydrogen Production","processType":"UNIT_PROCESS","flowType":"PRODUCT_FLOW"},"flow":{"@type":"Flow","@id":"364d87b5-99a3-4b87-b24a-1429225883da","name":"Stage 2: Raw Materials","flowType":"PRODUCT_FLOW","refUnit":"Item(s)"},"process":{"@type":"Process","@id":"c4ac7a48-0878-4a4e-99b7-c0ac6874ca57","name":"Hydrogen Production","category":"Case 1: Hydrogen Production (Cradle-to-gate 2) (kg)/Stage 2: Hydrogen Production","processType":"UNIT_PROCESS","flowType":"PRODUCT_FLOW"},"exchange":{"@type":"Exchange","internalId":8}},{"provider":{"@type":"Process","@id":"e68f3484-5268-4d84-9f81-3edf9a773914","name":"Stage 2: Transportation","category":"Case 1: Hydrogen Production (Cradle-to-gate 2) (kg)/Stage 2: Hydrogen Production","processType":"UNIT_PROCESS","flowType":"PRODUCT_FLOW"},"flow":{"@type":"Flow","@id":"54e0f1c1-8696-4a6e-93d3-d5460372c6fe","name":"Stage 2: Transportation","flowType":"PRODUCT_FLOW","refUnit":"Item(s)"},"process":{"@type":"Process","@id":"c4ac7a48-0878-4a4e-99b7-c0ac6874ca57","name":"Hydrogen Production","category":"Case 1: Hydrogen Production (Cradle-to-gate 2) (kg)/Stage 2: Hydrogen Production","processType":"UNIT_PROCESS","flowType":"PRODUCT_FLOW"},"exchange":{"@type":"Exchange","internalId":9}},{"provider":{"@type":"Process","@id":"661fdc04-bb99-4157-9569-a214501bca5e","name":"Hydrogen Purification","category":"Case 1: Hydrogen Production (Cradle-to-gate 2) (kg)/Stage 3: Hydrogen Purification","processType":"UNIT_PROCESS","flowType":"PRODUCT_FLOW"},"flow":{"@type":"Flow","@id":"21df2c2b-25d8-4984-9a31-01d2af511f1c","name":"Hydrogen Purification","flowType":"PRODUCT_FLOW","refUnit":"kg"},"process":{"@type":"Process","@id":"343afc85-4e1b-49df-8201-f7b4ff73d550","name":"Hydrogen Production (Cradle-to-gate 2) (kg)","category":"Case 1: Hydrogen Production (Cradle-to-gate 2) (kg)","processType":"UNIT_PROCESS","flowType":"PRODUCT_FLOW"},"exchange":{"@type":"Exchange","internalId":5}},{"provider":{"@type":"Process","@id":"c4ac7a48-0878-4a4e-99b7-c0ac6874ca57","name":"Hydrogen Production","category":"Case 1: Hydrogen Production (Cradle-to-gate 2) (kg)/Stage 2: Hydrogen Production","processType":"UNIT_PROCESS","flowType":"PRODUCT_FLOW"},"flow":{"@type":"Flow","@id":"3ba1157e-3bc9-4552-8623-d565e4594a8e","name":"Hydrogen Production","flowType":"PRODUCT_FLOW","refUnit":"kg"},"process":{"@type":"Process","@id":"343afc85-4e1b-49df-8201-f7b4ff73d550","name":"Hydrogen Production (Cradle-to-gate 2) (kg)","category":"Case 1: Hydrogen Production (Cradle-to-gate 2) (kg)","processType":"UNIT_PROCESS","flowType":"PRODUCT_FLOW"},"exchange":{"@type":"Exchange","internalId":7}},{"provider":{"@type":"Process","@id":"46e2934f-c00d-4912-aed4-76d888e6a1b8","name":"Stage 3: Energy Consumption","category":"Case 1: Hydrogen Production (Cradle-to-gate 2) (kg)/Stage 3: Hydrogen Purification","processType":"UNIT_PROCESS","flowType":"PRODUCT_FLOW"},"flow":{"@type":"Flow","@id":"c4f2aa43-1d3a-40fa-b829-ca5e1dc155ab","name":"Stage 3: Energy Consumption","flowType":"PRODUCT_FLOW","refUnit":"Item(s)"},"process":{"@type":"Process","@id":"661fdc04-bb99-4157-9569-a214501bca5e","name":"Hydrogen Purification","category":"Case 1: Hydrogen Production (Cradle-to-gate 2) (kg)/Stage 3: Hydrogen Purification","processType":"UNIT_PROCESS","flowType":"PRODUCT_FLOW"},"exchange":{"@type":"Exchange","internalId":7}},{"provider":{"@type":"Process","@id":"15c23c98-1916-4b14-add6-9b190fdf8c99","name":"Stage 3: Raw Materials","category":"Case 1: Hydrogen Production (Cradle-to-gate 2) (kg)/Stage 3: Hydrogen Purification","processType":"UNIT_PROCESS","flowType":"PRODUCT_FLOW"},"flow":{"@type":"Flow","@id":"31d416e0-4fa1-4cf0-a139-ef4ccbba3351","name":"Stage 3: Raw Materials","flowType":"PRODUCT_FLOW","refUnit":"Item(s)"},"process":{"@type":"Process","@id":"661fdc04-bb99-4157-9569-a214501bca5e","name":"Hydrogen Purification","category":"Case 1: Hydrogen Production (Cradle-to-gate 2) (kg)/Stage 3: Hydrogen Purification","processType":"UNIT_PROCESS","flowType":"PRODUCT_FLOW"},"exchange":{"@type":"Exchange","internalId":8}},{"provider":{"@type":"Process","@id":"57f884c6-fb16-46cf-b4b9-b5a9f5ca1577","name":"Stage 3: Transportation","category":"Case 1: Hydrogen Production (Cradle-to-gate 2) (kg)/Stage 3: Hydrogen Purification","processType":"UNIT_PROCESS","flowType":"PRODUCT_FLOW"},"flow":{"@type":"Flow","@id":"9016044c-0b7a-4f53-88b2-65b93ba7394e","name":"Stage 3: Transportation","flowType":"PRODUCT_FLOW","refUnit":"Item(s)"},"process":{"@type":"Process","@id":"661fdc04-bb99-4157-9569-a214501bca5e","name":"Hydrogen Purification","category":"Case 1: Hydrogen Production (Cradle-to-gate 2) (kg)/Stage 3: Hydrogen Purification","processType":"UNIT_PROCESS","flowType":"PRODUCT_FLOW"},"exchange":{"@type":"Exchange","internalId":9}},{"provider":{"@type":"Process","@id":"b131f61b-8ee4-40a1-867b-2eef849f07b0","name":"Stage 2: Capital Goods ","category":"Case 1: Hydrogen Production (Cradle-to-gate 2) (kg)/Stage 2: Hydrogen Production","processType":"UNIT_PROCESS","flowType":"PRODUCT_FLOW"},"flow":{"@type":"Flow","@id":"eb136cd4-a7a5-473d-abdf-75d3ca1866f6","name":"Stage 2: Capital Goods","flowType":"PRODUCT_FLOW","refUnit":"Item(s)"},"process":{"@type":"Process","@id":"c4ac7a48-0878-4a4e-99b7-c0ac6874ca57","name":"Hydrogen Production","category":"Case 1: Hydrogen Production (Cradle-to-gate 2) (kg)/Stage 2: Hydrogen Production","processType":"UNIT_PROCESS","flowType":"PRODUCT_FLOW"},"exchange":{"@type":"Exchange","internalId":6}},{"provider":{"@type":"Process","@id":"8e3a64f4-b140-41cf-acb4-583ffdb240e5","name":"Stage 2: Energy Consumption","category":"Case 1: Hydrogen Production (Cradle-to-gate 2) (kg)/Stage 2: Hydrogen Production","processType":"UNIT_PROCESS","flowType":"PRODUCT_FLOW"},"flow":{"@type":"Flow","@id":"22d3c391-f73f-4e75-be86-210e2f094fd3","name":"Stage 2: Energy Consumption","flowType":"PRODUCT_FLOW","refUnit":"Item(s)"},"process":{"@type":"Process","@id":"c4ac7a48-0878-4a4e-99b7-c0ac6874ca57","name":"Hydrogen Production","category":"Case 1: Hydrogen Production (Cradle-to-gate 2) (kg)/Stage 2: Hydrogen Production","processType":"UNIT_PROCESS","flowType":"PRODUCT_FLOW"},"exchange":{"@type":"Exchange","internalId":7}},{"provider":{"@type":"Process","@id":"3f7e0291-ee19-45ed-8314-3cb837389043","name":"Stage 3: Capital Goods","category":"Case 1: Hydrogen Production (Cradle-to-gate 2) (kg)/Stage 3: Hydrogen Purification","processType":"UNIT_PROCESS","flowType":"PRODUCT_FLOW"},"flow":{"@type":"Flow","@id":"7510368d-3662-4d40-b937-36f998d84391","name":"Stage 3: Capital Goods","flowType":"PRODUCT_FLOW","refUnit":"Item(s)"},"process":{"@type":"Process","@id":"661fdc04-bb99-4157-9569-a214501bca5e","name":"Hydrogen Purification","category":"Case 1: Hydrogen Production (Cradle-to-gate 2) (kg)/Stage 3: Hydrogen Purification","processType":"UNIT_PROCESS","flowType":"PRODUCT_FLOW"},"exchange":{"@type":"Exchange","internalId":6}}]}