{"@type":"Process","@id":"693d7168-e8ed-4690-a523-21a82fc71425","name":"Hydrogen Compression","description":"","category":"Case 1: Hydrogen Production (Cradle-to-gate 3) (MJ)/Stage 4: Hydrogen Compression","version":"00.00.003","lastChange":"2023-10-02T13:48:02.833Z","processType":"UNIT_PROCESS","isInfrastructureProcess":false,"processDocumentation":{"isCopyrightProtected":false,"creationDate":"2023-08-11T13:53:28.913"},"lastInternalId":9,"parameters":[],"exchanges":[{"@type":"Exchange","isAvoidedProduct":false,"isInput":false,"amount":1.0,"internalId":1,"flow":{"@type":"Flow","@id":"581291b9-1017-4cd6-80dc-48e6bb8a6152","name":"Hydrogen Compression","flowType":"PRODUCT_FLOW","refUnit":"Item(s)"},"unit":{"@type":"Unit","@id":"6dabe201-aaac-4509-92f0-d00c26cb72ab","name":"Item(s)"},"flowProperty":{"@type":"FlowProperty","@id":"01846770-4cfe-4a25-8ad9-919d8d378345","name":"Number of items","category":"Technical flow properties","refUnit":"Item(s)"},"isQuantitativeReference":true},{"@type":"Exchange","isAvoidedProduct":false,"isInput":true,"amount":1.0,"internalId":8,"flow":{"@type":"Flow","@id":"9d88774f-2ef7-4f35-9ab0-82560f51cd8f","name":"Stage 4: Raw Materials","flowType":"PRODUCT_FLOW","refUnit":"Item(s)"},"unit":{"@type":"Unit","@id":"6dabe201-aaac-4509-92f0-d00c26cb72ab","name":"Item(s)"},"flowProperty":{"@type":"FlowProperty","@id":"01846770-4cfe-4a25-8ad9-919d8d378345","name":"Number of items","category":"Technical flow properties","refUnit":"Item(s)"},"defaultProvider":{"@type":"Process","@id":"3703cece-e529-4ea3-8b0b-fd148aebc4b0","name":"Stage 4: Raw Materials","category":"Case 1: Hydrogen Production (Cradle-to-gate 3) (MJ)/Stage 4: Hydrogen Compression","processType":"UNIT_PROCESS","flowType":"PRODUCT_FLOW"}},{"@type":"Exchange","isAvoidedProduct":false,"isInput":true,"amount":1.0,"internalId":7,"flow":{"@type":"Flow","@id":"8f178ca4-a2d3-4cb8-a70b-1ca27570c0d9","name":"Stage 4: Energy Consumption","flowType":"PRODUCT_FLOW","refUnit":"Item(s)"},"unit":{"@type":"Unit","@id":"6dabe201-aaac-4509-92f0-d00c26cb72ab","name":"Item(s)"},"flowProperty":{"@type":"FlowProperty","@id":"01846770-4cfe-4a25-8ad9-919d8d378345","name":"Number of items","category":"Technical flow properties","refUnit":"Item(s)"},"defaultProvider":{"@type":"Process","@id":"b0b0911b-16c4-4ed0-842a-19d1bd96534a","name":"Stage 4: Energy Consumption","category":"Case 1: Hydrogen Production (Cradle-to-gate 3) (MJ)/Stage 4: Hydrogen Compression","processType":"UNIT_PROCESS","flowType":"PRODUCT_FLOW"}},{"@type":"Exchange","isAvoidedProduct":false,"isInput":true,"amount":1.0,"internalId":6,"flow":{"@type":"Flow","@id":"debc9e81-39a2-4cb8-bd4a-962ac0a48fe2","name":"Stage 4: Capital Goods","flowType":"PRODUCT_FLOW","refUnit":"Item(s)"},"unit":{"@type":"Unit","@id":"6dabe201-aaac-4509-92f0-d00c26cb72ab","name":"Item(s)"},"flowProperty":{"@type":"FlowProperty","@id":"01846770-4cfe-4a25-8ad9-919d8d378345","name":"Number of items","category":"Technical flow properties","refUnit":"Item(s)"},"defaultProvider":{"@type":"Process","@id":"38828f6e-6f6b-4f3a-9aac-22116b150d55","name":"Stage 4: Capital Goods","category":"Case 1: Hydrogen Production (Cradle-to-gate 3) (MJ)/Stage 4: Hydrogen Compression","processType":"UNIT_PROCESS","flowType":"PRODUCT_FLOW"}},{"@type":"Exchange","isAvoidedProduct":false,"isInput":true,"amount":1.0,"internalId":9,"flow":{"@type":"Flow","@id":"ef6ad59a-275b-4032-821b-a57de476667e","name":"Stage 4: Transportation","flowType":"PRODUCT_FLOW","refUnit":"Item(s)"},"unit":{"@type":"Unit","@id":"6dabe201-aaac-4509-92f0-d00c26cb72ab","name":"Item(s)"},"flowProperty":{"@type":"FlowProperty","@id":"01846770-4cfe-4a25-8ad9-919d8d378345","name":"Number of items","category":"Technical flow properties","refUnit":"Item(s)"},"defaultProvider":{"@type":"Process","@id":"e871fefd-735f-46f4-b687-64dd867e8519","name":"Stage 4: Transportation","category":"Case 1: Hydrogen Production (Cradle-to-gate 3) (MJ)/Stage 4: Hydrogen Compression","processType":"UNIT_PROCESS","flowType":"PRODUCT_FLOW"}}],"socialAspects":[],"allocationFactors":[]}