{"@type":"ProductSystem","@id":"4df44bea-ce27-4a30-a2ea-ef6e65d9f714","name":"Hydrogen Production (Cradle-to-gate 1) with CCS (MJ)","description":"First created: 2024-03-27T09:42:04\nLinking approach during creation: Prefer default providers; Preferred process type: System process","version":"00.00.000","lastChange":"2024-03-27T08:42:04.314Z","refProcess":{"@type":"Process","@id":"96d68f8c-26ab-4213-89cd-924903e73b96","name":"Hydrogen Production (Cradle-to-gate 1) with CCS (MJ)","category":"Case 1: Hydrogen Production (Cradle-to-gate 1) with CCS (MJ)","processType":"UNIT_PROCESS","flowType":"PRODUCT_FLOW"},"refExchange":{"@type":"Exchange","internalId":1,"flow":{"@type":"Flow","@id":"7cb81e16-f5b1-4d88-82bd-14ea2c0376f4","name":"Hydrogen Produced","flowType":"PRODUCT_FLOW","refUnit":"MJ"}},"targetFlowProperty":{"@type":"FlowProperty","@id":"f6811440-ee37-11de-8a39-0800200c9a66","name":"Energy","category":"Technical flow properties","refUnit":"MJ"},"targetUnit":{"@type":"Unit","@id":"52765a6c-3896-43c2-b2f4-c679acf13efe","name":"MJ"},"targetAmount":1.0,"processes":[{"@type":"Process","@id":"a9a54adc-5d47-48f6-8679-0a648d52c186","name":"Hydrogen Production","category":"Case 1: Hydrogen Production (Cradle-to-gate 1) with CCS (MJ)/Stage 2: Hydrogen Production","processType":"UNIT_PROCESS","flowType":"PRODUCT_FLOW"},{"@type":"Process","@id":"1beacfc2-3d5f-49e5-a5ca-479a522d0893","name":"Carbon capture and storage","category":"Case 1: Hydrogen Production (Cradle-to-gate 1) with CCS (MJ)/Carbon capture and storage","processType":"UNIT_PROCESS","flowType":"PRODUCT_FLOW"},{"@type":"Process","@id":"58d78522-1312-40b9-a99f-8b4ad0e81fa6","name":"CCS: Capital Goods","category":"Case 1: Hydrogen Production (Cradle-to-gate 1) with CCS (MJ)/Carbon capture and storage","processType":"UNIT_PROCESS","flowType":"PRODUCT_FLOW"},{"@type":"Process","@id":"96d68f8c-26ab-4213-89cd-924903e73b96","name":"Hydrogen Production (Cradle-to-gate 1) with CCS (MJ)","category":"Case 1: Hydrogen Production (Cradle-to-gate 1) with CCS (MJ)","processType":"UNIT_PROCESS","flowType":"PRODUCT_FLOW"},{"@type":"Process","@id":"fb457b0b-6f5f-440a-b30d-c0107e1c0f06","name":"Stage 2: Transportation","category":"Case 1: Hydrogen Production (Cradle-to-gate 1) with CCS (MJ)/Stage 2: Hydrogen Production","processType":"UNIT_PROCESS","flowType":"PRODUCT_FLOW"},{"@type":"Process","@id":"64363eee-0cd4-475b-9daa-bb2e017f8868","name":"Stage 2: Raw Materials","category":"Case 1: Hydrogen Production (Cradle-to-gate 1) with CCS (MJ)/Stage 2: Hydrogen Production","processType":"UNIT_PROCESS","flowType":"PRODUCT_FLOW"},{"@type":"Process","@id":"bc89999e-bfe9-4ab7-af9b-3ae6a450ff0d","name":"CCS: Transportation","category":"Case 1: Hydrogen Production (Cradle-to-gate 1) with CCS (MJ)/Carbon capture and storage","processType":"UNIT_PROCESS","flowType":"PRODUCT_FLOW"},{"@type":"Process","@id":"50db6b81-dcf1-4fa4-a480-f197a7888b4d","name":"Stage 2: Energy Consumption","category":"Case 1: Hydrogen Production (Cradle-to-gate 1) with CCS (MJ)/Stage 2: Hydrogen Production","processType":"UNIT_PROCESS","flowType":"PRODUCT_FLOW"},{"@type":"Process","@id":"6cb966f0-5d68-4b5f-a333-8e81b5edb479","name":"CCS: Raw Materials","category":"Case 1: Hydrogen Production (Cradle-to-gate 1) with CCS (MJ)/Carbon capture and storage","processType":"UNIT_PROCESS","flowType":"PRODUCT_FLOW"},{"@type":"Process","@id":"254b1f6f-647f-4047-ac0d-839c23120a2d","name":"Stage 2: Capital Goods","category":"Case 1: Hydrogen Production (Cradle-to-gate 1) with CCS (MJ)/Stage 2: Hydrogen Production","processType":"UNIT_PROCESS","flowType":"PRODUCT_FLOW"},{"@type":"Process","@id":"d09d7766-a81d-4e01-bc9f-cf7bd0efe436","name":"CCS: Energy Consumption","category":"Case 1: Hydrogen Production (Cradle-to-gate 1) with CCS (MJ)/Carbon capture and storage","processType":"UNIT_PROCESS","flowType":"PRODUCT_FLOW"}],"processLinks":[{"provider":{"@type":"Process","@id":"a9a54adc-5d47-48f6-8679-0a648d52c186","name":"Hydrogen Production","category":"Case 1: Hydrogen Production (Cradle-to-gate 1) with CCS (MJ)/Stage 2: Hydrogen Production","processType":"UNIT_PROCESS","flowType":"PRODUCT_FLOW"},"flow":{"@type":"Flow","@id":"3ba1157e-3bc9-4552-8623-d565e4594a8e","name":"Hydrogen Production","flowType":"PRODUCT_FLOW","refUnit":"kg"},"process":{"@type":"Process","@id":"96d68f8c-26ab-4213-89cd-924903e73b96","name":"Hydrogen Production (Cradle-to-gate 1) with CCS (MJ)","category":"Case 1: Hydrogen Production (Cradle-to-gate 1) with CCS (MJ)","processType":"UNIT_PROCESS","flowType":"PRODUCT_FLOW"},"exchange":{"@type":"Exchange","internalId":7}},{"provider":{"@type":"Process","@id":"58d78522-1312-40b9-a99f-8b4ad0e81fa6","name":"CCS: Capital Goods","category":"Case 1: Hydrogen Production (Cradle-to-gate 1) with CCS (MJ)/Carbon capture and storage","processType":"UNIT_PROCESS","flowType":"PRODUCT_FLOW"},"flow":{"@type":"Flow","@id":"780f34b7-8c65-4224-b9e0-cff8a12a0072","name":"CCS: Capital Goods","flowType":"PRODUCT_FLOW","refUnit":"Item(s)"},"process":{"@type":"Process","@id":"1beacfc2-3d5f-49e5-a5ca-479a522d0893","name":"Carbon capture and storage","category":"Case 1: Hydrogen Production (Cradle-to-gate 1) with CCS (MJ)/Carbon capture and storage","processType":"UNIT_PROCESS","flowType":"PRODUCT_FLOW"},"exchange":{"@type":"Exchange","internalId":6}},{"provider":{"@type":"Process","@id":"fb457b0b-6f5f-440a-b30d-c0107e1c0f06","name":"Stage 2: Transportation","category":"Case 1: Hydrogen Production (Cradle-to-gate 1) with CCS (MJ)/Stage 2: Hydrogen Production","processType":"UNIT_PROCESS","flowType":"PRODUCT_FLOW"},"flow":{"@type":"Flow","@id":"54e0f1c1-8696-4a6e-93d3-d5460372c6fe","name":"Stage 2: Transportation","flowType":"PRODUCT_FLOW","refUnit":"Item(s)"},"process":{"@type":"Process","@id":"a9a54adc-5d47-48f6-8679-0a648d52c186","name":"Hydrogen Production","category":"Case 1: Hydrogen Production (Cradle-to-gate 1) with CCS (MJ)/Stage 2: Hydrogen Production","processType":"UNIT_PROCESS","flowType":"PRODUCT_FLOW"},"exchange":{"@type":"Exchange","internalId":9}},{"provider":{"@type":"Process","@id":"bc89999e-bfe9-4ab7-af9b-3ae6a450ff0d","name":"CCS: Transportation","category":"Case 1: Hydrogen Production (Cradle-to-gate 1) with CCS (MJ)/Carbon capture and storage","processType":"UNIT_PROCESS","flowType":"PRODUCT_FLOW"},"flow":{"@type":"Flow","@id":"c0ae6cec-04e2-410c-892e-52d5563cb4e9","name":"CCS: Transportation","flowType":"PRODUCT_FLOW","refUnit":"Item(s)"},"process":{"@type":"Process","@id":"1beacfc2-3d5f-49e5-a5ca-479a522d0893","name":"Carbon capture and storage","category":"Case 1: Hydrogen Production (Cradle-to-gate 1) with CCS (MJ)/Carbon capture and storage","processType":"UNIT_PROCESS","flowType":"PRODUCT_FLOW"},"exchange":{"@type":"Exchange","internalId":9}},{"provider":{"@type":"Process","@id":"254b1f6f-647f-4047-ac0d-839c23120a2d","name":"Stage 2: Capital Goods","category":"Case 1: Hydrogen Production (Cradle-to-gate 1) with CCS (MJ)/Stage 2: Hydrogen Production","processType":"UNIT_PROCESS","flowType":"PRODUCT_FLOW"},"flow":{"@type":"Flow","@id":"eb136cd4-a7a5-473d-abdf-75d3ca1866f6","name":"Stage 2: Capital Goods","flowType":"PRODUCT_FLOW","refUnit":"Item(s)"},"process":{"@type":"Process","@id":"a9a54adc-5d47-48f6-8679-0a648d52c186","name":"Hydrogen Production","category":"Case 1: Hydrogen Production (Cradle-to-gate 1) with CCS (MJ)/Stage 2: Hydrogen Production","processType":"UNIT_PROCESS","flowType":"PRODUCT_FLOW"},"exchange":{"@type":"Exchange","internalId":6}},{"provider":{"@type":"Process","@id":"6cb966f0-5d68-4b5f-a333-8e81b5edb479","name":"CCS: Raw Materials","category":"Case 1: Hydrogen Production (Cradle-to-gate 1) with CCS (MJ)/Carbon capture and storage","processType":"UNIT_PROCESS","flowType":"PRODUCT_FLOW"},"flow":{"@type":"Flow","@id":"a480bd84-e195-4cba-8270-0f1cd3498dbe","name":"CCS: Raw Materials","flowType":"PRODUCT_FLOW","refUnit":"Item(s)"},"process":{"@type":"Process","@id":"1beacfc2-3d5f-49e5-a5ca-479a522d0893","name":"Carbon capture and storage","category":"Case 1: Hydrogen Production (Cradle-to-gate 1) with CCS (MJ)/Carbon capture and storage","processType":"UNIT_PROCESS","flowType":"PRODUCT_FLOW"},"exchange":{"@type":"Exchange","internalId":8}},{"provider":{"@type":"Process","@id":"50db6b81-dcf1-4fa4-a480-f197a7888b4d","name":"Stage 2: Energy Consumption","category":"Case 1: Hydrogen Production (Cradle-to-gate 1) with CCS (MJ)/Stage 2: Hydrogen Production","processType":"UNIT_PROCESS","flowType":"PRODUCT_FLOW"},"flow":{"@type":"Flow","@id":"22d3c391-f73f-4e75-be86-210e2f094fd3","name":"Stage 2: Energy Consumption","flowType":"PRODUCT_FLOW","refUnit":"Item(s)"},"process":{"@type":"Process","@id":"a9a54adc-5d47-48f6-8679-0a648d52c186","name":"Hydrogen Production","category":"Case 1: Hydrogen Production (Cradle-to-gate 1) with CCS (MJ)/Stage 2: Hydrogen Production","processType":"UNIT_PROCESS","flowType":"PRODUCT_FLOW"},"exchange":{"@type":"Exchange","internalId":7}},{"provider":{"@type":"Process","@id":"1beacfc2-3d5f-49e5-a5ca-479a522d0893","name":"Carbon capture and storage","category":"Case 1: Hydrogen Production (Cradle-to-gate 1) with CCS (MJ)/Carbon capture and storage","processType":"UNIT_PROCESS","flowType":"PRODUCT_FLOW"},"flow":{"@type":"Flow","@id":"1bd5e8e5-0f95-4372-b076-975454963e8c","name":"Carbon capture and storage","flowType":"PRODUCT_FLOW","refUnit":"kg"},"process":{"@type":"Process","@id":"96d68f8c-26ab-4213-89cd-924903e73b96","name":"Hydrogen Production (Cradle-to-gate 1) with CCS (MJ)","category":"Case 1: Hydrogen Production (Cradle-to-gate 1) with CCS (MJ)","processType":"UNIT_PROCESS","flowType":"PRODUCT_FLOW"},"exchange":{"@type":"Exchange","internalId":5}},{"provider":{"@type":"Process","@id":"d09d7766-a81d-4e01-bc9f-cf7bd0efe436","name":"CCS: Energy Consumption","category":"Case 1: Hydrogen Production (Cradle-to-gate 1) with CCS (MJ)/Carbon capture and storage","processType":"UNIT_PROCESS","flowType":"PRODUCT_FLOW"},"flow":{"@type":"Flow","@id":"92f2350b-1764-43bb-adeb-179feb8c93c6","name":"CCS: Energy Consumption","flowType":"PRODUCT_FLOW","refUnit":"Item(s)"},"process":{"@type":"Process","@id":"1beacfc2-3d5f-49e5-a5ca-479a522d0893","name":"Carbon capture and storage","category":"Case 1: Hydrogen Production (Cradle-to-gate 1) with CCS (MJ)/Carbon capture and storage","processType":"UNIT_PROCESS","flowType":"PRODUCT_FLOW"},"exchange":{"@type":"Exchange","internalId":7}},{"provider":{"@type":"Process","@id":"64363eee-0cd4-475b-9daa-bb2e017f8868","name":"Stage 2: Raw Materials","category":"Case 1: Hydrogen Production (Cradle-to-gate 1) with CCS (MJ)/Stage 2: Hydrogen Production","processType":"UNIT_PROCESS","flowType":"PRODUCT_FLOW"},"flow":{"@type":"Flow","@id":"364d87b5-99a3-4b87-b24a-1429225883da","name":"Stage 2: Raw Materials","flowType":"PRODUCT_FLOW","refUnit":"Item(s)"},"process":{"@type":"Process","@id":"a9a54adc-5d47-48f6-8679-0a648d52c186","name":"Hydrogen Production","category":"Case 1: Hydrogen Production (Cradle-to-gate 1) with CCS (MJ)/Stage 2: Hydrogen Production","processType":"UNIT_PROCESS","flowType":"PRODUCT_FLOW"},"exchange":{"@type":"Exchange","internalId":8}}]}