{"@type":"Process","@id":"41598df5-2eb6-4f2a-bb8d-c12b3094a8c0","name":"CCS: Capital Goods","description":"","category":"Case 1: Hydrogen Production (Cradle-to-gate 6) with CCS (kg)/Carbon capture and storage","version":"00.00.009","lastChange":"2024-03-27T10:16:23.935Z","processType":"UNIT_PROCESS","isInfrastructureProcess":false,"processDocumentation":{"isCopyrightProtected":false,"creationDate":"2023-08-15T12:56:40.599"},"lastInternalId":1,"parameters":[],"exchanges":[{"@type":"Exchange","isAvoidedProduct":false,"isInput":false,"amount":1.0,"internalId":1,"flow":{"@type":"Flow","@id":"780f34b7-8c65-4224-b9e0-cff8a12a0072","name":"CCS: Capital Goods","flowType":"PRODUCT_FLOW","refUnit":"Item(s)"},"unit":{"@type":"Unit","@id":"6dabe201-aaac-4509-92f0-d00c26cb72ab","name":"Item(s)"},"flowProperty":{"@type":"FlowProperty","@id":"01846770-4cfe-4a25-8ad9-919d8d378345","name":"Number of items","category":"Technical flow properties","refUnit":"Item(s)"},"isQuantitativeReference":true}],"socialAspects":[],"allocationFactors":[]}