{"@type":"Process","@id":"f7e6e621-028a-4e79-a48d-5a0fbcb35581","name":"Operating Stage","description":"","category":"Case 2: Hydrogen Use (Cradle-to-grave) for electricity generation (MJ)/Operating Stage","version":"00.00.001","lastChange":"2023-08-21T12:21:07.165Z","processType":"UNIT_PROCESS","isInfrastructureProcess":false,"processDocumentation":{"isCopyrightProtected":false,"creationDate":"2023-08-21T14:09:40.102"},"lastInternalId":4,"parameters":[],"exchanges":[{"@type":"Exchange","isAvoidedProduct":false,"isInput":false,"amount":1.0,"internalId":1,"flow":{"@type":"Flow","@id":"cb27e795-db9e-4cc4-b168-492a847931d1","name":"Operating Stage","flowType":"PRODUCT_FLOW","refUnit":"Item(s)"},"unit":{"@type":"Unit","@id":"6dabe201-aaac-4509-92f0-d00c26cb72ab","name":"Item(s)"},"flowProperty":{"@type":"FlowProperty","@id":"01846770-4cfe-4a25-8ad9-919d8d378345","name":"Number of items","category":"Technical flow properties","refUnit":"Item(s)"},"isQuantitativeReference":true},{"@type":"Exchange","isAvoidedProduct":false,"isInput":true,"amount":1.0,"internalId":3,"flow":{"@type":"Flow","@id":"ef6e55cf-cbde-4a24-873b-467b187c66e5","name":"Operating Stage: Maintenance","flowType":"PRODUCT_FLOW","refUnit":"Item(s)"},"unit":{"@type":"Unit","@id":"6dabe201-aaac-4509-92f0-d00c26cb72ab","name":"Item(s)"},"flowProperty":{"@type":"FlowProperty","@id":"01846770-4cfe-4a25-8ad9-919d8d378345","name":"Number of items","category":"Technical flow properties","refUnit":"Item(s)"},"defaultProvider":{"@type":"Process","@id":"1a6cab16-c6c3-41a0-88c6-c701afc83e61","name":"Operating Stage: Maintenance","category":"Case 2: Hydrogen Use (Cradle-to-grave) for electricity generation (MJ)/Operating Stage","processType":"UNIT_PROCESS","flowType":"PRODUCT_FLOW"}},{"@type":"Exchange","isAvoidedProduct":false,"isInput":true,"amount":1.0,"internalId":2,"flow":{"@type":"Flow","@id":"36c790f6-d16a-4a1b-8097-946c697ed046","name":"Operating Source: Hydrogen Use","flowType":"PRODUCT_FLOW","refUnit":"Item(s)"},"unit":{"@type":"Unit","@id":"6dabe201-aaac-4509-92f0-d00c26cb72ab","name":"Item(s)"},"flowProperty":{"@type":"FlowProperty","@id":"01846770-4cfe-4a25-8ad9-919d8d378345","name":"Number of items","category":"Technical flow properties","refUnit":"Item(s)"},"defaultProvider":{"@type":"Process","@id":"33f03030-74fb-458e-8ac0-3bf1b0ece5be","name":"Operating Source: Hydrogen Use","category":"Case 2: Hydrogen Use (Cradle-to-grave) for electricity generation (MJ)/Operating Stage","processType":"UNIT_PROCESS","flowType":"PRODUCT_FLOW"}},{"@type":"Exchange","isAvoidedProduct":false,"isInput":true,"amount":1.0,"internalId":4,"flow":{"@type":"Flow","@id":"2e160fc5-1d0d-459a-91ba-c22cd7e3a98d","name":"Operating Stage: Material Inputs","flowType":"PRODUCT_FLOW","refUnit":"Item(s)"},"unit":{"@type":"Unit","@id":"6dabe201-aaac-4509-92f0-d00c26cb72ab","name":"Item(s)"},"flowProperty":{"@type":"FlowProperty","@id":"01846770-4cfe-4a25-8ad9-919d8d378345","name":"Number of items","category":"Technical flow properties","refUnit":"Item(s)"},"defaultProvider":{"@type":"Process","@id":"bfd9014a-71d6-4eab-b4e1-0d4dc7d64dc4","name":"Operating Stage: Material Inputs","category":"Case 2: Hydrogen Use (Cradle-to-grave) for electricity generation (MJ)/Operating Stage","processType":"UNIT_PROCESS","flowType":"PRODUCT_FLOW"}}],"socialAspects":[],"allocationFactors":[]}