{"@type":"ProductSystem","@id":"893dca54-0e06-4b2b-a4ab-0b3d00628d86","name":"Hydrogen Use (Cradle-to-grave) for transportation","description":"First created: 2023-09-28T13:52:24\nLinking approach during creation: Prefer default providers; Preferred process type: System process","version":"00.00.000","lastChange":"2023-09-28T11:52:24.780Z","refProcess":{"@type":"Process","@id":"9305c1bf-9194-4f56-b851-2db0e70b1f18","name":"Hydrogen Use (Cradle-to-grave) for transportation","category":"Case 2: Hydrogen Use (Cradle-to-grave) for transportation (km)","processType":"UNIT_PROCESS","flowType":"PRODUCT_FLOW"},"refExchange":{"@type":"Exchange","internalId":1,"flow":{"@type":"Flow","@id":"dbdcd528-b727-4670-b0fe-678b6815fcdc","name":"Distance travelled","flowType":"PRODUCT_FLOW","refUnit":"m"}},"targetFlowProperty":{"@type":"FlowProperty","@id":"838aaa23-0117-11db-92e3-0800200c9a66","name":"Length","category":"Technical flow properties","refUnit":"m"},"targetUnit":{"@type":"Unit","@id":"3d314eab-ef11-4ff3-a35e-9bc5cd858694","name":"m"},"targetAmount":1.0,"processes":[{"@type":"Process","@id":"e3c69586-e547-4a70-831c-11bedffa3d34","name":"Use/Maintenance ","category":"Case 2: Hydrogen Use (Cradle-to-grave) for transportation (km)/Vehicle Use Stage","processType":"UNIT_PROCESS","flowType":"PRODUCT_FLOW"},{"@type":"Process","@id":"9305c1bf-9194-4f56-b851-2db0e70b1f18","name":"Hydrogen Use (Cradle-to-grave) for transportation","category":"Case 2: Hydrogen Use (Cradle-to-grave) for transportation (km)","processType":"UNIT_PROCESS","flowType":"PRODUCT_FLOW"},{"@type":"Process","@id":"a09ee3d2-8ae1-47ed-87df-3c8ae2d3aa14","name":"Vehicle Production","category":"Case 2: Hydrogen Use (Cradle-to-grave) for transportation (km)/Vehicle Production","processType":"UNIT_PROCESS","flowType":"PRODUCT_FLOW"},{"@type":"Process","@id":"f8748c30-ff91-4c04-aed2-6dc2b5cb28ed","name":"Vehicle Production: Capital Goods","category":"Case 2: Hydrogen Use (Cradle-to-grave) for transportation (km)/Vehicle Production","processType":"UNIT_PROCESS","flowType":"PRODUCT_FLOW"},{"@type":"Process","@id":"74d98e30-1c60-4109-85b7-446a8277b74e","name":"End-of-Life: Collection/Transportation","category":"Case 2: Hydrogen Use (Cradle-to-grave) for transportation (km)/Vehicle End-of-life Stage","processType":"UNIT_PROCESS","flowType":"WASTE_FLOW"},{"@type":"Process","@id":"1a0e5567-c587-413e-835f-7d77b35d5939","name":"Vehicle Production: Powertrain","category":"Case 2: Hydrogen Use (Cradle-to-grave) for transportation (km)/Vehicle Production","processType":"UNIT_PROCESS","flowType":"PRODUCT_FLOW"},{"@type":"Process","@id":"86ac69c0-8deb-42b9-b55e-e59e8f4c5d1a","name":"Vehicle Production: Glider","category":"Case 2: Hydrogen Use (Cradle-to-grave) for transportation (km)/Vehicle Production","processType":"UNIT_PROCESS","flowType":"PRODUCT_FLOW"},{"@type":"Process","@id":"a3e712fc-4b45-4222-8675-4bd018ac06f2","name":"End-of-Life: Final Treatment","category":"Case 2: Hydrogen Use (Cradle-to-grave) for transportation (km)/Vehicle End-of-life Stage","processType":"UNIT_PROCESS","flowType":"WASTE_FLOW"},{"@type":"Process","@id":"99793af6-edbe-4199-8e02-0c143f4c1c90","name":"End-of-Life: Disassembly","category":"Case 2: Hydrogen Use (Cradle-to-grave) for transportation (km)/Vehicle End-of-life Stage","processType":"UNIT_PROCESS","flowType":"WASTE_FLOW"},{"@type":"Process","@id":"e5c23e46-9eab-405a-a598-d20c6c42634a","name":"Vehicle Production: Assembly","category":"Case 2: Hydrogen Use (Cradle-to-grave) for transportation (km)/Vehicle Production","processType":"UNIT_PROCESS","flowType":"PRODUCT_FLOW"},{"@type":"Process","@id":"67325d82-977f-4780-a39a-33603547a84f","name":"Vehicle Production: Hydrogen Tank","category":"Case 2: Hydrogen Use (Cradle-to-grave) for transportation (km)/Vehicle Production","processType":"UNIT_PROCESS","flowType":"PRODUCT_FLOW"},{"@type":"Process","@id":"589384fb-5083-40a3-9d76-19eb9245f94f","name":"End-of-Life: Sorting/Seperation","category":"Case 2: Hydrogen Use (Cradle-to-grave) for transportation (km)/Vehicle End-of-life Stage","processType":"UNIT_PROCESS","flowType":"WASTE_FLOW"},{"@type":"Process","@id":"570a4bc3-4624-43d5-850c-ea16b96e0f7f","name":"Vehicle End-of-Life","category":"Case 2: Hydrogen Use (Cradle-to-grave) for transportation (km)/Vehicle End-of-life Stage","processType":"UNIT_PROCESS","flowType":"WASTE_FLOW"}],"processLinks":[{"provider":{"@type":"Process","@id":"e5c23e46-9eab-405a-a598-d20c6c42634a","name":"Vehicle Production: Assembly","category":"Case 2: Hydrogen Use (Cradle-to-grave) for transportation (km)/Vehicle Production","processType":"UNIT_PROCESS","flowType":"PRODUCT_FLOW"},"flow":{"@type":"Flow","@id":"ed0cf7d0-0b76-4429-928f-036e95fc8a9c","name":"Assembled Vehicle","flowType":"PRODUCT_FLOW","refUnit":"Item(s)"},"process":{"@type":"Process","@id":"a09ee3d2-8ae1-47ed-87df-3c8ae2d3aa14","name":"Vehicle Production","category":"Case 2: Hydrogen Use (Cradle-to-grave) for transportation (km)/Vehicle Production","processType":"UNIT_PROCESS","flowType":"PRODUCT_FLOW"},"exchange":{"@type":"Exchange","internalId":6}},{"provider":{"@type":"Process","@id":"99793af6-edbe-4199-8e02-0c143f4c1c90","name":"End-of-Life: Disassembly","category":"Case 2: Hydrogen Use (Cradle-to-grave) for transportation (km)/Vehicle End-of-life Stage","processType":"UNIT_PROCESS","flowType":"WASTE_FLOW"},"flow":{"@type":"Flow","@id":"7146f505-2281-49ac-b1e4-710ada370094","name":"End-of-Life: Disassembly","flowType":"WASTE_FLOW","refUnit":"Item(s)"},"process":{"@type":"Process","@id":"570a4bc3-4624-43d5-850c-ea16b96e0f7f","name":"Vehicle End-of-Life","category":"Case 2: Hydrogen Use (Cradle-to-grave) for transportation (km)/Vehicle End-of-life Stage","processType":"UNIT_PROCESS","flowType":"WASTE_FLOW"},"exchange":{"@type":"Exchange","internalId":5}},{"provider":{"@type":"Process","@id":"86ac69c0-8deb-42b9-b55e-e59e8f4c5d1a","name":"Vehicle Production: Glider","category":"Case 2: Hydrogen Use (Cradle-to-grave) for transportation (km)/Vehicle Production","processType":"UNIT_PROCESS","flowType":"PRODUCT_FLOW"},"flow":{"@type":"Flow","@id":"b038e676-22f6-464c-8a49-4f2e05ae1fc4","name":"Vehicle Production: Glider","flowType":"PRODUCT_FLOW","refUnit":"Item(s)"},"process":{"@type":"Process","@id":"a09ee3d2-8ae1-47ed-87df-3c8ae2d3aa14","name":"Vehicle Production","category":"Case 2: Hydrogen Use (Cradle-to-grave) for transportation (km)/Vehicle Production","processType":"UNIT_PROCESS","flowType":"PRODUCT_FLOW"},"exchange":{"@type":"Exchange","internalId":7}},{"provider":{"@type":"Process","@id":"e3c69586-e547-4a70-831c-11bedffa3d34","name":"Use/Maintenance ","category":"Case 2: Hydrogen Use (Cradle-to-grave) for transportation (km)/Vehicle Use Stage","processType":"UNIT_PROCESS","flowType":"PRODUCT_FLOW"},"flow":{"@type":"Flow","@id":"554c6b4f-5693-4b8a-9c29-18f8d598454e","name":"Use/Maintenance ","flowType":"PRODUCT_FLOW","refUnit":"Item(s)"},"process":{"@type":"Process","@id":"9305c1bf-9194-4f56-b851-2db0e70b1f18","name":"Hydrogen Use (Cradle-to-grave) for transportation","category":"Case 2: Hydrogen Use (Cradle-to-grave) for transportation (km)","processType":"UNIT_PROCESS","flowType":"PRODUCT_FLOW"},"exchange":{"@type":"Exchange","internalId":4}},{"provider":{"@type":"Process","@id":"67325d82-977f-4780-a39a-33603547a84f","name":"Vehicle Production: Hydrogen Tank","category":"Case 2: Hydrogen Use (Cradle-to-grave) for transportation (km)/Vehicle Production","processType":"UNIT_PROCESS","flowType":"PRODUCT_FLOW"},"flow":{"@type":"Flow","@id":"fc12d454-3028-45bf-ab37-c3f3c179684b","name":"Vehicle Production: Hydrogen Tank","flowType":"PRODUCT_FLOW","refUnit":"Item(s)"},"process":{"@type":"Process","@id":"a09ee3d2-8ae1-47ed-87df-3c8ae2d3aa14","name":"Vehicle Production","category":"Case 2: Hydrogen Use (Cradle-to-grave) for transportation (km)/Vehicle Production","processType":"UNIT_PROCESS","flowType":"PRODUCT_FLOW"},"exchange":{"@type":"Exchange","internalId":4}},{"provider":{"@type":"Process","@id":"a3e712fc-4b45-4222-8675-4bd018ac06f2","name":"End-of-Life: Final Treatment","category":"Case 2: Hydrogen Use (Cradle-to-grave) for transportation (km)/Vehicle End-of-life Stage","processType":"UNIT_PROCESS","flowType":"WASTE_FLOW"},"flow":{"@type":"Flow","@id":"b4dd0fe0-16b6-4fab-b163-fac0525302a3","name":"End-of-Life: Final Treatment","flowType":"WASTE_FLOW","refUnit":"Item(s)"},"process":{"@type":"Process","@id":"570a4bc3-4624-43d5-850c-ea16b96e0f7f","name":"Vehicle End-of-Life","category":"Case 2: Hydrogen Use (Cradle-to-grave) for transportation (km)/Vehicle End-of-life Stage","processType":"UNIT_PROCESS","flowType":"WASTE_FLOW"},"exchange":{"@type":"Exchange","internalId":3}},{"provider":{"@type":"Process","@id":"570a4bc3-4624-43d5-850c-ea16b96e0f7f","name":"Vehicle End-of-Life","category":"Case 2: Hydrogen Use (Cradle-to-grave) for transportation (km)/Vehicle End-of-life Stage","processType":"UNIT_PROCESS","flowType":"WASTE_FLOW"},"flow":{"@type":"Flow","@id":"099dfddd-8d29-46b2-b6fd-b944edb6ceae","name":"Vehicle End-of-Life","flowType":"WASTE_FLOW","refUnit":"Item(s)"},"process":{"@type":"Process","@id":"9305c1bf-9194-4f56-b851-2db0e70b1f18","name":"Hydrogen Use (Cradle-to-grave) for transportation","category":"Case 2: Hydrogen Use (Cradle-to-grave) for transportation (km)","processType":"UNIT_PROCESS","flowType":"PRODUCT_FLOW"},"exchange":{"@type":"Exchange","internalId":5}},{"provider":{"@type":"Process","@id":"1a0e5567-c587-413e-835f-7d77b35d5939","name":"Vehicle Production: Powertrain","category":"Case 2: Hydrogen Use (Cradle-to-grave) for transportation (km)/Vehicle Production","processType":"UNIT_PROCESS","flowType":"PRODUCT_FLOW"},"flow":{"@type":"Flow","@id":"b74711d4-796a-499a-9ba3-ef643b80a31f","name":"Vehicle Manufacturing: Raw Materials","flowType":"PRODUCT_FLOW","refUnit":"Item(s)"},"process":{"@type":"Process","@id":"a09ee3d2-8ae1-47ed-87df-3c8ae2d3aa14","name":"Vehicle Production","category":"Case 2: Hydrogen Use (Cradle-to-grave) for transportation (km)/Vehicle Production","processType":"UNIT_PROCESS","flowType":"PRODUCT_FLOW"},"exchange":{"@type":"Exchange","internalId":8}},{"provider":{"@type":"Process","@id":"74d98e30-1c60-4109-85b7-446a8277b74e","name":"End-of-Life: Collection/Transportation","category":"Case 2: Hydrogen Use (Cradle-to-grave) for transportation (km)/Vehicle End-of-life Stage","processType":"UNIT_PROCESS","flowType":"WASTE_FLOW"},"flow":{"@type":"Flow","@id":"3fc0fbfc-f7f3-492c-b98e-659e930ad3c6","name":"End-of-Life: Collection/Transportation","flowType":"WASTE_FLOW","refUnit":"Item(s)"},"process":{"@type":"Process","@id":"570a4bc3-4624-43d5-850c-ea16b96e0f7f","name":"Vehicle End-of-Life","category":"Case 2: Hydrogen Use (Cradle-to-grave) for transportation (km)/Vehicle End-of-life Stage","processType":"UNIT_PROCESS","flowType":"WASTE_FLOW"},"exchange":{"@type":"Exchange","internalId":2}},{"provider":{"@type":"Process","@id":"a09ee3d2-8ae1-47ed-87df-3c8ae2d3aa14","name":"Vehicle Production","category":"Case 2: Hydrogen Use (Cradle-to-grave) for transportation (km)/Vehicle Production","processType":"UNIT_PROCESS","flowType":"PRODUCT_FLOW"},"flow":{"@type":"Flow","@id":"052b6e2f-0d3b-4633-8f14-c37888a18937","name":"Vehicle Production","flowType":"PRODUCT_FLOW","refUnit":"Item(s)"},"process":{"@type":"Process","@id":"9305c1bf-9194-4f56-b851-2db0e70b1f18","name":"Hydrogen Use (Cradle-to-grave) for transportation","category":"Case 2: Hydrogen Use (Cradle-to-grave) for transportation (km)","processType":"UNIT_PROCESS","flowType":"PRODUCT_FLOW"},"exchange":{"@type":"Exchange","internalId":2}},{"provider":{"@type":"Process","@id":"f8748c30-ff91-4c04-aed2-6dc2b5cb28ed","name":"Vehicle Production: Capital Goods","category":"Case 2: Hydrogen Use (Cradle-to-grave) for transportation (km)/Vehicle Production","processType":"UNIT_PROCESS","flowType":"PRODUCT_FLOW"},"flow":{"@type":"Flow","@id":"7ba90ac8-2a41-4d5f-9ef0-0ca457ea8dec","name":"Vehicle Production: Capital Goods","flowType":"PRODUCT_FLOW","refUnit":"Item(s)"},"process":{"@type":"Process","@id":"a09ee3d2-8ae1-47ed-87df-3c8ae2d3aa14","name":"Vehicle Production","category":"Case 2: Hydrogen Use (Cradle-to-grave) for transportation (km)/Vehicle Production","processType":"UNIT_PROCESS","flowType":"PRODUCT_FLOW"},"exchange":{"@type":"Exchange","internalId":3}},{"provider":{"@type":"Process","@id":"589384fb-5083-40a3-9d76-19eb9245f94f","name":"End-of-Life: Sorting/Seperation","category":"Case 2: Hydrogen Use (Cradle-to-grave) for transportation (km)/Vehicle End-of-life Stage","processType":"UNIT_PROCESS","flowType":"WASTE_FLOW"},"flow":{"@type":"Flow","@id":"f6589270-6aac-4d11-a9c6-ebb17b42b2ea","name":"End-of-Life: Sorting/Seperation","flowType":"WASTE_FLOW","refUnit":"Item(s)"},"process":{"@type":"Process","@id":"570a4bc3-4624-43d5-850c-ea16b96e0f7f","name":"Vehicle End-of-Life","category":"Case 2: Hydrogen Use (Cradle-to-grave) for transportation (km)/Vehicle End-of-life Stage","processType":"UNIT_PROCESS","flowType":"WASTE_FLOW"},"exchange":{"@type":"Exchange","internalId":4}}]}