{"@type":"Process","@id":"9c662fdb-4628-422a-b0e2-9467e24bf1c8","name":"Stage 4: Capital Goods","description":"","category":"Case 1: Hydrogen Production (Cradle-to-gate 5) with CCS (kg)/Stage 4: Hydrogen Compression","version":"00.00.005","lastChange":"2023-08-16T10:12:24.698Z","processType":"UNIT_PROCESS","isInfrastructureProcess":false,"processDocumentation":{"isCopyrightProtected":false,"creationDate":"2023-08-11T13:53:52.793"},"lastInternalId":1,"parameters":[],"exchanges":[{"@type":"Exchange","isAvoidedProduct":false,"isInput":false,"amount":1.0,"internalId":1,"flow":{"@type":"Flow","@id":"debc9e81-39a2-4cb8-bd4a-962ac0a48fe2","name":"Stage 4: Capital Goods","flowType":"PRODUCT_FLOW","refUnit":"Item(s)"},"unit":{"@type":"Unit","@id":"6dabe201-aaac-4509-92f0-d00c26cb72ab","name":"Item(s)"},"flowProperty":{"@type":"FlowProperty","@id":"01846770-4cfe-4a25-8ad9-919d8d378345","name":"Number of items","category":"Technical flow properties","refUnit":"Item(s)"},"isQuantitativeReference":true}],"socialAspects":[],"allocationFactors":[]}