{"@type":"ProductSystem","@id":"075af94a-d881-40b1-a2e7-3bfadf4a1983","name":"Hydrogen Production (Cradle-to-gate 4) (MJ)","description":"First created: 2023-10-04T12:40:30\nLinking approach during creation: Prefer default providers; Preferred process type: System process","version":"00.00.000","lastChange":"2023-10-04T10:40:30.424Z","refProcess":{"@type":"Process","@id":"5218f277-5fb0-43f5-8333-453cd52bfb32","name":"Hydrogen Production (Cradle-to-gate 4) (MJ)","category":"Case 1: Hydrogen Production (Cradle-to-gate 4) (MJ)","processType":"UNIT_PROCESS","flowType":"PRODUCT_FLOW"},"refExchange":{"@type":"Exchange","internalId":1,"flow":{"@type":"Flow","@id":"5b996d4a-790d-4247-9a4e-5c48c4cb443d","name":"Hydrogen Production (Cradle-to-gate 4) (MJ)","flowType":"PRODUCT_FLOW","refUnit":"MJ"}},"targetFlowProperty":{"@type":"FlowProperty","@id":"f6811440-ee37-11de-8a39-0800200c9a66","name":"Energy","category":"Technical flow properties","refUnit":"MJ"},"targetUnit":{"@type":"Unit","@id":"52765a6c-3896-43c2-b2f4-c679acf13efe","name":"MJ"},"targetAmount":1.0,"processes":[{"@type":"Process","@id":"521fe3d6-9bfb-409e-93c7-679a38a3325a","name":"Stage 3: Raw Materials","category":"Case 1: Hydrogen Production (Cradle-to-gate 4) (MJ)/Stage 3: Hydrogen Purification","processType":"UNIT_PROCESS","flowType":"PRODUCT_FLOW"},{"@type":"Process","@id":"df12edea-1fc1-4849-b2c2-df202bac7c3f","name":"Stage 1: Raw Materials","category":"Case 1: Hydrogen Production (Cradle-to-gate 4) (MJ)/Stage 1: Mining \u0026 Preparation","processType":"UNIT_PROCESS","flowType":"PRODUCT_FLOW"},{"@type":"Process","@id":"e478ca2b-cd40-4415-abe4-ea7b2d9204f6","name":"Stage 1: Transportation","category":"Case 1: Hydrogen Production (Cradle-to-gate 4) (MJ)/Stage 1: Mining \u0026 Preparation","processType":"UNIT_PROCESS","flowType":"PRODUCT_FLOW"},{"@type":"Process","@id":"2f0fd3b9-a0ea-4e97-afe9-fe95731e836c","name":"Stage 1: Capital Goods ","category":"Case 1: Hydrogen Production (Cradle-to-gate 4) (MJ)/Stage 1: Mining \u0026 Preparation","processType":"UNIT_PROCESS","flowType":"PRODUCT_FLOW"},{"@type":"Process","@id":"d76173f5-a9d9-4d23-ba0e-217e40e37b0e","name":"Stage 4: Energy Consumption","category":"Case 1: Hydrogen Production (Cradle-to-gate 4) (MJ)/Stage 4: Hydrogen Compression","processType":"UNIT_PROCESS","flowType":"PRODUCT_FLOW"},{"@type":"Process","@id":"78e650fa-fd30-4772-9f8c-aa9cee177574","name":"Stage 3: Energy Consumption","category":"Case 1: Hydrogen Production (Cradle-to-gate 4) (MJ)/Stage 3: Hydrogen Purification","processType":"UNIT_PROCESS","flowType":"PRODUCT_FLOW"},{"@type":"Process","@id":"5218f277-5fb0-43f5-8333-453cd52bfb32","name":"Hydrogen Production (Cradle-to-gate 4) (MJ)","category":"Case 1: Hydrogen Production (Cradle-to-gate 4) (MJ)","processType":"UNIT_PROCESS","flowType":"PRODUCT_FLOW"},{"@type":"Process","@id":"93f9100f-a65f-48fa-9311-b146b922f91d","name":"Stage 2: Raw Materials","category":"Case 1: Hydrogen Production (Cradle-to-gate 4) (MJ)/Stage 2: Hydrogen Production","processType":"UNIT_PROCESS","flowType":"PRODUCT_FLOW"},{"@type":"Process","@id":"2caf71ff-c863-49f8-889a-8d8a751f4228","name":"Stage 1: Energy Consumption ","category":"Case 1: Hydrogen Production (Cradle-to-gate 4) (MJ)/Stage 1: Mining \u0026 Preparation","processType":"UNIT_PROCESS","flowType":"PRODUCT_FLOW"},{"@type":"Process","@id":"e4c3a4cf-5c49-4ece-b9b4-38117ed0cef7","name":"Mining \u0026 Preparation ","category":"Case 1: Hydrogen Production (Cradle-to-gate 4) (MJ)/Stage 1: Mining \u0026 Preparation","processType":"UNIT_PROCESS","flowType":"PRODUCT_FLOW"},{"@type":"Process","@id":"583114fe-9d36-4cef-a5b9-a8775bce9f8c","name":"Stage 2: Energy Consumption","category":"Case 1: Hydrogen Production (Cradle-to-gate 4) (MJ)/Stage 2: Hydrogen Production","processType":"UNIT_PROCESS","flowType":"PRODUCT_FLOW"},{"@type":"Process","@id":"bb86c6dd-2d08-4b0e-a4f4-4e91afb190e9","name":"Stage 3: Capital Goods","category":"Case 1: Hydrogen Production (Cradle-to-gate 4) (MJ)/Stage 3: Hydrogen Purification","processType":"UNIT_PROCESS","flowType":"PRODUCT_FLOW"},{"@type":"Process","@id":"014a669b-1f85-4a31-8c5f-97605df5323b","name":"Hydrogen Production","category":"Case 1: Hydrogen Production (Cradle-to-gate 4) (MJ)/Stage 2: Hydrogen Production","processType":"UNIT_PROCESS","flowType":"PRODUCT_FLOW"},{"@type":"Process","@id":"ea9fb824-7e45-41e7-86f6-3eefedc53c7d","name":"Stage 5: Transport of Compressed H2","category":"Case 1: Hydrogen Production (Cradle-to-gate 4) (MJ)/Stage 5: Transportation","processType":"UNIT_PROCESS","flowType":"PRODUCT_FLOW"},{"@type":"Process","@id":"a075e26a-f448-4e9f-9e09-beb0663465ba","name":"Stage 4: Transportation","category":"Case 1: Hydrogen Production (Cradle-to-gate 4) (MJ)/Stage 4: Hydrogen Compression","processType":"UNIT_PROCESS","flowType":"PRODUCT_FLOW"},{"@type":"Process","@id":"4abcbe4d-00ad-475d-acbd-62388ae52bca","name":"Stage 3: Transportation","category":"Case 1: Hydrogen Production (Cradle-to-gate 4) (MJ)/Stage 3: Hydrogen Purification","processType":"UNIT_PROCESS","flowType":"PRODUCT_FLOW"},{"@type":"Process","@id":"34133069-fe52-4ab2-982b-23cd6c6384ba","name":"Stage 2: Transportation","category":"Case 1: Hydrogen Production (Cradle-to-gate 4) (MJ)/Stage 2: Hydrogen Production","processType":"UNIT_PROCESS","flowType":"PRODUCT_FLOW"},{"@type":"Process","@id":"ce27e480-605d-4a67-99e5-b853cf7a9afa","name":"Stage 2: Capital Goods","category":"Case 1: Hydrogen Production (Cradle-to-gate 4) (MJ)/Stage 2: Hydrogen Production","processType":"UNIT_PROCESS","flowType":"PRODUCT_FLOW"},{"@type":"Process","@id":"972f9fbd-946d-4d78-93b2-60a21d8df7fd","name":"Stage 4: Raw Materials","category":"Case 1: Hydrogen Production (Cradle-to-gate 4) (MJ)/Stage 4: Hydrogen Compression","processType":"UNIT_PROCESS","flowType":"PRODUCT_FLOW"},{"@type":"Process","@id":"d87a1f23-9b5f-4b95-86d8-ca8562aae071","name":"Hydrogen Compression","category":"Case 1: Hydrogen Production (Cradle-to-gate 4) (MJ)/Stage 4: Hydrogen Compression","processType":"UNIT_PROCESS","flowType":"PRODUCT_FLOW"},{"@type":"Process","@id":"aa3d3684-b275-45b5-a61f-89450d0a85be","name":"Stage 4: Capital Goods","category":"Case 1: Hydrogen Production (Cradle-to-gate 4) (MJ)/Stage 4: Hydrogen Compression","processType":"UNIT_PROCESS","flowType":"PRODUCT_FLOW"},{"@type":"Process","@id":"814e1eb1-f74a-4fbd-98ad-967311816a4b","name":"Hydrogen Purification","category":"Case 1: Hydrogen Production (Cradle-to-gate 4) (MJ)/Stage 3: Hydrogen Purification","processType":"UNIT_PROCESS","flowType":"PRODUCT_FLOW"}],"processLinks":[{"provider":{"@type":"Process","@id":"34133069-fe52-4ab2-982b-23cd6c6384ba","name":"Stage 2: Transportation","category":"Case 1: Hydrogen Production (Cradle-to-gate 4) (MJ)/Stage 2: Hydrogen Production","processType":"UNIT_PROCESS","flowType":"PRODUCT_FLOW"},"flow":{"@type":"Flow","@id":"54e0f1c1-8696-4a6e-93d3-d5460372c6fe","name":"Stage 2: Transportation","flowType":"PRODUCT_FLOW","refUnit":"Item(s)"},"process":{"@type":"Process","@id":"014a669b-1f85-4a31-8c5f-97605df5323b","name":"Hydrogen Production","category":"Case 1: Hydrogen Production (Cradle-to-gate 4) (MJ)/Stage 2: Hydrogen Production","processType":"UNIT_PROCESS","flowType":"PRODUCT_FLOW"},"exchange":{"@type":"Exchange","internalId":9}},{"provider":{"@type":"Process","@id":"e478ca2b-cd40-4415-abe4-ea7b2d9204f6","name":"Stage 1: Transportation","category":"Case 1: Hydrogen Production (Cradle-to-gate 4) (MJ)/Stage 1: Mining \u0026 Preparation","processType":"UNIT_PROCESS","flowType":"PRODUCT_FLOW"},"flow":{"@type":"Flow","@id":"20273fa8-d1f9-4e21-a7e6-e35d468d9424","name":"Stage 1: Transportation","flowType":"PRODUCT_FLOW","refUnit":"Item(s)"},"process":{"@type":"Process","@id":"e4c3a4cf-5c49-4ece-b9b4-38117ed0cef7","name":"Mining \u0026 Preparation ","category":"Case 1: Hydrogen Production (Cradle-to-gate 4) (MJ)/Stage 1: Mining \u0026 Preparation","processType":"UNIT_PROCESS","flowType":"PRODUCT_FLOW"},"exchange":{"@type":"Exchange","internalId":9}},{"provider":{"@type":"Process","@id":"583114fe-9d36-4cef-a5b9-a8775bce9f8c","name":"Stage 2: Energy Consumption","category":"Case 1: Hydrogen Production (Cradle-to-gate 4) (MJ)/Stage 2: Hydrogen Production","processType":"UNIT_PROCESS","flowType":"PRODUCT_FLOW"},"flow":{"@type":"Flow","@id":"22d3c391-f73f-4e75-be86-210e2f094fd3","name":"Stage 2: Energy Consumption","flowType":"PRODUCT_FLOW","refUnit":"Item(s)"},"process":{"@type":"Process","@id":"014a669b-1f85-4a31-8c5f-97605df5323b","name":"Hydrogen Production","category":"Case 1: Hydrogen Production (Cradle-to-gate 4) (MJ)/Stage 2: Hydrogen Production","processType":"UNIT_PROCESS","flowType":"PRODUCT_FLOW"},"exchange":{"@type":"Exchange","internalId":7}},{"provider":{"@type":"Process","@id":"2caf71ff-c863-49f8-889a-8d8a751f4228","name":"Stage 1: Energy Consumption ","category":"Case 1: Hydrogen Production (Cradle-to-gate 4) (MJ)/Stage 1: Mining \u0026 Preparation","processType":"UNIT_PROCESS","flowType":"PRODUCT_FLOW"},"flow":{"@type":"Flow","@id":"f5914253-6230-4428-8301-e1fdb2151672","name":"Stage 1: Energy Consumption","flowType":"PRODUCT_FLOW","refUnit":"Item(s)"},"process":{"@type":"Process","@id":"e4c3a4cf-5c49-4ece-b9b4-38117ed0cef7","name":"Mining \u0026 Preparation ","category":"Case 1: Hydrogen Production (Cradle-to-gate 4) (MJ)/Stage 1: Mining \u0026 Preparation","processType":"UNIT_PROCESS","flowType":"PRODUCT_FLOW"},"exchange":{"@type":"Exchange","internalId":7}},{"provider":{"@type":"Process","@id":"93f9100f-a65f-48fa-9311-b146b922f91d","name":"Stage 2: Raw Materials","category":"Case 1: Hydrogen Production (Cradle-to-gate 4) (MJ)/Stage 2: Hydrogen Production","processType":"UNIT_PROCESS","flowType":"PRODUCT_FLOW"},"flow":{"@type":"Flow","@id":"364d87b5-99a3-4b87-b24a-1429225883da","name":"Stage 2: Raw Materials","flowType":"PRODUCT_FLOW","refUnit":"Item(s)"},"process":{"@type":"Process","@id":"014a669b-1f85-4a31-8c5f-97605df5323b","name":"Hydrogen Production","category":"Case 1: Hydrogen Production (Cradle-to-gate 4) (MJ)/Stage 2: Hydrogen Production","processType":"UNIT_PROCESS","flowType":"PRODUCT_FLOW"},"exchange":{"@type":"Exchange","internalId":8}},{"provider":{"@type":"Process","@id":"df12edea-1fc1-4849-b2c2-df202bac7c3f","name":"Stage 1: Raw Materials","category":"Case 1: Hydrogen Production (Cradle-to-gate 4) (MJ)/Stage 1: Mining \u0026 Preparation","processType":"UNIT_PROCESS","flowType":"PRODUCT_FLOW"},"flow":{"@type":"Flow","@id":"0356eda4-5b9d-4450-849a-08f1cc2a14da","name":"Stage 1: Raw Materials","flowType":"PRODUCT_FLOW","refUnit":"Item(s)"},"process":{"@type":"Process","@id":"e4c3a4cf-5c49-4ece-b9b4-38117ed0cef7","name":"Mining \u0026 Preparation ","category":"Case 1: Hydrogen Production (Cradle-to-gate 4) (MJ)/Stage 1: Mining \u0026 Preparation","processType":"UNIT_PROCESS","flowType":"PRODUCT_FLOW"},"exchange":{"@type":"Exchange","internalId":8}},{"provider":{"@type":"Process","@id":"ce27e480-605d-4a67-99e5-b853cf7a9afa","name":"Stage 2: Capital Goods","category":"Case 1: Hydrogen Production (Cradle-to-gate 4) (MJ)/Stage 2: Hydrogen Production","processType":"UNIT_PROCESS","flowType":"PRODUCT_FLOW"},"flow":{"@type":"Flow","@id":"eb136cd4-a7a5-473d-abdf-75d3ca1866f6","name":"Stage 2: Capital Goods","flowType":"PRODUCT_FLOW","refUnit":"Item(s)"},"process":{"@type":"Process","@id":"014a669b-1f85-4a31-8c5f-97605df5323b","name":"Hydrogen Production","category":"Case 1: Hydrogen Production (Cradle-to-gate 4) (MJ)/Stage 2: Hydrogen Production","processType":"UNIT_PROCESS","flowType":"PRODUCT_FLOW"},"exchange":{"@type":"Exchange","internalId":6}},{"provider":{"@type":"Process","@id":"2f0fd3b9-a0ea-4e97-afe9-fe95731e836c","name":"Stage 1: Capital Goods ","category":"Case 1: Hydrogen Production (Cradle-to-gate 4) (MJ)/Stage 1: Mining \u0026 Preparation","processType":"UNIT_PROCESS","flowType":"PRODUCT_FLOW"},"flow":{"@type":"Flow","@id":"333efdd5-8db6-4efb-a00d-7365225786f1","name":"Stage 1: Capital Goods","flowType":"PRODUCT_FLOW","refUnit":"Item(s)"},"process":{"@type":"Process","@id":"e4c3a4cf-5c49-4ece-b9b4-38117ed0cef7","name":"Mining \u0026 Preparation ","category":"Case 1: Hydrogen Production (Cradle-to-gate 4) (MJ)/Stage 1: Mining \u0026 Preparation","processType":"UNIT_PROCESS","flowType":"PRODUCT_FLOW"},"exchange":{"@type":"Exchange","internalId":6}},{"provider":{"@type":"Process","@id":"521fe3d6-9bfb-409e-93c7-679a38a3325a","name":"Stage 3: Raw Materials","category":"Case 1: Hydrogen Production (Cradle-to-gate 4) (MJ)/Stage 3: Hydrogen Purification","processType":"UNIT_PROCESS","flowType":"PRODUCT_FLOW"},"flow":{"@type":"Flow","@id":"31d416e0-4fa1-4cf0-a139-ef4ccbba3351","name":"Stage 3: Raw Materials","flowType":"PRODUCT_FLOW","refUnit":"Item(s)"},"process":{"@type":"Process","@id":"814e1eb1-f74a-4fbd-98ad-967311816a4b","name":"Hydrogen Purification","category":"Case 1: Hydrogen Production (Cradle-to-gate 4) (MJ)/Stage 3: Hydrogen Purification","processType":"UNIT_PROCESS","flowType":"PRODUCT_FLOW"},"exchange":{"@type":"Exchange","internalId":8}},{"provider":{"@type":"Process","@id":"4abcbe4d-00ad-475d-acbd-62388ae52bca","name":"Stage 3: Transportation","category":"Case 1: Hydrogen Production (Cradle-to-gate 4) (MJ)/Stage 3: Hydrogen Purification","processType":"UNIT_PROCESS","flowType":"PRODUCT_FLOW"},"flow":{"@type":"Flow","@id":"9016044c-0b7a-4f53-88b2-65b93ba7394e","name":"Stage 3: Transportation","flowType":"PRODUCT_FLOW","refUnit":"Item(s)"},"process":{"@type":"Process","@id":"814e1eb1-f74a-4fbd-98ad-967311816a4b","name":"Hydrogen Purification","category":"Case 1: Hydrogen Production (Cradle-to-gate 4) (MJ)/Stage 3: Hydrogen Purification","processType":"UNIT_PROCESS","flowType":"PRODUCT_FLOW"},"exchange":{"@type":"Exchange","internalId":9}},{"provider":{"@type":"Process","@id":"bb86c6dd-2d08-4b0e-a4f4-4e91afb190e9","name":"Stage 3: Capital Goods","category":"Case 1: Hydrogen Production (Cradle-to-gate 4) (MJ)/Stage 3: Hydrogen Purification","processType":"UNIT_PROCESS","flowType":"PRODUCT_FLOW"},"flow":{"@type":"Flow","@id":"7510368d-3662-4d40-b937-36f998d84391","name":"Stage 3: Capital Goods","flowType":"PRODUCT_FLOW","refUnit":"Item(s)"},"process":{"@type":"Process","@id":"814e1eb1-f74a-4fbd-98ad-967311816a4b","name":"Hydrogen Purification","category":"Case 1: Hydrogen Production (Cradle-to-gate 4) (MJ)/Stage 3: Hydrogen Purification","processType":"UNIT_PROCESS","flowType":"PRODUCT_FLOW"},"exchange":{"@type":"Exchange","internalId":6}},{"provider":{"@type":"Process","@id":"78e650fa-fd30-4772-9f8c-aa9cee177574","name":"Stage 3: Energy Consumption","category":"Case 1: Hydrogen Production (Cradle-to-gate 4) (MJ)/Stage 3: Hydrogen Purification","processType":"UNIT_PROCESS","flowType":"PRODUCT_FLOW"},"flow":{"@type":"Flow","@id":"c4f2aa43-1d3a-40fa-b829-ca5e1dc155ab","name":"Stage 3: Energy Consumption","flowType":"PRODUCT_FLOW","refUnit":"Item(s)"},"process":{"@type":"Process","@id":"814e1eb1-f74a-4fbd-98ad-967311816a4b","name":"Hydrogen Purification","category":"Case 1: Hydrogen Production (Cradle-to-gate 4) (MJ)/Stage 3: Hydrogen Purification","processType":"UNIT_PROCESS","flowType":"PRODUCT_FLOW"},"exchange":{"@type":"Exchange","internalId":7}},{"provider":{"@type":"Process","@id":"972f9fbd-946d-4d78-93b2-60a21d8df7fd","name":"Stage 4: Raw Materials","category":"Case 1: Hydrogen Production (Cradle-to-gate 4) (MJ)/Stage 4: Hydrogen Compression","processType":"UNIT_PROCESS","flowType":"PRODUCT_FLOW"},"flow":{"@type":"Flow","@id":"9d88774f-2ef7-4f35-9ab0-82560f51cd8f","name":"Stage 4: Raw Materials","flowType":"PRODUCT_FLOW","refUnit":"Item(s)"},"process":{"@type":"Process","@id":"d87a1f23-9b5f-4b95-86d8-ca8562aae071","name":"Hydrogen Compression","category":"Case 1: Hydrogen Production (Cradle-to-gate 4) (MJ)/Stage 4: Hydrogen Compression","processType":"UNIT_PROCESS","flowType":"PRODUCT_FLOW"},"exchange":{"@type":"Exchange","internalId":9}},{"provider":{"@type":"Process","@id":"a075e26a-f448-4e9f-9e09-beb0663465ba","name":"Stage 4: Transportation","category":"Case 1: Hydrogen Production (Cradle-to-gate 4) (MJ)/Stage 4: Hydrogen Compression","processType":"UNIT_PROCESS","flowType":"PRODUCT_FLOW"},"flow":{"@type":"Flow","@id":"ef6ad59a-275b-4032-821b-a57de476667e","name":"Stage 4: Transportation","flowType":"PRODUCT_FLOW","refUnit":"Item(s)"},"process":{"@type":"Process","@id":"d87a1f23-9b5f-4b95-86d8-ca8562aae071","name":"Hydrogen Compression","category":"Case 1: Hydrogen Production (Cradle-to-gate 4) (MJ)/Stage 4: Hydrogen Compression","processType":"UNIT_PROCESS","flowType":"PRODUCT_FLOW"},"exchange":{"@type":"Exchange","internalId":10}},{"provider":{"@type":"Process","@id":"aa3d3684-b275-45b5-a61f-89450d0a85be","name":"Stage 4: Capital Goods","category":"Case 1: Hydrogen Production (Cradle-to-gate 4) (MJ)/Stage 4: Hydrogen Compression","processType":"UNIT_PROCESS","flowType":"PRODUCT_FLOW"},"flow":{"@type":"Flow","@id":"debc9e81-39a2-4cb8-bd4a-962ac0a48fe2","name":"Stage 4: Capital Goods","flowType":"PRODUCT_FLOW","refUnit":"Item(s)"},"process":{"@type":"Process","@id":"d87a1f23-9b5f-4b95-86d8-ca8562aae071","name":"Hydrogen Compression","category":"Case 1: Hydrogen Production (Cradle-to-gate 4) (MJ)/Stage 4: Hydrogen Compression","processType":"UNIT_PROCESS","flowType":"PRODUCT_FLOW"},"exchange":{"@type":"Exchange","internalId":7}},{"provider":{"@type":"Process","@id":"d76173f5-a9d9-4d23-ba0e-217e40e37b0e","name":"Stage 4: Energy Consumption","category":"Case 1: Hydrogen Production (Cradle-to-gate 4) (MJ)/Stage 4: Hydrogen Compression","processType":"UNIT_PROCESS","flowType":"PRODUCT_FLOW"},"flow":{"@type":"Flow","@id":"8f178ca4-a2d3-4cb8-a70b-1ca27570c0d9","name":"Stage 4: Energy Consumption","flowType":"PRODUCT_FLOW","refUnit":"Item(s)"},"process":{"@type":"Process","@id":"d87a1f23-9b5f-4b95-86d8-ca8562aae071","name":"Hydrogen Compression","category":"Case 1: Hydrogen Production (Cradle-to-gate 4) (MJ)/Stage 4: Hydrogen Compression","processType":"UNIT_PROCESS","flowType":"PRODUCT_FLOW"},"exchange":{"@type":"Exchange","internalId":8}},{"provider":{"@type":"Process","@id":"d87a1f23-9b5f-4b95-86d8-ca8562aae071","name":"Hydrogen Compression","category":"Case 1: Hydrogen Production (Cradle-to-gate 4) (MJ)/Stage 4: Hydrogen Compression","processType":"UNIT_PROCESS","flowType":"PRODUCT_FLOW"},"flow":{"@type":"Flow","@id":"581291b9-1017-4cd6-80dc-48e6bb8a6152","name":"Hydrogen Compression","flowType":"PRODUCT_FLOW","refUnit":"Item(s)"},"process":{"@type":"Process","@id":"5218f277-5fb0-43f5-8333-453cd52bfb32","name":"Hydrogen Production (Cradle-to-gate 4) (MJ)","category":"Case 1: Hydrogen Production (Cradle-to-gate 4) (MJ)","processType":"UNIT_PROCESS","flowType":"PRODUCT_FLOW"},"exchange":{"@type":"Exchange","internalId":10}},{"provider":{"@type":"Process","@id":"ea9fb824-7e45-41e7-86f6-3eefedc53c7d","name":"Stage 5: Transport of Compressed H2","category":"Case 1: Hydrogen Production (Cradle-to-gate 4) (MJ)/Stage 5: Transportation","processType":"UNIT_PROCESS","flowType":"PRODUCT_FLOW"},"flow":{"@type":"Flow","@id":"195f4f2f-5d57-49cf-ab78-3dfc31f2d81b","name":"Stage 5: Transport of Compressed H2","flowType":"PRODUCT_FLOW","refUnit":"Item(s)"},"process":{"@type":"Process","@id":"5218f277-5fb0-43f5-8333-453cd52bfb32","name":"Hydrogen Production (Cradle-to-gate 4) (MJ)","category":"Case 1: Hydrogen Production (Cradle-to-gate 4) (MJ)","processType":"UNIT_PROCESS","flowType":"PRODUCT_FLOW"},"exchange":{"@type":"Exchange","internalId":11}},{"provider":{"@type":"Process","@id":"014a669b-1f85-4a31-8c5f-97605df5323b","name":"Hydrogen Production","category":"Case 1: Hydrogen Production (Cradle-to-gate 4) (MJ)/Stage 2: Hydrogen Production","processType":"UNIT_PROCESS","flowType":"PRODUCT_FLOW"},"flow":{"@type":"Flow","@id":"3ba1157e-3bc9-4552-8623-d565e4594a8e","name":"Hydrogen Production","flowType":"PRODUCT_FLOW","refUnit":"Item(s)"},"process":{"@type":"Process","@id":"5218f277-5fb0-43f5-8333-453cd52bfb32","name":"Hydrogen Production (Cradle-to-gate 4) (MJ)","category":"Case 1: Hydrogen Production (Cradle-to-gate 4) (MJ)","processType":"UNIT_PROCESS","flowType":"PRODUCT_FLOW"},"exchange":{"@type":"Exchange","internalId":8}},{"provider":{"@type":"Process","@id":"814e1eb1-f74a-4fbd-98ad-967311816a4b","name":"Hydrogen Purification","category":"Case 1: Hydrogen Production (Cradle-to-gate 4) (MJ)/Stage 3: Hydrogen Purification","processType":"UNIT_PROCESS","flowType":"PRODUCT_FLOW"},"flow":{"@type":"Flow","@id":"21df2c2b-25d8-4984-9a31-01d2af511f1c","name":"Hydrogen Purification","flowType":"PRODUCT_FLOW","refUnit":"Item(s)"},"process":{"@type":"Process","@id":"5218f277-5fb0-43f5-8333-453cd52bfb32","name":"Hydrogen Production (Cradle-to-gate 4) (MJ)","category":"Case 1: Hydrogen Production (Cradle-to-gate 4) (MJ)","processType":"UNIT_PROCESS","flowType":"PRODUCT_FLOW"},"exchange":{"@type":"Exchange","internalId":9}},{"provider":{"@type":"Process","@id":"e4c3a4cf-5c49-4ece-b9b4-38117ed0cef7","name":"Mining \u0026 Preparation ","category":"Case 1: Hydrogen Production (Cradle-to-gate 4) (MJ)/Stage 1: Mining \u0026 Preparation","processType":"UNIT_PROCESS","flowType":"PRODUCT_FLOW"},"flow":{"@type":"Flow","@id":"2965a222-0609-4970-8464-592891d3be00","name":"Mining \u0026 Preparation","flowType":"PRODUCT_FLOW","refUnit":"Item(s)"},"process":{"@type":"Process","@id":"5218f277-5fb0-43f5-8333-453cd52bfb32","name":"Hydrogen Production (Cradle-to-gate 4) (MJ)","category":"Case 1: Hydrogen Production (Cradle-to-gate 4) (MJ)","processType":"UNIT_PROCESS","flowType":"PRODUCT_FLOW"},"exchange":{"@type":"Exchange","internalId":7}}]}