{"@type":"Process","@id":"343afc85-4e1b-49df-8201-f7b4ff73d550","name":"Hydrogen Production (Cradle-to-gate 2) with CCS (kg)","description":"","category":"Case 1: Hydrogen Production (Cradle-to-gate 2) with CCS (kg)","version":"00.00.004","lastChange":"2023-10-02T12:01:34.258Z","processType":"UNIT_PROCESS","isInfrastructureProcess":false,"processDocumentation":{"isCopyrightProtected":false,"creationDate":"2023-08-11T11:54:19.107"},"lastInternalId":5,"parameters":[],"exchanges":[{"@type":"Exchange","isAvoidedProduct":false,"isInput":false,"amount":1.0,"internalId":1,"flow":{"@type":"Flow","@id":"18b9508b-eab4-4280-93af-918ec2f65faa","name":"Hydrogen Produced","flowType":"PRODUCT_FLOW","refUnit":"kg"},"unit":{"@type":"Unit","@id":"20aadc24-a391-41cf-b340-3e4529f44bde","name":"kg"},"flowProperty":{"@type":"FlowProperty","@id":"93a60a56-a3c8-11da-a746-0800200b9a66","name":"Mass","category":"Technical flow properties","refUnit":"kg"},"isQuantitativeReference":true},{"@type":"Exchange","isAvoidedProduct":false,"isInput":true,"amount":1.0,"internalId":5,"flow":{"@type":"Flow","@id":"1bd5e8e5-0f95-4372-b076-975454963e8c","name":"Carbon capture and storage","flowType":"PRODUCT_FLOW","refUnit":"Item(s)"},"unit":{"@type":"Unit","@id":"6dabe201-aaac-4509-92f0-d00c26cb72ab","name":"Item(s)"},"flowProperty":{"@type":"FlowProperty","@id":"01846770-4cfe-4a25-8ad9-919d8d378345","name":"Number of items","category":"Technical flow properties","refUnit":"Item(s)"},"defaultProvider":{"@type":"Process","@id":"50638543-b448-427c-9102-a5249b312940","name":"Carbon capture and storage","category":"Case 1: Hydrogen Production (Cradle-to-gate 2) with CCS (kg)/Carbon capture and storage","processType":"UNIT_PROCESS","flowType":"PRODUCT_FLOW"}},{"@type":"Exchange","isAvoidedProduct":false,"isInput":true,"amount":1.0,"internalId":3,"flow":{"@type":"Flow","@id":"3ba1157e-3bc9-4552-8623-d565e4594a8e","name":"Hydrogen Production","flowType":"PRODUCT_FLOW","refUnit":"Item(s)"},"unit":{"@type":"Unit","@id":"6dabe201-aaac-4509-92f0-d00c26cb72ab","name":"Item(s)"},"flowProperty":{"@type":"FlowProperty","@id":"01846770-4cfe-4a25-8ad9-919d8d378345","name":"Number of items","category":"Technical flow properties","refUnit":"Item(s)"},"defaultProvider":{"@type":"Process","@id":"c4ac7a48-0878-4a4e-99b7-c0ac6874ca57","name":"Hydrogen Production","category":"Case 1: Hydrogen Production (Cradle-to-gate 2) with CCS (kg)/Stage 2: Hydrogen Production","processType":"UNIT_PROCESS","flowType":"PRODUCT_FLOW"}},{"@type":"Exchange","isAvoidedProduct":false,"isInput":true,"amount":1.0,"internalId":2,"flow":{"@type":"Flow","@id":"2965a222-0609-4970-8464-592891d3be00","name":"Mining \u0026 Preparation","flowType":"PRODUCT_FLOW","refUnit":"Item(s)"},"unit":{"@type":"Unit","@id":"6dabe201-aaac-4509-92f0-d00c26cb72ab","name":"Item(s)"},"flowProperty":{"@type":"FlowProperty","@id":"01846770-4cfe-4a25-8ad9-919d8d378345","name":"Number of items","category":"Technical flow properties","refUnit":"Item(s)"},"defaultProvider":{"@type":"Process","@id":"ba69e0f2-7487-4905-b5da-445b4437d74e","name":"Mining \u0026 Preparation","category":"Case 1: Hydrogen Production (Cradle-to-gate 2) with CCS (kg)/Stage 1: Mining \u0026 Preparation","processType":"UNIT_PROCESS","flowType":"PRODUCT_FLOW"}},{"@type":"Exchange","isAvoidedProduct":false,"isInput":true,"amount":1.0,"internalId":4,"flow":{"@type":"Flow","@id":"21df2c2b-25d8-4984-9a31-01d2af511f1c","name":"Hydrogen Purification","flowType":"PRODUCT_FLOW","refUnit":"Item(s)"},"unit":{"@type":"Unit","@id":"6dabe201-aaac-4509-92f0-d00c26cb72ab","name":"Item(s)"},"flowProperty":{"@type":"FlowProperty","@id":"01846770-4cfe-4a25-8ad9-919d8d378345","name":"Number of items","category":"Technical flow properties","refUnit":"Item(s)"},"defaultProvider":{"@type":"Process","@id":"661fdc04-bb99-4157-9569-a214501bca5e","name":"Hydrogen Purification","category":"Case 1: Hydrogen Production (Cradle-to-gate 2) with CCS (kg)/Stage 3: Hydrogen Purification","processType":"UNIT_PROCESS","flowType":"PRODUCT_FLOW"}}],"socialAspects":[],"allocationFactors":[]}