{"@type":"Process","@id":"f3a80d9e-686a-457f-b691-33edda6e75c5","name":"Stage 6: Transportation","description":"","category":"Case 1: Hydrogen Production (Cradle-to-gate 5) (MJ)/Stage 6: Hydrogen Storage","version":"00.00.001","lastChange":"2023-08-14T13:18:17.265Z","processType":"UNIT_PROCESS","isInfrastructureProcess":false,"processDocumentation":{"isCopyrightProtected":false,"creationDate":"2023-08-14T14:12:22.660"},"lastInternalId":1,"parameters":[],"exchanges":[{"@type":"Exchange","isAvoidedProduct":false,"isInput":false,"amount":1.0,"internalId":1,"flow":{"@type":"Flow","@id":"ebf7d24c-1ef1-45db-873e-a613ba25658f","name":"Stage 6: Transportation","flowType":"PRODUCT_FLOW","refUnit":"Item(s)"},"unit":{"@type":"Unit","@id":"6dabe201-aaac-4509-92f0-d00c26cb72ab","name":"Item(s)"},"flowProperty":{"@type":"FlowProperty","@id":"01846770-4cfe-4a25-8ad9-919d8d378345","name":"Number of items","category":"Technical flow properties","refUnit":"Item(s)"},"isQuantitativeReference":true}],"socialAspects":[],"allocationFactors":[]}