{"@type":"ProductSystem","@id":"24c10c77-adb9-40c5-ad29-0f8a705ba956","name":"Electricity Generation","description":"First created: 2023-09-28T10:56:47\nLinking approach during creation: Prefer default providers; Preferred process type: System process","version":"00.00.000","lastChange":"2023-09-28T08:56:47.893Z","refProcess":{"@type":"Process","@id":"f0602a28-ffd3-4c55-b5ae-b70e9915367d","name":"Electricity Generation","category":"Case 2: Hydrogen Use (Cradle-to-grave) for electricity generation (MJ)","processType":"UNIT_PROCESS","flowType":"PRODUCT_FLOW"},"refExchange":{"@type":"Exchange","internalId":1,"flow":{"@type":"Flow","@id":"9eadef44-4f18-471d-83d5-0bfd92eec751","name":"Electricity Generation","flowType":"PRODUCT_FLOW","refUnit":"MJ"}},"targetFlowProperty":{"@type":"FlowProperty","@id":"f6811440-ee37-11de-8a39-0800200c9a66","name":"Energy","category":"Technical flow properties","refUnit":"MJ"},"targetUnit":{"@type":"Unit","@id":"52765a6c-3896-43c2-b2f4-c679acf13efe","name":"MJ"},"targetAmount":1.0,"processes":[{"@type":"Process","@id":"b3ce0d4f-d744-4a34-a92e-dbcf68dcf4b8","name":"End-of-Life: Sorting/Seperation","category":"Case 2: Hydrogen Use (Cradle-to-grave) for electricity generation (MJ)/End-of-life","processType":"UNIT_PROCESS","flowType":"WASTE_FLOW"},{"@type":"Process","@id":"0dee599b-2be7-4bd4-80b2-19c5cbc6c7b4","name":"Manufacturing Stage: Capital Goods","category":"Case 2: Hydrogen Use (Cradle-to-grave) for electricity generation (MJ)/Manufacturing Stage","processType":"UNIT_PROCESS","flowType":"PRODUCT_FLOW"},{"@type":"Process","@id":"9ed1ac0a-51df-41e0-85bd-e9df7d32b9f0","name":"Manufacturing Stage: Transportation of Raw Materials","category":"Case 2: Hydrogen Use (Cradle-to-grave) for electricity generation (MJ)/Manufacturing Stage","processType":"UNIT_PROCESS","flowType":"PRODUCT_FLOW"},{"@type":"Process","@id":"21c1e714-8d6d-4b88-b8ac-35c2d6da0dfa","name":"End-of-Life","category":"Case 2: Hydrogen Use (Cradle-to-grave) for electricity generation (MJ)/End-of-life","processType":"UNIT_PROCESS","flowType":"WASTE_FLOW"},{"@type":"Process","@id":"c9b1d97a-c09d-4d1b-8524-4962e0f26132","name":"End-of-Life: Disassembly","category":"Case 2: Hydrogen Use (Cradle-to-grave) for electricity generation (MJ)/End-of-life","processType":"UNIT_PROCESS","flowType":"WASTE_FLOW"},{"@type":"Process","@id":"1a6cab16-c6c3-41a0-88c6-c701afc83e61","name":"Operating Stage: Maintenance","category":"Case 2: Hydrogen Use (Cradle-to-grave) for electricity generation (MJ)/Operating Stage","processType":"UNIT_PROCESS","flowType":"PRODUCT_FLOW"},{"@type":"Process","@id":"692d4366-8b76-4541-9acd-a8c58c4e26e2","name":"End-of-Life: Collection/Transportation","category":"Case 2: Hydrogen Use (Cradle-to-grave) for electricity generation (MJ)/End-of-life","processType":"UNIT_PROCESS","flowType":"WASTE_FLOW"},{"@type":"Process","@id":"f0602a28-ffd3-4c55-b5ae-b70e9915367d","name":"Electricity Generation","category":"Case 2: Hydrogen Use (Cradle-to-grave) for electricity generation (MJ)","processType":"UNIT_PROCESS","flowType":"PRODUCT_FLOW"},{"@type":"Process","@id":"bfd9014a-71d6-4eab-b4e1-0d4dc7d64dc4","name":"Operating Stage: Material Inputs","category":"Case 2: Hydrogen Use (Cradle-to-grave) for electricity generation (MJ)/Operating Stage","processType":"UNIT_PROCESS","flowType":"PRODUCT_FLOW"},{"@type":"Process","@id":"1498b551-5763-45e4-9cbb-cd48958469f5","name":"Manufacturing Stage","category":"Case 2: Hydrogen Use (Cradle-to-grave) for electricity generation (MJ)/Manufacturing Stage","processType":"UNIT_PROCESS","flowType":"PRODUCT_FLOW"},{"@type":"Process","@id":"ba7e455b-239c-4ed4-9aaf-51d81342d4f2","name":"Manufactuing Stage: Raw Materials","category":"Case 2: Hydrogen Use (Cradle-to-grave) for electricity generation (MJ)/Manufacturing Stage","processType":"UNIT_PROCESS","flowType":"PRODUCT_FLOW"},{"@type":"Process","@id":"7d9b9bde-621d-4054-8565-53ed6167503e","name":"Manufacturing Stage: Energy Consumption","category":"Case 2: Hydrogen Use (Cradle-to-grave) for electricity generation (MJ)/Manufacturing Stage","processType":"UNIT_PROCESS","flowType":"PRODUCT_FLOW"},{"@type":"Process","@id":"f7e6e621-028a-4e79-a48d-5a0fbcb35581","name":"Operating Stage","category":"Case 2: Hydrogen Use (Cradle-to-grave) for electricity generation (MJ)/Operating Stage","processType":"UNIT_PROCESS","flowType":"PRODUCT_FLOW"},{"@type":"Process","@id":"09bd24b6-ee65-43eb-821e-8ed7d3698600","name":"End-of-Life: Final Treatment","category":"Case 2: Hydrogen Use (Cradle-to-grave) for electricity generation (MJ)/End-of-life","processType":"UNIT_PROCESS","flowType":"WASTE_FLOW"},{"@type":"Process","@id":"33f03030-74fb-458e-8ac0-3bf1b0ece5be","name":"Operating Source: Hydrogen Use","category":"Case 2: Hydrogen Use (Cradle-to-grave) for electricity generation (MJ)/Operating Stage","processType":"UNIT_PROCESS","flowType":"PRODUCT_FLOW"}],"processLinks":[{"provider":{"@type":"Process","@id":"c9b1d97a-c09d-4d1b-8524-4962e0f26132","name":"End-of-Life: Disassembly","category":"Case 2: Hydrogen Use (Cradle-to-grave) for electricity generation (MJ)/End-of-life","processType":"UNIT_PROCESS","flowType":"WASTE_FLOW"},"flow":{"@type":"Flow","@id":"7146f505-2281-49ac-b1e4-710ada370094","name":"End-of-Life: Disassembly","flowType":"WASTE_FLOW","refUnit":"Item(s)"},"process":{"@type":"Process","@id":"21c1e714-8d6d-4b88-b8ac-35c2d6da0dfa","name":"End-of-Life","category":"Case 2: Hydrogen Use (Cradle-to-grave) for electricity generation (MJ)/End-of-life","processType":"UNIT_PROCESS","flowType":"WASTE_FLOW"},"exchange":{"@type":"Exchange","internalId":3}},{"provider":{"@type":"Process","@id":"1498b551-5763-45e4-9cbb-cd48958469f5","name":"Manufacturing Stage","category":"Case 2: Hydrogen Use (Cradle-to-grave) for electricity generation (MJ)/Manufacturing Stage","processType":"UNIT_PROCESS","flowType":"PRODUCT_FLOW"},"flow":{"@type":"Flow","@id":"0c46d597-929f-4acb-bf2e-fd043d9762e3","name":"Manufacturing Stage: Transportation of Raw Materials","flowType":"PRODUCT_FLOW","refUnit":"Item(s)"},"process":{"@type":"Process","@id":"f0602a28-ffd3-4c55-b5ae-b70e9915367d","name":"Electricity Generation","category":"Case 2: Hydrogen Use (Cradle-to-grave) for electricity generation (MJ)","processType":"UNIT_PROCESS","flowType":"PRODUCT_FLOW"},"exchange":{"@type":"Exchange","internalId":3}},{"provider":{"@type":"Process","@id":"1a6cab16-c6c3-41a0-88c6-c701afc83e61","name":"Operating Stage: Maintenance","category":"Case 2: Hydrogen Use (Cradle-to-grave) for electricity generation (MJ)/Operating Stage","processType":"UNIT_PROCESS","flowType":"PRODUCT_FLOW"},"flow":{"@type":"Flow","@id":"ef6e55cf-cbde-4a24-873b-467b187c66e5","name":"Operating Stage: Maintenance","flowType":"PRODUCT_FLOW","refUnit":"Item(s)"},"process":{"@type":"Process","@id":"f7e6e621-028a-4e79-a48d-5a0fbcb35581","name":"Operating Stage","category":"Case 2: Hydrogen Use (Cradle-to-grave) for electricity generation (MJ)/Operating Stage","processType":"UNIT_PROCESS","flowType":"PRODUCT_FLOW"},"exchange":{"@type":"Exchange","internalId":3}},{"provider":{"@type":"Process","@id":"692d4366-8b76-4541-9acd-a8c58c4e26e2","name":"End-of-Life: Collection/Transportation","category":"Case 2: Hydrogen Use (Cradle-to-grave) for electricity generation (MJ)/End-of-life","processType":"UNIT_PROCESS","flowType":"WASTE_FLOW"},"flow":{"@type":"Flow","@id":"3fc0fbfc-f7f3-492c-b98e-659e930ad3c6","name":"End-of-Life: Collection/Transportation","flowType":"WASTE_FLOW","refUnit":"Item(s)"},"process":{"@type":"Process","@id":"21c1e714-8d6d-4b88-b8ac-35c2d6da0dfa","name":"End-of-Life","category":"Case 2: Hydrogen Use (Cradle-to-grave) for electricity generation (MJ)/End-of-life","processType":"UNIT_PROCESS","flowType":"WASTE_FLOW"},"exchange":{"@type":"Exchange","internalId":2}},{"provider":{"@type":"Process","@id":"21c1e714-8d6d-4b88-b8ac-35c2d6da0dfa","name":"End-of-Life","category":"Case 2: Hydrogen Use (Cradle-to-grave) for electricity generation (MJ)/End-of-life","processType":"UNIT_PROCESS","flowType":"WASTE_FLOW"},"flow":{"@type":"Flow","@id":"868c9a8c-40ac-43e5-a522-4fb899977a8e","name":"End-of-Life","flowType":"WASTE_FLOW","refUnit":"Item(s)"},"process":{"@type":"Process","@id":"f0602a28-ffd3-4c55-b5ae-b70e9915367d","name":"Electricity Generation","category":"Case 2: Hydrogen Use (Cradle-to-grave) for electricity generation (MJ)","processType":"UNIT_PROCESS","flowType":"PRODUCT_FLOW"},"exchange":{"@type":"Exchange","internalId":4}},{"provider":{"@type":"Process","@id":"bfd9014a-71d6-4eab-b4e1-0d4dc7d64dc4","name":"Operating Stage: Material Inputs","category":"Case 2: Hydrogen Use (Cradle-to-grave) for electricity generation (MJ)/Operating Stage","processType":"UNIT_PROCESS","flowType":"PRODUCT_FLOW"},"flow":{"@type":"Flow","@id":"2e160fc5-1d0d-459a-91ba-c22cd7e3a98d","name":"Operating Stage: Material Inputs","flowType":"PRODUCT_FLOW","refUnit":"Item(s)"},"process":{"@type":"Process","@id":"f7e6e621-028a-4e79-a48d-5a0fbcb35581","name":"Operating Stage","category":"Case 2: Hydrogen Use (Cradle-to-grave) for electricity generation (MJ)/Operating Stage","processType":"UNIT_PROCESS","flowType":"PRODUCT_FLOW"},"exchange":{"@type":"Exchange","internalId":4}},{"provider":{"@type":"Process","@id":"b3ce0d4f-d744-4a34-a92e-dbcf68dcf4b8","name":"End-of-Life: Sorting/Seperation","category":"Case 2: Hydrogen Use (Cradle-to-grave) for electricity generation (MJ)/End-of-life","processType":"UNIT_PROCESS","flowType":"WASTE_FLOW"},"flow":{"@type":"Flow","@id":"f6589270-6aac-4d11-a9c6-ebb17b42b2ea","name":"End-of-Life: Sorting/Seperation","flowType":"WASTE_FLOW","refUnit":"Item(s)"},"process":{"@type":"Process","@id":"21c1e714-8d6d-4b88-b8ac-35c2d6da0dfa","name":"End-of-Life","category":"Case 2: Hydrogen Use (Cradle-to-grave) for electricity generation (MJ)/End-of-life","processType":"UNIT_PROCESS","flowType":"WASTE_FLOW"},"exchange":{"@type":"Exchange","internalId":5}},{"provider":{"@type":"Process","@id":"f7e6e621-028a-4e79-a48d-5a0fbcb35581","name":"Operating Stage","category":"Case 2: Hydrogen Use (Cradle-to-grave) for electricity generation (MJ)/Operating Stage","processType":"UNIT_PROCESS","flowType":"PRODUCT_FLOW"},"flow":{"@type":"Flow","@id":"cb27e795-db9e-4cc4-b168-492a847931d1","name":"Operating Stage","flowType":"PRODUCT_FLOW","refUnit":"Item(s)"},"process":{"@type":"Process","@id":"f0602a28-ffd3-4c55-b5ae-b70e9915367d","name":"Electricity Generation","category":"Case 2: Hydrogen Use (Cradle-to-grave) for electricity generation (MJ)","processType":"UNIT_PROCESS","flowType":"PRODUCT_FLOW"},"exchange":{"@type":"Exchange","internalId":2}},{"provider":{"@type":"Process","@id":"33f03030-74fb-458e-8ac0-3bf1b0ece5be","name":"Operating Source: Hydrogen Use","category":"Case 2: Hydrogen Use (Cradle-to-grave) for electricity generation (MJ)/Operating Stage","processType":"UNIT_PROCESS","flowType":"PRODUCT_FLOW"},"flow":{"@type":"Flow","@id":"36c790f6-d16a-4a1b-8097-946c697ed046","name":"Operating Source: Hydrogen Use","flowType":"PRODUCT_FLOW","refUnit":"Item(s)"},"process":{"@type":"Process","@id":"f7e6e621-028a-4e79-a48d-5a0fbcb35581","name":"Operating Stage","category":"Case 2: Hydrogen Use (Cradle-to-grave) for electricity generation (MJ)/Operating Stage","processType":"UNIT_PROCESS","flowType":"PRODUCT_FLOW"},"exchange":{"@type":"Exchange","internalId":2}},{"provider":{"@type":"Process","@id":"09bd24b6-ee65-43eb-821e-8ed7d3698600","name":"End-of-Life: Final Treatment","category":"Case 2: Hydrogen Use (Cradle-to-grave) for electricity generation (MJ)/End-of-life","processType":"UNIT_PROCESS","flowType":"WASTE_FLOW"},"flow":{"@type":"Flow","@id":"b4dd0fe0-16b6-4fab-b163-fac0525302a3","name":"End-of-Life: Final Treatment","flowType":"WASTE_FLOW","refUnit":"Item(s)"},"process":{"@type":"Process","@id":"21c1e714-8d6d-4b88-b8ac-35c2d6da0dfa","name":"End-of-Life","category":"Case 2: Hydrogen Use (Cradle-to-grave) for electricity generation (MJ)/End-of-life","processType":"UNIT_PROCESS","flowType":"WASTE_FLOW"},"exchange":{"@type":"Exchange","internalId":4}},{"provider":{"@type":"Process","@id":"9ed1ac0a-51df-41e0-85bd-e9df7d32b9f0","name":"Manufacturing Stage: Transportation of Raw Materials","category":"Case 2: Hydrogen Use (Cradle-to-grave) for electricity generation (MJ)/Manufacturing Stage","processType":"UNIT_PROCESS","flowType":"PRODUCT_FLOW"},"flow":{"@type":"Flow","@id":"6bd1dcd1-57e0-49bb-84e9-7f2a2ad00054","name":"Manufacturing Stage: End-of-life","flowType":"PRODUCT_FLOW","refUnit":"Item(s)"},"process":{"@type":"Process","@id":"1498b551-5763-45e4-9cbb-cd48958469f5","name":"Manufacturing Stage","category":"Case 2: Hydrogen Use (Cradle-to-grave) for electricity generation (MJ)/Manufacturing Stage","processType":"UNIT_PROCESS","flowType":"PRODUCT_FLOW"},"exchange":{"@type":"Exchange","internalId":5}},{"provider":{"@type":"Process","@id":"7d9b9bde-621d-4054-8565-53ed6167503e","name":"Manufacturing Stage: Energy Consumption","category":"Case 2: Hydrogen Use (Cradle-to-grave) for electricity generation (MJ)/Manufacturing Stage","processType":"UNIT_PROCESS","flowType":"PRODUCT_FLOW"},"flow":{"@type":"Flow","@id":"fef261e6-5948-47a2-873f-565c6cf84706","name":"Manufacturing Stage: Energy Consumption","flowType":"PRODUCT_FLOW","refUnit":"Item(s)"},"process":{"@type":"Process","@id":"1498b551-5763-45e4-9cbb-cd48958469f5","name":"Manufacturing Stage","category":"Case 2: Hydrogen Use (Cradle-to-grave) for electricity generation (MJ)/Manufacturing Stage","processType":"UNIT_PROCESS","flowType":"PRODUCT_FLOW"},"exchange":{"@type":"Exchange","internalId":4}},{"provider":{"@type":"Process","@id":"ba7e455b-239c-4ed4-9aaf-51d81342d4f2","name":"Manufactuing Stage: Raw Materials","category":"Case 2: Hydrogen Use (Cradle-to-grave) for electricity generation (MJ)/Manufacturing Stage","processType":"UNIT_PROCESS","flowType":"PRODUCT_FLOW"},"flow":{"@type":"Flow","@id":"7b6a5762-3013-419c-9a1d-c19ae94693a1","name":"Manufactuing Stage: Raw Materials","flowType":"PRODUCT_FLOW","refUnit":"Item(s)"},"process":{"@type":"Process","@id":"1498b551-5763-45e4-9cbb-cd48958469f5","name":"Manufacturing Stage","category":"Case 2: Hydrogen Use (Cradle-to-grave) for electricity generation (MJ)/Manufacturing Stage","processType":"UNIT_PROCESS","flowType":"PRODUCT_FLOW"},"exchange":{"@type":"Exchange","internalId":2}},{"provider":{"@type":"Process","@id":"0dee599b-2be7-4bd4-80b2-19c5cbc6c7b4","name":"Manufacturing Stage: Capital Goods","category":"Case 2: Hydrogen Use (Cradle-to-grave) for electricity generation (MJ)/Manufacturing Stage","processType":"UNIT_PROCESS","flowType":"PRODUCT_FLOW"},"flow":{"@type":"Flow","@id":"1f5558f5-5f83-4408-95fd-2ac763bd589d","name":"Manufacturing Stage: Capital Goods","flowType":"PRODUCT_FLOW","refUnit":"Item(s)"},"process":{"@type":"Process","@id":"1498b551-5763-45e4-9cbb-cd48958469f5","name":"Manufacturing Stage","category":"Case 2: Hydrogen Use (Cradle-to-grave) for electricity generation (MJ)/Manufacturing Stage","processType":"UNIT_PROCESS","flowType":"PRODUCT_FLOW"},"exchange":{"@type":"Exchange","internalId":3}}]}