{"@type":"ProductSystem","@id":"dc7607ca-0d38-452e-bc77-1cf4a03fa852","name":"Hydrogen Production (Cradle-to-gate 2) with CCS (kg)","description":"First created: 2023-10-02T14:02:07\nLinking approach during creation: Prefer default providers; Preferred process type: System process","version":"00.00.000","lastChange":"2023-10-02T12:02:07.857Z","refProcess":{"@type":"Process","@id":"343afc85-4e1b-49df-8201-f7b4ff73d550","name":"Hydrogen Production (Cradle-to-gate 2) with CCS (kg)","category":"Case 1: Hydrogen Production (Cradle-to-gate 2) with CCS (kg)","processType":"UNIT_PROCESS","flowType":"PRODUCT_FLOW"},"refExchange":{"@type":"Exchange","internalId":1,"flow":{"@type":"Flow","@id":"18b9508b-eab4-4280-93af-918ec2f65faa","name":"Hydrogen Produced","flowType":"PRODUCT_FLOW","refUnit":"kg"}},"targetFlowProperty":{"@type":"FlowProperty","@id":"93a60a56-a3c8-11da-a746-0800200b9a66","name":"Mass","category":"Technical flow properties","refUnit":"kg"},"targetUnit":{"@type":"Unit","@id":"20aadc24-a391-41cf-b340-3e4529f44bde","name":"kg"},"targetAmount":1.0,"processes":[{"@type":"Process","@id":"343afc85-4e1b-49df-8201-f7b4ff73d550","name":"Hydrogen Production (Cradle-to-gate 2) with CCS (kg)","category":"Case 1: Hydrogen Production (Cradle-to-gate 2) with CCS (kg)","processType":"UNIT_PROCESS","flowType":"PRODUCT_FLOW"},{"@type":"Process","@id":"661fdc04-bb99-4157-9569-a214501bca5e","name":"Hydrogen Purification","category":"Case 1: Hydrogen Production (Cradle-to-gate 2) with CCS (kg)/Stage 3: Hydrogen Purification","processType":"UNIT_PROCESS","flowType":"PRODUCT_FLOW"},{"@type":"Process","@id":"3f7e0291-ee19-45ed-8314-3cb837389043","name":"Stage 3: Capital Goods","category":"Case 1: Hydrogen Production (Cradle-to-gate 2) with CCS (kg)/Stage 3: Hydrogen Purification","processType":"UNIT_PROCESS","flowType":"PRODUCT_FLOW"},{"@type":"Process","@id":"50638543-b448-427c-9102-a5249b312940","name":"Carbon capture and storage","category":"Case 1: Hydrogen Production (Cradle-to-gate 2) with CCS (kg)/Carbon capture and storage","processType":"UNIT_PROCESS","flowType":"PRODUCT_FLOW"},{"@type":"Process","@id":"15c23c98-1916-4b14-add6-9b190fdf8c99","name":"Stage 3: Raw Materials","category":"Case 1: Hydrogen Production (Cradle-to-gate 2) with CCS (kg)/Stage 3: Hydrogen Purification","processType":"UNIT_PROCESS","flowType":"PRODUCT_FLOW"},{"@type":"Process","@id":"ba69e0f2-7487-4905-b5da-445b4437d74e","name":"Mining \u0026 Preparation","category":"Case 1: Hydrogen Production (Cradle-to-gate 2) with CCS (kg)/Stage 1: Mining \u0026 Preparation","processType":"UNIT_PROCESS","flowType":"PRODUCT_FLOW"},{"@type":"Process","@id":"f5c35d37-9bd0-4fc4-a619-b8beedbe1af0","name":"Stage 1: Transportation","category":"Case 1: Hydrogen Production (Cradle-to-gate 2) with CCS (kg)/Stage 1: Mining \u0026 Preparation","processType":"UNIT_PROCESS","flowType":"PRODUCT_FLOW"},{"@type":"Process","@id":"c4ac7a48-0878-4a4e-99b7-c0ac6874ca57","name":"Hydrogen Production","category":"Case 1: Hydrogen Production (Cradle-to-gate 2) with CCS (kg)/Stage 2: Hydrogen Production","processType":"UNIT_PROCESS","flowType":"PRODUCT_FLOW"},{"@type":"Process","@id":"2a04ff31-02a6-49eb-b708-a640f2acaa89","name":"Stage 2: Raw Materials","category":"Case 1: Hydrogen Production (Cradle-to-gate 2) with CCS (kg)/Stage 2: Hydrogen Production","processType":"UNIT_PROCESS","flowType":"PRODUCT_FLOW"},{"@type":"Process","@id":"654a83f3-e94c-48f6-bf43-79809ddc29be","name":"CCS: Raw Materials","category":"Case 1: Hydrogen Production (Cradle-to-gate 2) with CCS (kg)/Carbon capture and storage","processType":"UNIT_PROCESS","flowType":"PRODUCT_FLOW"},{"@type":"Process","@id":"ac7b4b3a-1e61-4521-8ea1-bf60ec11d643","name":"Stage 1: Raw Materials","category":"Case 1: Hydrogen Production (Cradle-to-gate 2) with CCS (kg)/Stage 1: Mining \u0026 Preparation","processType":"UNIT_PROCESS","flowType":"PRODUCT_FLOW"},{"@type":"Process","@id":"46e2934f-c00d-4912-aed4-76d888e6a1b8","name":"Stage 3: Energy Consumption","category":"Case 1: Hydrogen Production (Cradle-to-gate 2) with CCS (kg)/Stage 3: Hydrogen Purification","processType":"UNIT_PROCESS","flowType":"PRODUCT_FLOW"},{"@type":"Process","@id":"4856493c-fdc2-4374-bf1f-64322b30a1aa","name":"CCS: Transportation","category":"Case 1: Hydrogen Production (Cradle-to-gate 2) with CCS (kg)/Carbon capture and storage","processType":"UNIT_PROCESS","flowType":"PRODUCT_FLOW"},{"@type":"Process","@id":"57f884c6-fb16-46cf-b4b9-b5a9f5ca1577","name":"Stage 3: Transportation","category":"Case 1: Hydrogen Production (Cradle-to-gate 2) with CCS (kg)/Stage 3: Hydrogen Purification","processType":"UNIT_PROCESS","flowType":"PRODUCT_FLOW"},{"@type":"Process","@id":"e68f3484-5268-4d84-9f81-3edf9a773914","name":"Stage 2: Transportation","category":"Case 1: Hydrogen Production (Cradle-to-gate 2) with CCS (kg)/Stage 2: Hydrogen Production","processType":"UNIT_PROCESS","flowType":"PRODUCT_FLOW"},{"@type":"Process","@id":"8e3a64f4-b140-41cf-acb4-583ffdb240e5","name":"Stage 2: Energy Consumption","category":"Case 1: Hydrogen Production (Cradle-to-gate 2) with CCS (kg)/Stage 2: Hydrogen Production","processType":"UNIT_PROCESS","flowType":"PRODUCT_FLOW"},{"@type":"Process","@id":"b131f61b-8ee4-40a1-867b-2eef849f07b0","name":"Stage 2: Capital Goods ","category":"Case 1: Hydrogen Production (Cradle-to-gate 2) with CCS (kg)/Stage 2: Hydrogen Production","processType":"UNIT_PROCESS","flowType":"PRODUCT_FLOW"},{"@type":"Process","@id":"5e02a373-bf93-480d-83c3-9c5904c25f4c","name":"CCS: Energy Consumption","category":"Case 1: Hydrogen Production (Cradle-to-gate 2) with CCS (kg)/Carbon capture and storage","processType":"UNIT_PROCESS","flowType":"PRODUCT_FLOW"},{"@type":"Process","@id":"97e64b53-3881-4e96-a822-dda2cf59b9b9","name":"CCS: Capital Goods","category":"Case 1: Hydrogen Production (Cradle-to-gate 2) with CCS (kg)/Carbon capture and storage","processType":"UNIT_PROCESS","flowType":"PRODUCT_FLOW"},{"@type":"Process","@id":"3e9ec5bc-77c4-42b0-8224-6275e65d6237","name":"Stage 1: Energy Consumption","category":"Case 1: Hydrogen Production (Cradle-to-gate 2) with CCS (kg)/Stage 1: Mining \u0026 Preparation","processType":"UNIT_PROCESS","flowType":"PRODUCT_FLOW"},{"@type":"Process","@id":"6b585fd0-7e68-4680-bb24-c749ea7f3564","name":"Stage 1: Capital Goods","category":"Case 1: Hydrogen Production (Cradle-to-gate 2) with CCS (kg)/Stage 1: Mining \u0026 Preparation","processType":"UNIT_PROCESS","flowType":"PRODUCT_FLOW"}],"processLinks":[{"provider":{"@type":"Process","@id":"50638543-b448-427c-9102-a5249b312940","name":"Carbon capture and storage","category":"Case 1: Hydrogen Production (Cradle-to-gate 2) with CCS (kg)/Carbon capture and storage","processType":"UNIT_PROCESS","flowType":"PRODUCT_FLOW"},"flow":{"@type":"Flow","@id":"1bd5e8e5-0f95-4372-b076-975454963e8c","name":"Carbon capture and storage","flowType":"PRODUCT_FLOW","refUnit":"Item(s)"},"process":{"@type":"Process","@id":"343afc85-4e1b-49df-8201-f7b4ff73d550","name":"Hydrogen Production (Cradle-to-gate 2) with CCS (kg)","category":"Case 1: Hydrogen Production (Cradle-to-gate 2) with CCS (kg)","processType":"UNIT_PROCESS","flowType":"PRODUCT_FLOW"},"exchange":{"@type":"Exchange","internalId":5}},{"provider":{"@type":"Process","@id":"4856493c-fdc2-4374-bf1f-64322b30a1aa","name":"CCS: Transportation","category":"Case 1: Hydrogen Production (Cradle-to-gate 2) with CCS (kg)/Carbon capture and storage","processType":"UNIT_PROCESS","flowType":"PRODUCT_FLOW"},"flow":{"@type":"Flow","@id":"c0ae6cec-04e2-410c-892e-52d5563cb4e9","name":"CCS: Transportation","flowType":"PRODUCT_FLOW","refUnit":"Item(s)"},"process":{"@type":"Process","@id":"50638543-b448-427c-9102-a5249b312940","name":"Carbon capture and storage","category":"Case 1: Hydrogen Production (Cradle-to-gate 2) with CCS (kg)/Carbon capture and storage","processType":"UNIT_PROCESS","flowType":"PRODUCT_FLOW"},"exchange":{"@type":"Exchange","internalId":5}},{"provider":{"@type":"Process","@id":"661fdc04-bb99-4157-9569-a214501bca5e","name":"Hydrogen Purification","category":"Case 1: Hydrogen Production (Cradle-to-gate 2) with CCS (kg)/Stage 3: Hydrogen Purification","processType":"UNIT_PROCESS","flowType":"PRODUCT_FLOW"},"flow":{"@type":"Flow","@id":"21df2c2b-25d8-4984-9a31-01d2af511f1c","name":"Hydrogen Purification","flowType":"PRODUCT_FLOW","refUnit":"Item(s)"},"process":{"@type":"Process","@id":"343afc85-4e1b-49df-8201-f7b4ff73d550","name":"Hydrogen Production (Cradle-to-gate 2) with CCS (kg)","category":"Case 1: Hydrogen Production (Cradle-to-gate 2) with CCS (kg)","processType":"UNIT_PROCESS","flowType":"PRODUCT_FLOW"},"exchange":{"@type":"Exchange","internalId":4}},{"provider":{"@type":"Process","@id":"654a83f3-e94c-48f6-bf43-79809ddc29be","name":"CCS: Raw Materials","category":"Case 1: Hydrogen Production (Cradle-to-gate 2) with CCS (kg)/Carbon capture and storage","processType":"UNIT_PROCESS","flowType":"PRODUCT_FLOW"},"flow":{"@type":"Flow","@id":"a480bd84-e195-4cba-8270-0f1cd3498dbe","name":"CCS: Raw Materials","flowType":"PRODUCT_FLOW","refUnit":"Item(s)"},"process":{"@type":"Process","@id":"50638543-b448-427c-9102-a5249b312940","name":"Carbon capture and storage","category":"Case 1: Hydrogen Production (Cradle-to-gate 2) with CCS (kg)/Carbon capture and storage","processType":"UNIT_PROCESS","flowType":"PRODUCT_FLOW"},"exchange":{"@type":"Exchange","internalId":4}},{"provider":{"@type":"Process","@id":"c4ac7a48-0878-4a4e-99b7-c0ac6874ca57","name":"Hydrogen Production","category":"Case 1: Hydrogen Production (Cradle-to-gate 2) with CCS (kg)/Stage 2: Hydrogen Production","processType":"UNIT_PROCESS","flowType":"PRODUCT_FLOW"},"flow":{"@type":"Flow","@id":"3ba1157e-3bc9-4552-8623-d565e4594a8e","name":"Hydrogen Production","flowType":"PRODUCT_FLOW","refUnit":"Item(s)"},"process":{"@type":"Process","@id":"343afc85-4e1b-49df-8201-f7b4ff73d550","name":"Hydrogen Production (Cradle-to-gate 2) with CCS (kg)","category":"Case 1: Hydrogen Production (Cradle-to-gate 2) with CCS (kg)","processType":"UNIT_PROCESS","flowType":"PRODUCT_FLOW"},"exchange":{"@type":"Exchange","internalId":3}},{"provider":{"@type":"Process","@id":"5e02a373-bf93-480d-83c3-9c5904c25f4c","name":"CCS: Energy Consumption","category":"Case 1: Hydrogen Production (Cradle-to-gate 2) with CCS (kg)/Carbon capture and storage","processType":"UNIT_PROCESS","flowType":"PRODUCT_FLOW"},"flow":{"@type":"Flow","@id":"92f2350b-1764-43bb-adeb-179feb8c93c6","name":"CCS: Energy Consumption","flowType":"PRODUCT_FLOW","refUnit":"Item(s)"},"process":{"@type":"Process","@id":"50638543-b448-427c-9102-a5249b312940","name":"Carbon capture and storage","category":"Case 1: Hydrogen Production (Cradle-to-gate 2) with CCS (kg)/Carbon capture and storage","processType":"UNIT_PROCESS","flowType":"PRODUCT_FLOW"},"exchange":{"@type":"Exchange","internalId":3}},{"provider":{"@type":"Process","@id":"ac7b4b3a-1e61-4521-8ea1-bf60ec11d643","name":"Stage 1: Raw Materials","category":"Case 1: Hydrogen Production (Cradle-to-gate 2) with CCS (kg)/Stage 1: Mining \u0026 Preparation","processType":"UNIT_PROCESS","flowType":"PRODUCT_FLOW"},"flow":{"@type":"Flow","@id":"0356eda4-5b9d-4450-849a-08f1cc2a14da","name":"Stage 1: Raw Materials","flowType":"PRODUCT_FLOW","refUnit":"Item(s)"},"process":{"@type":"Process","@id":"ba69e0f2-7487-4905-b5da-445b4437d74e","name":"Mining \u0026 Preparation","category":"Case 1: Hydrogen Production (Cradle-to-gate 2) with CCS (kg)/Stage 1: Mining \u0026 Preparation","processType":"UNIT_PROCESS","flowType":"PRODUCT_FLOW"},"exchange":{"@type":"Exchange","internalId":8}},{"provider":{"@type":"Process","@id":"57f884c6-fb16-46cf-b4b9-b5a9f5ca1577","name":"Stage 3: Transportation","category":"Case 1: Hydrogen Production (Cradle-to-gate 2) with CCS (kg)/Stage 3: Hydrogen Purification","processType":"UNIT_PROCESS","flowType":"PRODUCT_FLOW"},"flow":{"@type":"Flow","@id":"9016044c-0b7a-4f53-88b2-65b93ba7394e","name":"Stage 3: Transportation","flowType":"PRODUCT_FLOW","refUnit":"Item(s)"},"process":{"@type":"Process","@id":"661fdc04-bb99-4157-9569-a214501bca5e","name":"Hydrogen Purification","category":"Case 1: Hydrogen Production (Cradle-to-gate 2) with CCS (kg)/Stage 3: Hydrogen Purification","processType":"UNIT_PROCESS","flowType":"PRODUCT_FLOW"},"exchange":{"@type":"Exchange","internalId":9}},{"provider":{"@type":"Process","@id":"f5c35d37-9bd0-4fc4-a619-b8beedbe1af0","name":"Stage 1: Transportation","category":"Case 1: Hydrogen Production (Cradle-to-gate 2) with CCS (kg)/Stage 1: Mining \u0026 Preparation","processType":"UNIT_PROCESS","flowType":"PRODUCT_FLOW"},"flow":{"@type":"Flow","@id":"20273fa8-d1f9-4e21-a7e6-e35d468d9424","name":"Stage 1: Transportation","flowType":"PRODUCT_FLOW","refUnit":"Item(s)"},"process":{"@type":"Process","@id":"ba69e0f2-7487-4905-b5da-445b4437d74e","name":"Mining \u0026 Preparation","category":"Case 1: Hydrogen Production (Cradle-to-gate 2) with CCS (kg)/Stage 1: Mining \u0026 Preparation","processType":"UNIT_PROCESS","flowType":"PRODUCT_FLOW"},"exchange":{"@type":"Exchange","internalId":9}},{"provider":{"@type":"Process","@id":"ba69e0f2-7487-4905-b5da-445b4437d74e","name":"Mining \u0026 Preparation","category":"Case 1: Hydrogen Production (Cradle-to-gate 2) with CCS (kg)/Stage 1: Mining \u0026 Preparation","processType":"UNIT_PROCESS","flowType":"PRODUCT_FLOW"},"flow":{"@type":"Flow","@id":"2965a222-0609-4970-8464-592891d3be00","name":"Mining \u0026 Preparation","flowType":"PRODUCT_FLOW","refUnit":"Item(s)"},"process":{"@type":"Process","@id":"343afc85-4e1b-49df-8201-f7b4ff73d550","name":"Hydrogen Production (Cradle-to-gate 2) with CCS (kg)","category":"Case 1: Hydrogen Production (Cradle-to-gate 2) with CCS (kg)","processType":"UNIT_PROCESS","flowType":"PRODUCT_FLOW"},"exchange":{"@type":"Exchange","internalId":2}},{"provider":{"@type":"Process","@id":"97e64b53-3881-4e96-a822-dda2cf59b9b9","name":"CCS: Capital Goods","category":"Case 1: Hydrogen Production (Cradle-to-gate 2) with CCS (kg)/Carbon capture and storage","processType":"UNIT_PROCESS","flowType":"PRODUCT_FLOW"},"flow":{"@type":"Flow","@id":"780f34b7-8c65-4224-b9e0-cff8a12a0072","name":"CCS: Capital Goods","flowType":"PRODUCT_FLOW","refUnit":"Item(s)"},"process":{"@type":"Process","@id":"50638543-b448-427c-9102-a5249b312940","name":"Carbon capture and storage","category":"Case 1: Hydrogen Production (Cradle-to-gate 2) with CCS (kg)/Carbon capture and storage","processType":"UNIT_PROCESS","flowType":"PRODUCT_FLOW"},"exchange":{"@type":"Exchange","internalId":2}},{"provider":{"@type":"Process","@id":"b131f61b-8ee4-40a1-867b-2eef849f07b0","name":"Stage 2: Capital Goods ","category":"Case 1: Hydrogen Production (Cradle-to-gate 2) with CCS (kg)/Stage 2: Hydrogen Production","processType":"UNIT_PROCESS","flowType":"PRODUCT_FLOW"},"flow":{"@type":"Flow","@id":"eb136cd4-a7a5-473d-abdf-75d3ca1866f6","name":"Stage 2: Capital Goods","flowType":"PRODUCT_FLOW","refUnit":"Item(s)"},"process":{"@type":"Process","@id":"c4ac7a48-0878-4a4e-99b7-c0ac6874ca57","name":"Hydrogen Production","category":"Case 1: Hydrogen Production (Cradle-to-gate 2) with CCS (kg)/Stage 2: Hydrogen Production","processType":"UNIT_PROCESS","flowType":"PRODUCT_FLOW"},"exchange":{"@type":"Exchange","internalId":6}},{"provider":{"@type":"Process","@id":"8e3a64f4-b140-41cf-acb4-583ffdb240e5","name":"Stage 2: Energy Consumption","category":"Case 1: Hydrogen Production (Cradle-to-gate 2) with CCS (kg)/Stage 2: Hydrogen Production","processType":"UNIT_PROCESS","flowType":"PRODUCT_FLOW"},"flow":{"@type":"Flow","@id":"22d3c391-f73f-4e75-be86-210e2f094fd3","name":"Stage 2: Energy Consumption","flowType":"PRODUCT_FLOW","refUnit":"Item(s)"},"process":{"@type":"Process","@id":"c4ac7a48-0878-4a4e-99b7-c0ac6874ca57","name":"Hydrogen Production","category":"Case 1: Hydrogen Production (Cradle-to-gate 2) with CCS (kg)/Stage 2: Hydrogen Production","processType":"UNIT_PROCESS","flowType":"PRODUCT_FLOW"},"exchange":{"@type":"Exchange","internalId":7}},{"provider":{"@type":"Process","@id":"2a04ff31-02a6-49eb-b708-a640f2acaa89","name":"Stage 2: Raw Materials","category":"Case 1: Hydrogen Production (Cradle-to-gate 2) with CCS (kg)/Stage 2: Hydrogen Production","processType":"UNIT_PROCESS","flowType":"PRODUCT_FLOW"},"flow":{"@type":"Flow","@id":"364d87b5-99a3-4b87-b24a-1429225883da","name":"Stage 2: Raw Materials","flowType":"PRODUCT_FLOW","refUnit":"Item(s)"},"process":{"@type":"Process","@id":"c4ac7a48-0878-4a4e-99b7-c0ac6874ca57","name":"Hydrogen Production","category":"Case 1: Hydrogen Production (Cradle-to-gate 2) with CCS (kg)/Stage 2: Hydrogen Production","processType":"UNIT_PROCESS","flowType":"PRODUCT_FLOW"},"exchange":{"@type":"Exchange","internalId":8}},{"provider":{"@type":"Process","@id":"e68f3484-5268-4d84-9f81-3edf9a773914","name":"Stage 2: Transportation","category":"Case 1: Hydrogen Production (Cradle-to-gate 2) with CCS (kg)/Stage 2: Hydrogen Production","processType":"UNIT_PROCESS","flowType":"PRODUCT_FLOW"},"flow":{"@type":"Flow","@id":"54e0f1c1-8696-4a6e-93d3-d5460372c6fe","name":"Stage 2: Transportation","flowType":"PRODUCT_FLOW","refUnit":"Item(s)"},"process":{"@type":"Process","@id":"c4ac7a48-0878-4a4e-99b7-c0ac6874ca57","name":"Hydrogen Production","category":"Case 1: Hydrogen Production (Cradle-to-gate 2) with CCS (kg)/Stage 2: Hydrogen Production","processType":"UNIT_PROCESS","flowType":"PRODUCT_FLOW"},"exchange":{"@type":"Exchange","internalId":9}},{"provider":{"@type":"Process","@id":"3f7e0291-ee19-45ed-8314-3cb837389043","name":"Stage 3: Capital Goods","category":"Case 1: Hydrogen Production (Cradle-to-gate 2) with CCS (kg)/Stage 3: Hydrogen Purification","processType":"UNIT_PROCESS","flowType":"PRODUCT_FLOW"},"flow":{"@type":"Flow","@id":"7510368d-3662-4d40-b937-36f998d84391","name":"Stage 3: Capital Goods","flowType":"PRODUCT_FLOW","refUnit":"Item(s)"},"process":{"@type":"Process","@id":"661fdc04-bb99-4157-9569-a214501bca5e","name":"Hydrogen Purification","category":"Case 1: Hydrogen Production (Cradle-to-gate 2) with CCS (kg)/Stage 3: Hydrogen Purification","processType":"UNIT_PROCESS","flowType":"PRODUCT_FLOW"},"exchange":{"@type":"Exchange","internalId":6}},{"provider":{"@type":"Process","@id":"6b585fd0-7e68-4680-bb24-c749ea7f3564","name":"Stage 1: Capital Goods","category":"Case 1: Hydrogen Production (Cradle-to-gate 2) with CCS (kg)/Stage 1: Mining \u0026 Preparation","processType":"UNIT_PROCESS","flowType":"PRODUCT_FLOW"},"flow":{"@type":"Flow","@id":"333efdd5-8db6-4efb-a00d-7365225786f1","name":"Stage 1: Capital Goods","flowType":"PRODUCT_FLOW","refUnit":"Item(s)"},"process":{"@type":"Process","@id":"ba69e0f2-7487-4905-b5da-445b4437d74e","name":"Mining \u0026 Preparation","category":"Case 1: Hydrogen Production (Cradle-to-gate 2) with CCS (kg)/Stage 1: Mining \u0026 Preparation","processType":"UNIT_PROCESS","flowType":"PRODUCT_FLOW"},"exchange":{"@type":"Exchange","internalId":6}},{"provider":{"@type":"Process","@id":"46e2934f-c00d-4912-aed4-76d888e6a1b8","name":"Stage 3: Energy Consumption","category":"Case 1: Hydrogen Production (Cradle-to-gate 2) with CCS (kg)/Stage 3: Hydrogen Purification","processType":"UNIT_PROCESS","flowType":"PRODUCT_FLOW"},"flow":{"@type":"Flow","@id":"c4f2aa43-1d3a-40fa-b829-ca5e1dc155ab","name":"Stage 3: Energy Consumption","flowType":"PRODUCT_FLOW","refUnit":"Item(s)"},"process":{"@type":"Process","@id":"661fdc04-bb99-4157-9569-a214501bca5e","name":"Hydrogen Purification","category":"Case 1: Hydrogen Production (Cradle-to-gate 2) with CCS (kg)/Stage 3: Hydrogen Purification","processType":"UNIT_PROCESS","flowType":"PRODUCT_FLOW"},"exchange":{"@type":"Exchange","internalId":7}},{"provider":{"@type":"Process","@id":"3e9ec5bc-77c4-42b0-8224-6275e65d6237","name":"Stage 1: Energy Consumption","category":"Case 1: Hydrogen Production (Cradle-to-gate 2) with CCS (kg)/Stage 1: Mining \u0026 Preparation","processType":"UNIT_PROCESS","flowType":"PRODUCT_FLOW"},"flow":{"@type":"Flow","@id":"f5914253-6230-4428-8301-e1fdb2151672","name":"Stage 1: Energy Consumption","flowType":"PRODUCT_FLOW","refUnit":"Item(s)"},"process":{"@type":"Process","@id":"ba69e0f2-7487-4905-b5da-445b4437d74e","name":"Mining \u0026 Preparation","category":"Case 1: Hydrogen Production (Cradle-to-gate 2) with CCS (kg)/Stage 1: Mining \u0026 Preparation","processType":"UNIT_PROCESS","flowType":"PRODUCT_FLOW"},"exchange":{"@type":"Exchange","internalId":7}},{"provider":{"@type":"Process","@id":"15c23c98-1916-4b14-add6-9b190fdf8c99","name":"Stage 3: Raw Materials","category":"Case 1: Hydrogen Production (Cradle-to-gate 2) with CCS (kg)/Stage 3: Hydrogen Purification","processType":"UNIT_PROCESS","flowType":"PRODUCT_FLOW"},"flow":{"@type":"Flow","@id":"31d416e0-4fa1-4cf0-a139-ef4ccbba3351","name":"Stage 3: Raw Materials","flowType":"PRODUCT_FLOW","refUnit":"Item(s)"},"process":{"@type":"Process","@id":"661fdc04-bb99-4157-9569-a214501bca5e","name":"Hydrogen Purification","category":"Case 1: Hydrogen Production (Cradle-to-gate 2) with CCS (kg)/Stage 3: Hydrogen Purification","processType":"UNIT_PROCESS","flowType":"PRODUCT_FLOW"},"exchange":{"@type":"Exchange","internalId":8}}]}