{"@type":"Process","@id":"344b9e8b-344f-45db-a4b1-87601124c850","name":"Hydrogen Compression","description":"","category":"Case 1: Hydrogen Production (Cradle-to-gate 6) (kg)/Stage 4: Hydrogen Compression","version":"00.00.008","lastChange":"2023-10-04T11:40:02.539Z","processType":"UNIT_PROCESS","isInfrastructureProcess":false,"processDocumentation":{"isCopyrightProtected":false,"creationDate":"2023-08-11T13:53:28.913"},"lastInternalId":9,"parameters":[],"exchanges":[{"@type":"Exchange","isAvoidedProduct":false,"isInput":false,"amount":1.0,"internalId":1,"flow":{"@type":"Flow","@id":"581291b9-1017-4cd6-80dc-48e6bb8a6152","name":"Hydrogen Compression","flowType":"PRODUCT_FLOW","refUnit":"kg"},"isQuantitativeReference":true},{"@type":"Exchange","isAvoidedProduct":false,"isInput":true,"amount":1.0,"internalId":8,"flow":{"@type":"Flow","@id":"9d88774f-2ef7-4f35-9ab0-82560f51cd8f","name":"Stage 4: Raw Materials","flowType":"PRODUCT_FLOW","refUnit":"Item(s)"},"unit":{"@type":"Unit","@id":"6dabe201-aaac-4509-92f0-d00c26cb72ab","name":"Item(s)"},"flowProperty":{"@type":"FlowProperty","@id":"01846770-4cfe-4a25-8ad9-919d8d378345","name":"Number of items","category":"Technical flow properties","refUnit":"Item(s)"},"defaultProvider":{"@type":"Process","@id":"6ec40471-677e-46bd-9273-f34fd20fac57","name":"Stage 4: Raw Materials","category":"Case 1: Hydrogen Production (Cradle-to-gate 6) (kg)/Stage 4: Hydrogen Compression","processType":"UNIT_PROCESS","flowType":"PRODUCT_FLOW"}},{"@type":"Exchange","isAvoidedProduct":false,"isInput":true,"amount":1.0,"internalId":7,"flow":{"@type":"Flow","@id":"8f178ca4-a2d3-4cb8-a70b-1ca27570c0d9","name":"Stage 4: Energy Consumption","flowType":"PRODUCT_FLOW","refUnit":"Item(s)"},"unit":{"@type":"Unit","@id":"6dabe201-aaac-4509-92f0-d00c26cb72ab","name":"Item(s)"},"flowProperty":{"@type":"FlowProperty","@id":"01846770-4cfe-4a25-8ad9-919d8d378345","name":"Number of items","category":"Technical flow properties","refUnit":"Item(s)"},"defaultProvider":{"@type":"Process","@id":"3b5faa7f-f94c-453f-ac0f-4b59cf72fadc","name":"Stage 4: Energy Consumption","category":"Case 1: Hydrogen Production (Cradle-to-gate 6) (kg)/Stage 4: Hydrogen Compression","processType":"UNIT_PROCESS","flowType":"PRODUCT_FLOW"}},{"@type":"Exchange","isAvoidedProduct":false,"isInput":true,"amount":1.0,"internalId":6,"flow":{"@type":"Flow","@id":"debc9e81-39a2-4cb8-bd4a-962ac0a48fe2","name":"Stage 4: Capital Goods","flowType":"PRODUCT_FLOW","refUnit":"Item(s)"},"unit":{"@type":"Unit","@id":"6dabe201-aaac-4509-92f0-d00c26cb72ab","name":"Item(s)"},"flowProperty":{"@type":"FlowProperty","@id":"01846770-4cfe-4a25-8ad9-919d8d378345","name":"Number of items","category":"Technical flow properties","refUnit":"Item(s)"},"defaultProvider":{"@type":"Process","@id":"1b2a06ec-9023-4c23-bfdd-aa34d13f3bd0","name":"Stage 4: Capital Goods","category":"Case 1: Hydrogen Production (Cradle-to-gate 6) (kg)/Stage 4: Hydrogen Compression","processType":"UNIT_PROCESS","flowType":"PRODUCT_FLOW"}},{"@type":"Exchange","isAvoidedProduct":false,"isInput":true,"amount":1.0,"internalId":9,"flow":{"@type":"Flow","@id":"ef6ad59a-275b-4032-821b-a57de476667e","name":"Stage 4: Transportation","flowType":"PRODUCT_FLOW","refUnit":"Item(s)"},"unit":{"@type":"Unit","@id":"6dabe201-aaac-4509-92f0-d00c26cb72ab","name":"Item(s)"},"flowProperty":{"@type":"FlowProperty","@id":"01846770-4cfe-4a25-8ad9-919d8d378345","name":"Number of items","category":"Technical flow properties","refUnit":"Item(s)"},"defaultProvider":{"@type":"Process","@id":"61fee52b-6f83-4a84-bb31-da56b785a8c1","name":"Stage 4: Transportation","category":"Case 1: Hydrogen Production (Cradle-to-gate 6) (kg)/Stage 4: Hydrogen Compression","processType":"UNIT_PROCESS","flowType":"PRODUCT_FLOW"}}],"socialAspects":[],"allocationFactors":[]}