{"@type":"Process","@id":"3b5faa7f-f94c-453f-ac0f-4b59cf72fadc","name":"Stage 4: Energy Consumption","description":"","category":"Case 1: Hydrogen Production (Cradle-to-gate 6) (kg)/Stage 4: Hydrogen Compression","version":"00.00.007","lastChange":"2023-08-14T13:41:05.505Z","processType":"UNIT_PROCESS","isInfrastructureProcess":false,"processDocumentation":{"isCopyrightProtected":false,"creationDate":"2023-08-11T14:05:23.414"},"lastInternalId":1,"parameters":[],"exchanges":[{"@type":"Exchange","isAvoidedProduct":false,"isInput":false,"amount":1.0,"internalId":1,"flow":{"@type":"Flow","@id":"8f178ca4-a2d3-4cb8-a70b-1ca27570c0d9","name":"Stage 4: Energy Consumption","flowType":"PRODUCT_FLOW","refUnit":"Item(s)"},"unit":{"@type":"Unit","@id":"6dabe201-aaac-4509-92f0-d00c26cb72ab","name":"Item(s)"},"flowProperty":{"@type":"FlowProperty","@id":"01846770-4cfe-4a25-8ad9-919d8d378345","name":"Number of items","category":"Technical flow properties","refUnit":"Item(s)"},"isQuantitativeReference":true}],"socialAspects":[],"allocationFactors":[]}