{"@type":"Process","@id":"41d70b98-a339-40d2-b910-bff850e35488","name":"Hydrogen Storage","description":"","category":"Case 1: Hydrogen Production (Cradle-to-gate 6) (kg)/Stage 6: Hydrogen Storage","version":"00.00.005","lastChange":"2023-10-04T11:40:13.749Z","processType":"UNIT_PROCESS","isInfrastructureProcess":false,"processDocumentation":{"isCopyrightProtected":false,"creationDate":"2023-08-14T12:57:50.336"},"lastInternalId":10,"parameters":[],"exchanges":[{"@type":"Exchange","isAvoidedProduct":false,"isInput":false,"amount":1.0,"internalId":1,"flow":{"@type":"Flow","@id":"ddcb3fc8-b182-4c3f-bc03-4adb918c9eb9","name":"Hyrogen Storage","flowType":"PRODUCT_FLOW","refUnit":"Item(s)"},"unit":{"@type":"Unit","@id":"6dabe201-aaac-4509-92f0-d00c26cb72ab","name":"Item(s)"},"flowProperty":{"@type":"FlowProperty","@id":"01846770-4cfe-4a25-8ad9-919d8d378345","name":"Number of items","category":"Technical flow properties","refUnit":"Item(s)"},"isQuantitativeReference":true},{"@type":"Exchange","isAvoidedProduct":false,"isInput":true,"amount":1.0,"internalId":7,"flow":{"@type":"Flow","@id":"3ba22990-3d38-4d35-a7dc-14390d8402bb","name":"Stage 6: Capital Goods","flowType":"PRODUCT_FLOW","refUnit":"Item(s)"},"unit":{"@type":"Unit","@id":"6dabe201-aaac-4509-92f0-d00c26cb72ab","name":"Item(s)"},"flowProperty":{"@type":"FlowProperty","@id":"01846770-4cfe-4a25-8ad9-919d8d378345","name":"Number of items","category":"Technical flow properties","refUnit":"Item(s)"},"defaultProvider":{"@type":"Process","@id":"e8730664-4fd1-4ec6-b41f-cc071d017401","name":"Stage 6: Capital Goods","category":"Case 1: Hydrogen Production (Cradle-to-gate 6) (kg)/Stage 6: Hydrogen Storage","processType":"UNIT_PROCESS","flowType":"PRODUCT_FLOW"}},{"@type":"Exchange","isAvoidedProduct":false,"isInput":true,"amount":1.0,"internalId":10,"flow":{"@type":"Flow","@id":"ebf7d24c-1ef1-45db-873e-a613ba25658f","name":"Stage 6: Transportation","flowType":"PRODUCT_FLOW","refUnit":"Item(s)"},"unit":{"@type":"Unit","@id":"6dabe201-aaac-4509-92f0-d00c26cb72ab","name":"Item(s)"},"flowProperty":{"@type":"FlowProperty","@id":"01846770-4cfe-4a25-8ad9-919d8d378345","name":"Number of items","category":"Technical flow properties","refUnit":"Item(s)"},"defaultProvider":{"@type":"Process","@id":"96702663-c06d-4a5e-bb01-331d9c57c91d","name":"Stage 6: Transportation","category":"Case 1: Hydrogen Production (Cradle-to-gate 6) (kg)/Stage 6: Hydrogen Storage","processType":"UNIT_PROCESS","flowType":"PRODUCT_FLOW"}},{"@type":"Exchange","isAvoidedProduct":false,"isInput":true,"amount":1.0,"internalId":9,"flow":{"@type":"Flow","@id":"2466b18c-d6f6-4a8d-b4a8-0a15d4eee5d8","name":"Stage 6: Raw Material","flowType":"PRODUCT_FLOW","refUnit":"Item(s)"},"unit":{"@type":"Unit","@id":"6dabe201-aaac-4509-92f0-d00c26cb72ab","name":"Item(s)"},"flowProperty":{"@type":"FlowProperty","@id":"01846770-4cfe-4a25-8ad9-919d8d378345","name":"Number of items","category":"Technical flow properties","refUnit":"Item(s)"},"defaultProvider":{"@type":"Process","@id":"69a33e03-a3f7-460b-805b-e47c8a789a76","name":"Stage 6: Raw Material","category":"Case 1: Hydrogen Production (Cradle-to-gate 6) (kg)/Stage 6: Hydrogen Storage","processType":"UNIT_PROCESS","flowType":"PRODUCT_FLOW"}},{"@type":"Exchange","isAvoidedProduct":false,"isInput":true,"amount":1.0,"internalId":8,"flow":{"@type":"Flow","@id":"9fb43c79-3aff-4bd4-8e3f-2627746a4b4e","name":"Stage 6: Energy Consumption","flowType":"PRODUCT_FLOW","refUnit":"Item(s)"},"unit":{"@type":"Unit","@id":"6dabe201-aaac-4509-92f0-d00c26cb72ab","name":"Item(s)"},"flowProperty":{"@type":"FlowProperty","@id":"01846770-4cfe-4a25-8ad9-919d8d378345","name":"Number of items","category":"Technical flow properties","refUnit":"Item(s)"},"defaultProvider":{"@type":"Process","@id":"c006c570-5240-4f70-a9ee-5056858fa808","name":"Stage 6: Energy Consumption","category":"Case 1: Hydrogen Production (Cradle-to-gate 6) (kg)/Stage 6: Hydrogen Storage","processType":"UNIT_PROCESS","flowType":"PRODUCT_FLOW"}}],"socialAspects":[],"allocationFactors":[]}