{"@type":"UnitGroup","@id":"838aaa22-0117-11db-92e3-0800200c9a66","name":"Units of length","description":"","category":"Technical unit groups","version":"00.00.000","defaultFlowProperty":{"@type":"FlowProperty","@id":"838aaa23-0117-11db-92e3-0800200c9a66","name":"Length","category":"Technical flow properties","refUnit":"m"},"units":[{"@type":"Unit","@id":"1f112940-6c27-4c75-828a-46d548d71cff","name":"nmi","description":"Nautical mile","conversionFactor":1852.0},{"@type":"Unit","@id":"cc44768b-c0ce-4bc9-804a-c59b67d22e39","name":"mm","description":"Millimetre","conversionFactor":0.001},{"@type":"Unit","@id":"3d314eab-ef11-4ff3-a35e-9bc5cd858694","name":"m","description":"Metre","conversionFactor":1.0,"isRefUnit":true},{"@type":"Unit","@id":"0a025f54-0114-4548-a564-d91aa8eb8174","name":"hm","description":"Hectometre","conversionFactor":100.0},{"@type":"Unit","@id":"127eddde-af81-4d0d-88f3-123c0b65d971","name":"ch","description":"Chain","conversionFactor":20.1168},{"@type":"Unit","@id":"31ace5ab-d905-46ef-b958-caa2e65d6424","name":"ftm","description":"Fathom","conversionFactor":1.8288},{"@type":"Unit","@id":"4a51d52b-f94f-4168-a38c-c612f14b8a2d","name":"mi","description":"International mile","conversionFactor":1609.344,"synonyms":["mile"]},{"@type":"Unit","@id":"9428cdb2-e08e-46f9-a9aa-85cc11416b5f","name":"dam","description":"Decametre","conversionFactor":10.0},{"@type":"Unit","@id":"a16960ba-31e2-4fe9-82fe-219013f4708f","name":"yd","description":"Yard (international)","conversionFactor":0.9144,"synonyms":["yard"]},{"@type":"Unit","@id":"2a39ac84-f3f0-4296-8907-ffc2f41aebfc","name":"hh","description":"Hand","conversionFactor":0.1016},{"@type":"Unit","@id":"f7905d3f-904d-4fdb-829e-54a72fb4c98e","name":"ft","description":"Foot (international)","conversionFactor":0.3048},{"@type":"Unit","@id":"1135c9c8-05e9-4831-9eb2-e1c4759f218d","name":"fur","description":"Furlong","conversionFactor":201.168},{"@type":"Unit","@id":"d018183e-ea8c-4a41-a303-627c9b9b173d","name":"cm","description":"Centimetre","conversionFactor":0.01},{"@type":"Unit","@id":"9003179a-bf17-4e89-8fd7-a0c1c91ac189","name":"u","description":"Micron","conversionFactor":1.0E-6,"synonyms":["µm","um"]},{"@type":"Unit","@id":"35b9b720-0518-4476-941e-282d9654161a","name":"dm","description":"Decimetre","conversionFactor":0.1},{"@type":"Unit","@id":"715ca68e-0ac5-4c4b-b557-fdc36623be88","name":"km","description":"Kilometre","conversionFactor":1000.0},{"@type":"Unit","@id":"030e99e1-2237-483c-8447-8b3a256d8b0d","name":"in","description":"Inch","conversionFactor":0.0254,"synonyms":["inch"]}]}