{"@type":"ProductSystem","@id":"c9529107-abd8-42d2-ac1a-664dab3ac384","name":"Electricity Generation","description":"First created: 2023-09-28T10:52:53\nLinking approach during creation: Prefer default providers; Preferred process type: System process","version":"00.00.000","lastChange":"2023-09-28T08:52:53.700Z","refProcess":{"@type":"Process","@id":"d2f964de-8706-4790-99fd-fe6a6614277a","name":"Electricity Generation","category":"Case 2: Hydrogen Use (Cradle-to-grave) for cogeneration (MJ)","processType":"UNIT_PROCESS","flowType":"PRODUCT_FLOW"},"refExchange":{"@type":"Exchange","internalId":1,"flow":{"@type":"Flow","@id":"64140376-f023-41f9-94d6-48d694daccca","name":"Electricity Generation","flowType":"PRODUCT_FLOW","refUnit":"MJ"}},"targetFlowProperty":{"@type":"FlowProperty","@id":"f6811440-ee37-11de-8a39-0800200c9a66","name":"Energy","category":"Technical flow properties","refUnit":"MJ"},"targetUnit":{"@type":"Unit","@id":"52765a6c-3896-43c2-b2f4-c679acf13efe","name":"MJ"},"targetAmount":1.0,"processes":[{"@type":"Process","@id":"f62c2af4-149c-42a2-bc96-81987c32e840","name":"End-of-Life: Disassembly","category":"Case 2: Hydrogen Use (Cradle-to-grave) for cogeneration (MJ)/End-of-life","processType":"UNIT_PROCESS","flowType":"WASTE_FLOW"},{"@type":"Process","@id":"616f7723-657f-473a-9406-dd0cf25e6932","name":"Operating Stage","category":"Case 2: Hydrogen Use (Cradle-to-grave) for cogeneration (MJ)/Operating Stage","processType":"UNIT_PROCESS","flowType":"PRODUCT_FLOW"},{"@type":"Process","@id":"657f34db-fb73-4631-8d46-7aec16f1eed0","name":"Manufactuing Stage: Raw Materials","category":"Case 2: Hydrogen Use (Cradle-to-grave) for cogeneration (MJ)/Manufacturing Stage","processType":"UNIT_PROCESS","flowType":"PRODUCT_FLOW"},{"@type":"Process","@id":"ecd8a1a2-e056-4064-9bf5-9dcd2f65f1ee","name":"End-of-Life: Sorting/Seperation","category":"Case 2: Hydrogen Use (Cradle-to-grave) for cogeneration (MJ)/End-of-life","processType":"UNIT_PROCESS","flowType":"WASTE_FLOW"},{"@type":"Process","@id":"4696503f-ea4d-44d8-95c2-36b865bbef2d","name":"End-of-Life","category":"Case 2: Hydrogen Use (Cradle-to-grave) for cogeneration (MJ)/End-of-life","processType":"UNIT_PROCESS","flowType":"WASTE_FLOW"},{"@type":"Process","@id":"f4bbadce-445b-4766-8fe6-98fbab9e4863","name":"Manufacturing Stage: Capital Goods","category":"Case 2: Hydrogen Use (Cradle-to-grave) for cogeneration (MJ)/Manufacturing Stage","processType":"UNIT_PROCESS","flowType":"PRODUCT_FLOW"},{"@type":"Process","@id":"781c863d-1f66-4a3c-a99a-b92cf73738a2","name":"Operating Stage: Maintenance","category":"Case 2: Hydrogen Use (Cradle-to-grave) for cogeneration (MJ)/Operating Stage","processType":"UNIT_PROCESS","flowType":"PRODUCT_FLOW"},{"@type":"Process","@id":"5e788426-9ac5-4f6e-8b8d-9e29bdd2c094","name":"Manufacturing Stage","category":"Case 2: Hydrogen Use (Cradle-to-grave) for cogeneration (MJ)/Manufacturing Stage","processType":"UNIT_PROCESS","flowType":"PRODUCT_FLOW"},{"@type":"Process","@id":"55defd8d-5960-4388-b8c8-24f89f29287e","name":"Operating Source: Hydrogen Use","category":"Case 2: Hydrogen Use (Cradle-to-grave) for cogeneration (MJ)/Operating Stage","processType":"UNIT_PROCESS","flowType":"PRODUCT_FLOW"},{"@type":"Process","@id":"ae56b65c-05a5-4fc1-9880-11c2fe39a840","name":"Operating Stage: Material Inputs","category":"Case 2: Hydrogen Use (Cradle-to-grave) for cogeneration (MJ)/Operating Stage","processType":"UNIT_PROCESS","flowType":"PRODUCT_FLOW"},{"@type":"Process","@id":"d2f964de-8706-4790-99fd-fe6a6614277a","name":"Electricity Generation","category":"Case 2: Hydrogen Use (Cradle-to-grave) for cogeneration (MJ)","processType":"UNIT_PROCESS","flowType":"PRODUCT_FLOW"},{"@type":"Process","@id":"e3099b1a-f160-405a-a871-19758effeddd","name":"Manufacturing Stage: Transportation of Raw Materials","category":"Case 2: Hydrogen Use (Cradle-to-grave) for cogeneration (MJ)/Manufacturing Stage","processType":"UNIT_PROCESS","flowType":"PRODUCT_FLOW"},{"@type":"Process","@id":"42268908-d8ae-4dba-9d82-23e72d2ad1c9","name":"Manufacturing Stage: Energy Consumption","category":"Case 2: Hydrogen Use (Cradle-to-grave) for cogeneration (MJ)/Manufacturing Stage","processType":"UNIT_PROCESS","flowType":"PRODUCT_FLOW"},{"@type":"Process","@id":"d7729e1c-6899-47b2-8037-731f882b4845","name":"End-of-Life: Final Treatment","category":"Case 2: Hydrogen Use (Cradle-to-grave) for cogeneration (MJ)/End-of-life","processType":"UNIT_PROCESS","flowType":"WASTE_FLOW"},{"@type":"Process","@id":"ddb499dc-4796-4075-9a2b-c094f6a069b5","name":"End-of-Life: Collection/Transportation","category":"Case 2: Hydrogen Use (Cradle-to-grave) for cogeneration (MJ)/End-of-life","processType":"UNIT_PROCESS","flowType":"WASTE_FLOW"}],"processLinks":[{"provider":{"@type":"Process","@id":"42268908-d8ae-4dba-9d82-23e72d2ad1c9","name":"Manufacturing Stage: Energy Consumption","category":"Case 2: Hydrogen Use (Cradle-to-grave) for cogeneration (MJ)/Manufacturing Stage","processType":"UNIT_PROCESS","flowType":"PRODUCT_FLOW"},"flow":{"@type":"Flow","@id":"fef261e6-5948-47a2-873f-565c6cf84706","name":"Manufacturing Stage: Energy Consumption","flowType":"PRODUCT_FLOW","refUnit":"Item(s)"},"process":{"@type":"Process","@id":"5e788426-9ac5-4f6e-8b8d-9e29bdd2c094","name":"Manufacturing Stage","category":"Case 2: Hydrogen Use (Cradle-to-grave) for cogeneration (MJ)/Manufacturing Stage","processType":"UNIT_PROCESS","flowType":"PRODUCT_FLOW"},"exchange":{"@type":"Exchange","internalId":4}},{"provider":{"@type":"Process","@id":"e3099b1a-f160-405a-a871-19758effeddd","name":"Manufacturing Stage: Transportation of Raw Materials","category":"Case 2: Hydrogen Use (Cradle-to-grave) for cogeneration (MJ)/Manufacturing Stage","processType":"UNIT_PROCESS","flowType":"PRODUCT_FLOW"},"flow":{"@type":"Flow","@id":"6bd1dcd1-57e0-49bb-84e9-7f2a2ad00054","name":"Manufacturing Stage: End-of-life","flowType":"PRODUCT_FLOW","refUnit":"Item(s)"},"process":{"@type":"Process","@id":"5e788426-9ac5-4f6e-8b8d-9e29bdd2c094","name":"Manufacturing Stage","category":"Case 2: Hydrogen Use (Cradle-to-grave) for cogeneration (MJ)/Manufacturing Stage","processType":"UNIT_PROCESS","flowType":"PRODUCT_FLOW"},"exchange":{"@type":"Exchange","internalId":5}},{"provider":{"@type":"Process","@id":"f4bbadce-445b-4766-8fe6-98fbab9e4863","name":"Manufacturing Stage: Capital Goods","category":"Case 2: Hydrogen Use (Cradle-to-grave) for cogeneration (MJ)/Manufacturing Stage","processType":"UNIT_PROCESS","flowType":"PRODUCT_FLOW"},"flow":{"@type":"Flow","@id":"1f5558f5-5f83-4408-95fd-2ac763bd589d","name":"Manufacturing Stage: Capital Goods","flowType":"PRODUCT_FLOW","refUnit":"Item(s)"},"process":{"@type":"Process","@id":"5e788426-9ac5-4f6e-8b8d-9e29bdd2c094","name":"Manufacturing Stage","category":"Case 2: Hydrogen Use (Cradle-to-grave) for cogeneration (MJ)/Manufacturing Stage","processType":"UNIT_PROCESS","flowType":"PRODUCT_FLOW"},"exchange":{"@type":"Exchange","internalId":3}},{"provider":{"@type":"Process","@id":"657f34db-fb73-4631-8d46-7aec16f1eed0","name":"Manufactuing Stage: Raw Materials","category":"Case 2: Hydrogen Use (Cradle-to-grave) for cogeneration (MJ)/Manufacturing Stage","processType":"UNIT_PROCESS","flowType":"PRODUCT_FLOW"},"flow":{"@type":"Flow","@id":"7b6a5762-3013-419c-9a1d-c19ae94693a1","name":"Manufactuing Stage: Raw Materials","flowType":"PRODUCT_FLOW","refUnit":"Item(s)"},"process":{"@type":"Process","@id":"5e788426-9ac5-4f6e-8b8d-9e29bdd2c094","name":"Manufacturing Stage","category":"Case 2: Hydrogen Use (Cradle-to-grave) for cogeneration (MJ)/Manufacturing Stage","processType":"UNIT_PROCESS","flowType":"PRODUCT_FLOW"},"exchange":{"@type":"Exchange","internalId":2}},{"provider":{"@type":"Process","@id":"616f7723-657f-473a-9406-dd0cf25e6932","name":"Operating Stage","category":"Case 2: Hydrogen Use (Cradle-to-grave) for cogeneration (MJ)/Operating Stage","processType":"UNIT_PROCESS","flowType":"PRODUCT_FLOW"},"flow":{"@type":"Flow","@id":"cb27e795-db9e-4cc4-b168-492a847931d1","name":"Operating Stage","flowType":"PRODUCT_FLOW","refUnit":"Item(s)"},"process":{"@type":"Process","@id":"d2f964de-8706-4790-99fd-fe6a6614277a","name":"Electricity Generation","category":"Case 2: Hydrogen Use (Cradle-to-grave) for cogeneration (MJ)","processType":"UNIT_PROCESS","flowType":"PRODUCT_FLOW"},"exchange":{"@type":"Exchange","internalId":4}},{"provider":{"@type":"Process","@id":"4696503f-ea4d-44d8-95c2-36b865bbef2d","name":"End-of-Life","category":"Case 2: Hydrogen Use (Cradle-to-grave) for cogeneration (MJ)/End-of-life","processType":"UNIT_PROCESS","flowType":"WASTE_FLOW"},"flow":{"@type":"Flow","@id":"868c9a8c-40ac-43e5-a522-4fb899977a8e","name":"End-of-Life","flowType":"WASTE_FLOW","refUnit":"Item(s)"},"process":{"@type":"Process","@id":"d2f964de-8706-4790-99fd-fe6a6614277a","name":"Electricity Generation","category":"Case 2: Hydrogen Use (Cradle-to-grave) for cogeneration (MJ)","processType":"UNIT_PROCESS","flowType":"PRODUCT_FLOW"},"exchange":{"@type":"Exchange","internalId":2}},{"provider":{"@type":"Process","@id":"ddb499dc-4796-4075-9a2b-c094f6a069b5","name":"End-of-Life: Collection/Transportation","category":"Case 2: Hydrogen Use (Cradle-to-grave) for cogeneration (MJ)/End-of-life","processType":"UNIT_PROCESS","flowType":"WASTE_FLOW"},"flow":{"@type":"Flow","@id":"3fc0fbfc-f7f3-492c-b98e-659e930ad3c6","name":"End-of-Life: Collection/Transportation","flowType":"WASTE_FLOW","refUnit":"Item(s)"},"process":{"@type":"Process","@id":"4696503f-ea4d-44d8-95c2-36b865bbef2d","name":"End-of-Life","category":"Case 2: Hydrogen Use (Cradle-to-grave) for cogeneration (MJ)/End-of-life","processType":"UNIT_PROCESS","flowType":"WASTE_FLOW"},"exchange":{"@type":"Exchange","internalId":2}},{"provider":{"@type":"Process","@id":"f62c2af4-149c-42a2-bc96-81987c32e840","name":"End-of-Life: Disassembly","category":"Case 2: Hydrogen Use (Cradle-to-grave) for cogeneration (MJ)/End-of-life","processType":"UNIT_PROCESS","flowType":"WASTE_FLOW"},"flow":{"@type":"Flow","@id":"7146f505-2281-49ac-b1e4-710ada370094","name":"End-of-Life: Disassembly","flowType":"WASTE_FLOW","refUnit":"Item(s)"},"process":{"@type":"Process","@id":"4696503f-ea4d-44d8-95c2-36b865bbef2d","name":"End-of-Life","category":"Case 2: Hydrogen Use (Cradle-to-grave) for cogeneration (MJ)/End-of-life","processType":"UNIT_PROCESS","flowType":"WASTE_FLOW"},"exchange":{"@type":"Exchange","internalId":3}},{"provider":{"@type":"Process","@id":"ae56b65c-05a5-4fc1-9880-11c2fe39a840","name":"Operating Stage: Material Inputs","category":"Case 2: Hydrogen Use (Cradle-to-grave) for cogeneration (MJ)/Operating Stage","processType":"UNIT_PROCESS","flowType":"PRODUCT_FLOW"},"flow":{"@type":"Flow","@id":"2e160fc5-1d0d-459a-91ba-c22cd7e3a98d","name":"Operating Stage: Material Inputs","flowType":"PRODUCT_FLOW","refUnit":"Item(s)"},"process":{"@type":"Process","@id":"616f7723-657f-473a-9406-dd0cf25e6932","name":"Operating Stage","category":"Case 2: Hydrogen Use (Cradle-to-grave) for cogeneration (MJ)/Operating Stage","processType":"UNIT_PROCESS","flowType":"PRODUCT_FLOW"},"exchange":{"@type":"Exchange","internalId":4}},{"provider":{"@type":"Process","@id":"ecd8a1a2-e056-4064-9bf5-9dcd2f65f1ee","name":"End-of-Life: Sorting/Seperation","category":"Case 2: Hydrogen Use (Cradle-to-grave) for cogeneration (MJ)/End-of-life","processType":"UNIT_PROCESS","flowType":"WASTE_FLOW"},"flow":{"@type":"Flow","@id":"f6589270-6aac-4d11-a9c6-ebb17b42b2ea","name":"End-of-Life: Sorting/Seperation","flowType":"WASTE_FLOW","refUnit":"Item(s)"},"process":{"@type":"Process","@id":"4696503f-ea4d-44d8-95c2-36b865bbef2d","name":"End-of-Life","category":"Case 2: Hydrogen Use (Cradle-to-grave) for cogeneration (MJ)/End-of-life","processType":"UNIT_PROCESS","flowType":"WASTE_FLOW"},"exchange":{"@type":"Exchange","internalId":5}},{"provider":{"@type":"Process","@id":"55defd8d-5960-4388-b8c8-24f89f29287e","name":"Operating Source: Hydrogen Use","category":"Case 2: Hydrogen Use (Cradle-to-grave) for cogeneration (MJ)/Operating Stage","processType":"UNIT_PROCESS","flowType":"PRODUCT_FLOW"},"flow":{"@type":"Flow","@id":"36c790f6-d16a-4a1b-8097-946c697ed046","name":"Operating Source: Hydrogen Use","flowType":"PRODUCT_FLOW","refUnit":"Item(s)"},"process":{"@type":"Process","@id":"616f7723-657f-473a-9406-dd0cf25e6932","name":"Operating Stage","category":"Case 2: Hydrogen Use (Cradle-to-grave) for cogeneration (MJ)/Operating Stage","processType":"UNIT_PROCESS","flowType":"PRODUCT_FLOW"},"exchange":{"@type":"Exchange","internalId":2}},{"provider":{"@type":"Process","@id":"d7729e1c-6899-47b2-8037-731f882b4845","name":"End-of-Life: Final Treatment","category":"Case 2: Hydrogen Use (Cradle-to-grave) for cogeneration (MJ)/End-of-life","processType":"UNIT_PROCESS","flowType":"WASTE_FLOW"},"flow":{"@type":"Flow","@id":"b4dd0fe0-16b6-4fab-b163-fac0525302a3","name":"End-of-Life: Final Treatment","flowType":"WASTE_FLOW","refUnit":"Item(s)"},"process":{"@type":"Process","@id":"4696503f-ea4d-44d8-95c2-36b865bbef2d","name":"End-of-Life","category":"Case 2: Hydrogen Use (Cradle-to-grave) for cogeneration (MJ)/End-of-life","processType":"UNIT_PROCESS","flowType":"WASTE_FLOW"},"exchange":{"@type":"Exchange","internalId":4}},{"provider":{"@type":"Process","@id":"781c863d-1f66-4a3c-a99a-b92cf73738a2","name":"Operating Stage: Maintenance","category":"Case 2: Hydrogen Use (Cradle-to-grave) for cogeneration (MJ)/Operating Stage","processType":"UNIT_PROCESS","flowType":"PRODUCT_FLOW"},"flow":{"@type":"Flow","@id":"ef6e55cf-cbde-4a24-873b-467b187c66e5","name":"Operating Stage: Maintenance","flowType":"PRODUCT_FLOW","refUnit":"Item(s)"},"process":{"@type":"Process","@id":"616f7723-657f-473a-9406-dd0cf25e6932","name":"Operating Stage","category":"Case 2: Hydrogen Use (Cradle-to-grave) for cogeneration (MJ)/Operating Stage","processType":"UNIT_PROCESS","flowType":"PRODUCT_FLOW"},"exchange":{"@type":"Exchange","internalId":3}},{"provider":{"@type":"Process","@id":"5e788426-9ac5-4f6e-8b8d-9e29bdd2c094","name":"Manufacturing Stage","category":"Case 2: Hydrogen Use (Cradle-to-grave) for cogeneration (MJ)/Manufacturing Stage","processType":"UNIT_PROCESS","flowType":"PRODUCT_FLOW"},"flow":{"@type":"Flow","@id":"0c46d597-929f-4acb-bf2e-fd043d9762e3","name":"Manufacturing Stage: Transportation of Raw Materials","flowType":"PRODUCT_FLOW","refUnit":"Item(s)"},"process":{"@type":"Process","@id":"d2f964de-8706-4790-99fd-fe6a6614277a","name":"Electricity Generation","category":"Case 2: Hydrogen Use (Cradle-to-grave) for cogeneration (MJ)","processType":"UNIT_PROCESS","flowType":"PRODUCT_FLOW"},"exchange":{"@type":"Exchange","internalId":3}}]}