{"@type":"Process","@id":"1430d206-a833-4d21-bbe0-8bced63bf81a","name":"Hydrogen Distribution","description":"","category":"Case 1: Hydrogen Production (Cradle-to-gate 6) (MJ)/Stage 7: Hydrogen Distribution","version":"00.00.003","lastChange":"2023-08-14T15:48:09.843Z","processType":"UNIT_PROCESS","isInfrastructureProcess":false,"processDocumentation":{"isCopyrightProtected":false,"creationDate":"2023-08-14T16:16:39.345"},"lastInternalId":5,"parameters":[],"exchanges":[{"@type":"Exchange","isAvoidedProduct":false,"isInput":false,"amount":1.0,"internalId":1,"flow":{"@type":"Flow","@id":"637ba1ed-dad9-4819-a3f1-3fdfa840b15d","name":"Hydrogen Distribution ","flowType":"PRODUCT_FLOW","refUnit":"Item(s)"},"unit":{"@type":"Unit","@id":"6dabe201-aaac-4509-92f0-d00c26cb72ab","name":"Item(s)"},"flowProperty":{"@type":"FlowProperty","@id":"01846770-4cfe-4a25-8ad9-919d8d378345","name":"Number of items","category":"Technical flow properties","refUnit":"Item(s)"},"isQuantitativeReference":true},{"@type":"Exchange","isAvoidedProduct":false,"isInput":true,"amount":1.0,"internalId":3,"flow":{"@type":"Flow","@id":"1401d9ac-e874-454d-91a1-ca13446409d4","name":"Stage 7: Energy Consumption","flowType":"PRODUCT_FLOW","refUnit":"Item(s)"},"unit":{"@type":"Unit","@id":"6dabe201-aaac-4509-92f0-d00c26cb72ab","name":"Item(s)"},"flowProperty":{"@type":"FlowProperty","@id":"01846770-4cfe-4a25-8ad9-919d8d378345","name":"Number of items","category":"Technical flow properties","refUnit":"Item(s)"},"defaultProvider":{"@type":"Process","@id":"db5f540c-e653-491a-a9c4-3823221a5303","name":"Stage 7: Energy Consumption","category":"Case 1: Hydrogen Production (Cradle-to-gate 6) (kg)/Stage 7: Hydrogen Distribution","processType":"UNIT_PROCESS","flowType":"PRODUCT_FLOW"}},{"@type":"Exchange","isAvoidedProduct":false,"isInput":true,"amount":1.0,"internalId":2,"flow":{"@type":"Flow","@id":"1c7572d3-1862-4e55-8f26-4ff166d983b8","name":"Stage 7: Capital Goods","flowType":"PRODUCT_FLOW","refUnit":"Item(s)"},"unit":{"@type":"Unit","@id":"6dabe201-aaac-4509-92f0-d00c26cb72ab","name":"Item(s)"},"flowProperty":{"@type":"FlowProperty","@id":"01846770-4cfe-4a25-8ad9-919d8d378345","name":"Number of items","category":"Technical flow properties","refUnit":"Item(s)"},"defaultProvider":{"@type":"Process","@id":"05443449-fc4b-45c5-b365-a179eef3df6a","name":"Stage 7: Capital Goods","category":"Case 1: Hydrogen Production (Cradle-to-gate 6) (kg)/Stage 7: Hydrogen Distribution","processType":"UNIT_PROCESS","flowType":"PRODUCT_FLOW"}},{"@type":"Exchange","isAvoidedProduct":false,"isInput":true,"amount":1.0,"internalId":5,"flow":{"@type":"Flow","@id":"1730447f-f3fa-4bd1-84c6-816628a196ca","name":"Stage 7: Transportation","flowType":"PRODUCT_FLOW","refUnit":"Item(s)"},"unit":{"@type":"Unit","@id":"6dabe201-aaac-4509-92f0-d00c26cb72ab","name":"Item(s)"},"flowProperty":{"@type":"FlowProperty","@id":"01846770-4cfe-4a25-8ad9-919d8d378345","name":"Number of items","category":"Technical flow properties","refUnit":"Item(s)"},"defaultProvider":{"@type":"Process","@id":"949c6879-5b56-473d-8c1a-3b716ad3f396","name":"Stage 7: Transportation","category":"Case 1: Hydrogen Production (Cradle-to-gate 6) (kg)/Stage 7: Hydrogen Distribution","processType":"UNIT_PROCESS","flowType":"PRODUCT_FLOW"}},{"@type":"Exchange","isAvoidedProduct":false,"isInput":true,"amount":1.0,"internalId":4,"flow":{"@type":"Flow","@id":"90f419bb-3ae2-4979-9b23-c7a718e2a753","name":"Stage 7: Raw Materials ","flowType":"PRODUCT_FLOW","refUnit":"Item(s)"},"unit":{"@type":"Unit","@id":"6dabe201-aaac-4509-92f0-d00c26cb72ab","name":"Item(s)"},"flowProperty":{"@type":"FlowProperty","@id":"01846770-4cfe-4a25-8ad9-919d8d378345","name":"Number of items","category":"Technical flow properties","refUnit":"Item(s)"},"defaultProvider":{"@type":"Process","@id":"cccff4c8-576f-407b-bf03-98b0b585002b","name":"Stage 7: Raw Materials ","category":"Case 1: Hydrogen Production (Cradle-to-gate 6) (kg)/Stage 7: Hydrogen Distribution","processType":"UNIT_PROCESS","flowType":"PRODUCT_FLOW"}}],"socialAspects":[],"allocationFactors":[]}