{"@type":"Process","@id":"cf2de6ce-ddb8-45c5-a053-7a5f5717efe2","name":"Stage 1: Energy Consumption","description":"","category":"Case 1: Hydrogen Production (Cradle-to-gate 6) (kg)/Stage 1: Mining \u0026 Preparation","version":"00.00.015","lastChange":"2023-08-14T13:35:51.468Z","processType":"UNIT_PROCESS","isInfrastructureProcess":false,"processDocumentation":{"isCopyrightProtected":false,"creationDate":"2023-08-09T12:16:30.012"},"lastInternalId":1,"parameters":[],"exchanges":[{"@type":"Exchange","isAvoidedProduct":false,"isInput":false,"amount":1.0,"internalId":1,"flow":{"@type":"Flow","@id":"f5914253-6230-4428-8301-e1fdb2151672","name":"Stage 1: Energy Consumption","flowType":"PRODUCT_FLOW","refUnit":"Item(s)"},"unit":{"@type":"Unit","@id":"6dabe201-aaac-4509-92f0-d00c26cb72ab","name":"Item(s)"},"flowProperty":{"@type":"FlowProperty","@id":"01846770-4cfe-4a25-8ad9-919d8d378345","name":"Number of items","category":"Technical flow properties","refUnit":"Item(s)"},"isQuantitativeReference":true}],"socialAspects":[],"allocationFactors":[]}