{"@type":"Process","@id":"d2f964de-8706-4790-99fd-fe6a6614277a","name":"Electricity Cogeneration","description":"","category":"Case 2: Hydrogen Use (Cradle-to-grave) for cogeneration (MJ)","version":"00.00.002","lastChange":"2023-10-05T09:45:34.908Z","processType":"UNIT_PROCESS","isInfrastructureProcess":false,"processDocumentation":{"isCopyrightProtected":false,"creationDate":"2023-08-21T14:29:05.569"},"lastInternalId":6,"parameters":[],"exchanges":[{"@type":"Exchange","isAvoidedProduct":false,"isInput":false,"amount":1.0,"internalId":1,"flow":{"@type":"Flow","@id":"64140376-f023-41f9-94d6-48d694daccca","name":"Electricity Generation","flowType":"PRODUCT_FLOW","refUnit":"MJ"},"unit":{"@type":"Unit","@id":"52765a6c-3896-43c2-b2f4-c679acf13efe","name":"MJ"},"flowProperty":{"@type":"FlowProperty","@id":"f6811440-ee37-11de-8a39-0800200c9a66","name":"Energy","category":"Technical flow properties","refUnit":"MJ"},"isQuantitativeReference":true},{"@type":"Exchange","isAvoidedProduct":false,"isInput":false,"amount":1.0,"internalId":2,"flow":{"@type":"Flow","@id":"868c9a8c-40ac-43e5-a522-4fb899977a8e","name":"End-of-Life","flowType":"WASTE_FLOW","refUnit":"Item(s)"},"unit":{"@type":"Unit","@id":"6dabe201-aaac-4509-92f0-d00c26cb72ab","name":"Item(s)"},"flowProperty":{"@type":"FlowProperty","@id":"01846770-4cfe-4a25-8ad9-919d8d378345","name":"Number of items","category":"Technical flow properties","refUnit":"Item(s)"},"defaultProvider":{"@type":"Process","@id":"4696503f-ea4d-44d8-95c2-36b865bbef2d","name":"End-of-Life","category":"Case 2: Hydrogen Use (Cradle-to-grave) for cogeneration (MJ)/End-of-life","processType":"UNIT_PROCESS","flowType":"WASTE_FLOW"}},{"@type":"Exchange","isAvoidedProduct":false,"isInput":false,"amount":1.0,"internalId":6,"flow":{"@type":"Flow","@id":"1125e767-7b5d-442e-81d6-9b0d3e1919ac","name":"heat, district or industrial, natural gas","category":"D:Electricity, gas, steam and air conditioning supply/35:Electricity, gas, steam and air conditioning supply/351:Electric power generation, transmission and distribution/3510:Electric power generation, transmission and distribution","flowType":"PRODUCT_FLOW","refUnit":"MJ"},"unit":{"@type":"Unit","@id":"52765a6c-3896-43c2-b2f4-c679acf13efe","name":"MJ"},"flowProperty":{"@type":"FlowProperty","@id":"f6811440-ee37-11de-8a39-0800200c9a66","name":"Energy","category":"Technical flow properties","refUnit":"MJ"}},{"@type":"Exchange","isAvoidedProduct":false,"isInput":true,"amount":1.0,"internalId":4,"flow":{"@type":"Flow","@id":"cb27e795-db9e-4cc4-b168-492a847931d1","name":"Operating Stage","flowType":"PRODUCT_FLOW","refUnit":"Item(s)"},"unit":{"@type":"Unit","@id":"6dabe201-aaac-4509-92f0-d00c26cb72ab","name":"Item(s)"},"flowProperty":{"@type":"FlowProperty","@id":"01846770-4cfe-4a25-8ad9-919d8d378345","name":"Number of items","category":"Technical flow properties","refUnit":"Item(s)"},"defaultProvider":{"@type":"Process","@id":"616f7723-657f-473a-9406-dd0cf25e6932","name":"Operating Stage","category":"Case 2: Hydrogen Use (Cradle-to-grave) for cogeneration (MJ)/Operating Stage","processType":"UNIT_PROCESS","flowType":"PRODUCT_FLOW"}},{"@type":"Exchange","isAvoidedProduct":false,"isInput":true,"amount":1.0,"internalId":3,"flow":{"@type":"Flow","@id":"0c46d597-929f-4acb-bf2e-fd043d9762e3","name":"Manufacturing Stage: Transportation of Raw Materials","flowType":"PRODUCT_FLOW","refUnit":"Item(s)"},"unit":{"@type":"Unit","@id":"6dabe201-aaac-4509-92f0-d00c26cb72ab","name":"Item(s)"},"flowProperty":{"@type":"FlowProperty","@id":"01846770-4cfe-4a25-8ad9-919d8d378345","name":"Number of items","category":"Technical flow properties","refUnit":"Item(s)"},"defaultProvider":{"@type":"Process","@id":"5e788426-9ac5-4f6e-8b8d-9e29bdd2c094","name":"Manufacturing Stage","category":"Case 2: Hydrogen Use (Cradle-to-grave) for cogeneration (MJ)/Manufacturing Stage","processType":"UNIT_PROCESS","flowType":"PRODUCT_FLOW"}}],"socialAspects":[],"allocationFactors":[{"allocationType":"PHYSICAL_ALLOCATION","product":{"@type":"Flow","@id":"1125e767-7b5d-442e-81d6-9b0d3e1919ac","name":"heat, district or industrial, natural gas","category":"D:Electricity, gas, steam and air conditioning supply/35:Electricity, gas, steam and air conditioning supply/351:Electric power generation, transmission and distribution/3510:Electric power generation, transmission and distribution","flowType":"PRODUCT_FLOW","refUnit":"MJ"},"value":0.0},{"allocationType":"CAUSAL_ALLOCATION","exchange":{"@type":"Exchange","internalId":4,"flow":{"@type":"Flow","@id":"cb27e795-db9e-4cc4-b168-492a847931d1","name":"Operating Stage","flowType":"PRODUCT_FLOW","refUnit":"Item(s)"}},"product":{"@type":"Flow","@id":"64140376-f023-41f9-94d6-48d694daccca","name":"Electricity Generation","flowType":"PRODUCT_FLOW","refUnit":"MJ"},"value":1.0},{"allocationType":"CAUSAL_ALLOCATION","exchange":{"@type":"Exchange","internalId":3,"flow":{"@type":"Flow","@id":"0c46d597-929f-4acb-bf2e-fd043d9762e3","name":"Manufacturing Stage: Transportation of Raw Materials","flowType":"PRODUCT_FLOW","refUnit":"Item(s)"}},"product":{"@type":"Flow","@id":"1125e767-7b5d-442e-81d6-9b0d3e1919ac","name":"heat, district or industrial, natural gas","category":"D:Electricity, gas, steam and air conditioning supply/35:Electricity, gas, steam and air conditioning supply/351:Electric power generation, transmission and distribution/3510:Electric power generation, transmission and distribution","flowType":"PRODUCT_FLOW","refUnit":"MJ"},"value":0.0},{"allocationType":"CAUSAL_ALLOCATION","exchange":{"@type":"Exchange","internalId":2,"flow":{"@type":"Flow","@id":"868c9a8c-40ac-43e5-a522-4fb899977a8e","name":"End-of-Life","flowType":"WASTE_FLOW","refUnit":"Item(s)"}},"product":{"@type":"Flow","@id":"1125e767-7b5d-442e-81d6-9b0d3e1919ac","name":"heat, district or industrial, natural gas","category":"D:Electricity, gas, steam and air conditioning supply/35:Electricity, gas, steam and air conditioning supply/351:Electric power generation, transmission and distribution/3510:Electric power generation, transmission and distribution","flowType":"PRODUCT_FLOW","refUnit":"MJ"},"value":0.0},{"allocationType":"ECONOMIC_ALLOCATION","product":{"@type":"Flow","@id":"1125e767-7b5d-442e-81d6-9b0d3e1919ac","name":"heat, district or industrial, natural gas","category":"D:Electricity, gas, steam and air conditioning supply/35:Electricity, gas, steam and air conditioning supply/351:Electric power generation, transmission and distribution/3510:Electric power generation, transmission and distribution","flowType":"PRODUCT_FLOW","refUnit":"MJ"},"value":0.0},{"allocationType":"PHYSICAL_ALLOCATION","product":{"@type":"Flow","@id":"64140376-f023-41f9-94d6-48d694daccca","name":"Electricity Generation","flowType":"PRODUCT_FLOW","refUnit":"MJ"},"value":1.0},{"allocationType":"ECONOMIC_ALLOCATION","product":{"@type":"Flow","@id":"64140376-f023-41f9-94d6-48d694daccca","name":"Electricity Generation","flowType":"PRODUCT_FLOW","refUnit":"MJ"},"value":1.0},{"allocationType":"CAUSAL_ALLOCATION","exchange":{"@type":"Exchange","internalId":3,"flow":{"@type":"Flow","@id":"0c46d597-929f-4acb-bf2e-fd043d9762e3","name":"Manufacturing Stage: Transportation of Raw Materials","flowType":"PRODUCT_FLOW","refUnit":"Item(s)"}},"product":{"@type":"Flow","@id":"64140376-f023-41f9-94d6-48d694daccca","name":"Electricity Generation","flowType":"PRODUCT_FLOW","refUnit":"MJ"},"value":1.0},{"allocationType":"CAUSAL_ALLOCATION","exchange":{"@type":"Exchange","internalId":2,"flow":{"@type":"Flow","@id":"868c9a8c-40ac-43e5-a522-4fb899977a8e","name":"End-of-Life","flowType":"WASTE_FLOW","refUnit":"Item(s)"}},"product":{"@type":"Flow","@id":"64140376-f023-41f9-94d6-48d694daccca","name":"Electricity Generation","flowType":"PRODUCT_FLOW","refUnit":"MJ"},"value":1.0},{"allocationType":"CAUSAL_ALLOCATION","exchange":{"@type":"Exchange","internalId":4,"flow":{"@type":"Flow","@id":"cb27e795-db9e-4cc4-b168-492a847931d1","name":"Operating Stage","flowType":"PRODUCT_FLOW","refUnit":"Item(s)"}},"product":{"@type":"Flow","@id":"1125e767-7b5d-442e-81d6-9b0d3e1919ac","name":"heat, district or industrial, natural gas","category":"D:Electricity, gas, steam and air conditioning supply/35:Electricity, gas, steam and air conditioning supply/351:Electric power generation, transmission and distribution/3510:Electric power generation, transmission and distribution","flowType":"PRODUCT_FLOW","refUnit":"MJ"},"value":0.0}]}