{"@type":"Process","@id":"3cb265c5-d89b-496f-bc51-4e2b52196071","name":"Hydrogen Storage","description":"","category":"Case 1: Hydrogen Production (Cradle-to-gate 6) (MJ)/Stage 6: Hydrogen Storage","version":"00.00.007","lastChange":"2024-03-27T08:38:41.310Z","processType":"UNIT_PROCESS","isInfrastructureProcess":false,"processDocumentation":{"isCopyrightProtected":false,"creationDate":"2023-08-14T12:57:50.336"},"lastInternalId":10,"parameters":[],"exchanges":[{"@type":"Exchange","isAvoidedProduct":false,"isInput":false,"amount":1.0,"internalId":1,"flow":{"@type":"Flow","@id":"ddcb3fc8-b182-4c3f-bc03-4adb918c9eb9","name":"Hydrogen Storage","flowType":"PRODUCT_FLOW","refUnit":"kg"},"unit":{"@type":"Unit","@id":"20aadc24-a391-41cf-b340-3e4529f44bde","name":"kg"},"flowProperty":{"@type":"FlowProperty","@id":"93a60a56-a3c8-11da-a746-0800200b9a66","name":"Mass","category":"Technical flow properties","refUnit":"kg"},"isQuantitativeReference":true},{"@type":"Exchange","isAvoidedProduct":false,"isInput":true,"amount":1.0,"internalId":10,"flow":{"@type":"Flow","@id":"ebf7d24c-1ef1-45db-873e-a613ba25658f","name":"Stage 6: Transportation","flowType":"PRODUCT_FLOW","refUnit":"Item(s)"},"unit":{"@type":"Unit","@id":"6dabe201-aaac-4509-92f0-d00c26cb72ab","name":"Item(s)"},"flowProperty":{"@type":"FlowProperty","@id":"01846770-4cfe-4a25-8ad9-919d8d378345","name":"Number of items","category":"Technical flow properties","refUnit":"Item(s)"},"defaultProvider":{"@type":"Process","@id":"f790bef7-36ce-4090-ae87-a8252c1e7c60","name":"Stage 6: Transportation","category":"Case 1: Hydrogen Production (Cradle-to-gate 6) (MJ)/Stage 6: Hydrogen Storage","processType":"UNIT_PROCESS","flowType":"PRODUCT_FLOW"}},{"@type":"Exchange","isAvoidedProduct":false,"isInput":true,"amount":1.0,"internalId":8,"flow":{"@type":"Flow","@id":"9fb43c79-3aff-4bd4-8e3f-2627746a4b4e","name":"Stage 6: Energy Consumption","flowType":"PRODUCT_FLOW","refUnit":"Item(s)"},"unit":{"@type":"Unit","@id":"6dabe201-aaac-4509-92f0-d00c26cb72ab","name":"Item(s)"},"flowProperty":{"@type":"FlowProperty","@id":"01846770-4cfe-4a25-8ad9-919d8d378345","name":"Number of items","category":"Technical flow properties","refUnit":"Item(s)"},"defaultProvider":{"@type":"Process","@id":"501e588f-7254-4fcd-a552-1701fd2f2058","name":"Stage 6: Energy Consumption","category":"Case 1: Hydrogen Production (Cradle-to-gate 6) (MJ)/Stage 6: Hydrogen Storage","processType":"UNIT_PROCESS","flowType":"PRODUCT_FLOW"}},{"@type":"Exchange","isAvoidedProduct":false,"isInput":true,"amount":1.0,"internalId":7,"flow":{"@type":"Flow","@id":"3ba22990-3d38-4d35-a7dc-14390d8402bb","name":"Stage 6: Capital Goods","flowType":"PRODUCT_FLOW","refUnit":"Item(s)"},"unit":{"@type":"Unit","@id":"6dabe201-aaac-4509-92f0-d00c26cb72ab","name":"Item(s)"},"flowProperty":{"@type":"FlowProperty","@id":"01846770-4cfe-4a25-8ad9-919d8d378345","name":"Number of items","category":"Technical flow properties","refUnit":"Item(s)"},"defaultProvider":{"@type":"Process","@id":"640de128-1d24-4958-b2c3-319c8536f7ca","name":"Stage 6: Capital Goods","category":"Case 1: Hydrogen Production (Cradle-to-gate 6) (MJ)/Stage 6: Hydrogen Storage","processType":"UNIT_PROCESS","flowType":"PRODUCT_FLOW"}},{"@type":"Exchange","isAvoidedProduct":false,"isInput":true,"amount":1.0,"internalId":9,"flow":{"@type":"Flow","@id":"2466b18c-d6f6-4a8d-b4a8-0a15d4eee5d8","name":"Stage 6: Raw Material","flowType":"PRODUCT_FLOW","refUnit":"Item(s)"},"unit":{"@type":"Unit","@id":"6dabe201-aaac-4509-92f0-d00c26cb72ab","name":"Item(s)"},"flowProperty":{"@type":"FlowProperty","@id":"01846770-4cfe-4a25-8ad9-919d8d378345","name":"Number of items","category":"Technical flow properties","refUnit":"Item(s)"},"defaultProvider":{"@type":"Process","@id":"52592371-7f85-49dd-8a81-cc0240b724a6","name":"Stage 6: Raw Material","category":"Case 1: Hydrogen Production (Cradle-to-gate 6) (MJ)/Stage 6: Hydrogen Storage","processType":"UNIT_PROCESS","flowType":"PRODUCT_FLOW"}}],"socialAspects":[],"allocationFactors":[]}