{"@type":"Flow","@id":"50c810aa-10bb-42a9-ab7f-b179493b58ac","name":"power distribution unit, for electric passenger car","description":"EcoSpold 2 intermediate exchange, ID \u003d 50c810aa-10bb-42a9-ab7f-b179493b58ac","category":"C:Manufacturing/27:Manufacture of electrical equipment/271:Manufacture of electric motors, generators, transformers and electricity distribution and control apparatus/2710:Manufacture of electric motors, generators, transformers and electricity di","version":"00.00.003","lastChange":"2023-02-14T21:07:10.065Z","flowType":"PRODUCT_FLOW","isInfrastructureFlow":false,"flowProperties":[{"@type":"FlowPropertyFactor","isRefFlowProperty":true,"flowProperty":{"@type":"FlowProperty","@id":"93a60a56-a3c8-11da-a746-0800200b9a66","name":"Mass","category":"Technical flow properties","refUnit":"kg"},"conversionFactor":1.0}]}