{"@type":"Flow","@id":"7785d094-3029-46c4-a592-a639174858df","name":"glider, passenger car","description":"EcoSpold 2 intermediate exchange, ID \u003d 7785d094-3029-46c4-a592-a639174858df","category":"C:Manufacturing/29:Manufacture of motor vehicles, trailers and semi-trailers/291:Manufacture of motor vehicles/2910:Manufacture of motor vehicles","version":"00.00.003","lastChange":"2023-02-14T21:07:10.307Z","flowType":"PRODUCT_FLOW","isInfrastructureFlow":false,"flowProperties":[{"@type":"FlowPropertyFactor","isRefFlowProperty":true,"flowProperty":{"@type":"FlowProperty","@id":"93a60a56-a3c8-11da-a746-0800200b9a66","name":"Mass","category":"Technical flow properties","refUnit":"kg"},"conversionFactor":1.0}]}