{"@type":"Flow","@id":"9a047969-e9cb-4423-8ce0-f358f649a978","name":"Waste power electronic control unit","description":"","version":"00.00.001","lastChange":"2023-07-03T13:52:42.668Z","flowType":"WASTE_FLOW","isInfrastructureFlow":false,"flowProperties":[{"@type":"FlowPropertyFactor","isRefFlowProperty":true,"flowProperty":{"@type":"FlowProperty","@id":"01846770-4cfe-4a25-8ad9-919d8d378345","name":"Number of items","category":"Technical flow properties","refUnit":"Item(s)"},"conversionFactor":1.0}]}