{"@type":"Flow","@id":"db6cedc8-1f82-4c82-9036-087feec579f5","name":"converter, for electric passenger car","description":"EcoSpold 2 intermediate exchange, ID \u003d db6cedc8-1f82-4c82-9036-087feec579f5","category":"C:Manufacturing/29:Manufacture of motor vehicles, trailers and semi-trailers/293:Manufacture of parts and accessories for motor vehicles/2930:Manufacture of parts and accessories for motor vehicles","version":"00.00.003","lastChange":"2023-02-14T21:07:10.326Z","flowType":"PRODUCT_FLOW","isInfrastructureFlow":false,"flowProperties":[{"@type":"FlowPropertyFactor","isRefFlowProperty":true,"flowProperty":{"@type":"FlowProperty","@id":"93a60a56-a3c8-11da-a746-0800200b9a66","name":"Mass","category":"Technical flow properties","refUnit":"kg"},"conversionFactor":1.0}]}