{"@type":"Process","@id":"32c5e86a-3b57-46a0-b971-ced6440a24e9","name":"Vehicle Production","description":"","category":"Case 2: Hydrogen Use (Cradle-to-grave) for transportation (p.km)/Vehicle Production","version":"00.00.008","lastChange":"2023-10-04T14:36:06.706Z","processType":"UNIT_PROCESS","isInfrastructureProcess":false,"processDocumentation":{"isCopyrightProtected":false,"creationDate":"2023-08-16T16:15:38.773"},"lastInternalId":17,"parameters":[],"exchanges":[{"@type":"Exchange","isAvoidedProduct":false,"isInput":false,"amount":1.0,"internalId":1,"flow":{"@type":"Flow","@id":"052b6e2f-0d3b-4633-8f14-c37888a18937","name":"Vehicle Production","flowType":"PRODUCT_FLOW","refUnit":"Item(s)"},"unit":{"@type":"Unit","@id":"6dabe201-aaac-4509-92f0-d00c26cb72ab","name":"Item(s)"},"flowProperty":{"@type":"FlowProperty","@id":"01846770-4cfe-4a25-8ad9-919d8d378345","name":"Number of items","category":"Technical flow properties","refUnit":"Item(s)"},"isQuantitativeReference":true},{"@type":"Exchange","isAvoidedProduct":false,"isInput":true,"amount":1.0,"internalId":14,"flow":{"@type":"Flow","@id":"7ba90ac8-2a41-4d5f-9ef0-0ca457ea8dec","name":"Vehicle Production: Capital Goods","flowType":"PRODUCT_FLOW","refUnit":"Item(s)"},"unit":{"@type":"Unit","@id":"6dabe201-aaac-4509-92f0-d00c26cb72ab","name":"Item(s)"},"flowProperty":{"@type":"FlowProperty","@id":"01846770-4cfe-4a25-8ad9-919d8d378345","name":"Number of items","category":"Technical flow properties","refUnit":"Item(s)"},"defaultProvider":{"@type":"Process","@id":"567538ef-c0f6-46fd-8b9d-da5bbf592929","name":"Vehicle Production: Capital Goods","category":"Case 2: Hydrogen Use (Cradle-to-grave) for transportation (p.km)/Vehicle Production","processType":"UNIT_PROCESS","flowType":"PRODUCT_FLOW"}},{"@type":"Exchange","isAvoidedProduct":false,"isInput":true,"amount":1.0,"internalId":15,"flow":{"@type":"Flow","@id":"b038e676-22f6-464c-8a49-4f2e05ae1fc4","name":"Vehicle Production: Glider","flowType":"PRODUCT_FLOW","refUnit":"Item(s)"},"unit":{"@type":"Unit","@id":"6dabe201-aaac-4509-92f0-d00c26cb72ab","name":"Item(s)"},"flowProperty":{"@type":"FlowProperty","@id":"01846770-4cfe-4a25-8ad9-919d8d378345","name":"Number of items","category":"Technical flow properties","refUnit":"Item(s)"},"defaultProvider":{"@type":"Process","@id":"f0e4b113-10f3-4960-a3d7-47722940946d","name":"Vehicle Production: Glider","category":"Case 2: Hydrogen Use (Cradle-to-grave) for transportation (p.km)/Vehicle Production","processType":"UNIT_PROCESS","flowType":"PRODUCT_FLOW"}},{"@type":"Exchange","isAvoidedProduct":false,"isInput":true,"amount":1.0,"internalId":13,"flow":{"@type":"Flow","@id":"ed0cf7d0-0b76-4429-928f-036e95fc8a9c","name":"Assembled Vehicle","flowType":"PRODUCT_FLOW","refUnit":"Item(s)"},"unit":{"@type":"Unit","@id":"6dabe201-aaac-4509-92f0-d00c26cb72ab","name":"Item(s)"},"flowProperty":{"@type":"FlowProperty","@id":"01846770-4cfe-4a25-8ad9-919d8d378345","name":"Number of items","category":"Technical flow properties","refUnit":"Item(s)"},"defaultProvider":{"@type":"Process","@id":"f34e6bd1-d91d-444e-be09-459bf3fec7c9","name":"Vehicle Production: Assembly","category":"Case 2: Hydrogen Use (Cradle-to-grave) for transportation (p.km)/Vehicle Production","processType":"UNIT_PROCESS","flowType":"PRODUCT_FLOW"}},{"@type":"Exchange","isAvoidedProduct":false,"isInput":true,"amount":1.0,"internalId":16,"flow":{"@type":"Flow","@id":"fc12d454-3028-45bf-ab37-c3f3c179684b","name":"Vehicle Production: Hydrogen Tank","flowType":"PRODUCT_FLOW","refUnit":"Item(s)"},"unit":{"@type":"Unit","@id":"6dabe201-aaac-4509-92f0-d00c26cb72ab","name":"Item(s)"},"flowProperty":{"@type":"FlowProperty","@id":"01846770-4cfe-4a25-8ad9-919d8d378345","name":"Number of items","category":"Technical flow properties","refUnit":"Item(s)"},"defaultProvider":{"@type":"Process","@id":"f325c7c5-2cd0-43c8-9db9-fc0ab8e6c9ca","name":"Vehicle Production: Hydrogen Tank","category":"Case 2: Hydrogen Use (Cradle-to-grave) for transportation (p.km)/Vehicle Production","processType":"UNIT_PROCESS","flowType":"PRODUCT_FLOW"}},{"@type":"Exchange","isAvoidedProduct":false,"isInput":true,"amount":1.0,"internalId":17,"flow":{"@type":"Flow","@id":"b74711d4-796a-499a-9ba3-ef643b80a31f","name":"Vehicle Manufacturing: Raw Materials","flowType":"PRODUCT_FLOW","refUnit":"Item(s)"},"unit":{"@type":"Unit","@id":"6dabe201-aaac-4509-92f0-d00c26cb72ab","name":"Item(s)"},"flowProperty":{"@type":"FlowProperty","@id":"01846770-4cfe-4a25-8ad9-919d8d378345","name":"Number of items","category":"Technical flow properties","refUnit":"Item(s)"},"defaultProvider":{"@type":"Process","@id":"dbbbbe5e-b129-46c0-b0e0-204ad48c28b1","name":"Vehicle Production: Powertrain","category":"Case 2: Hydrogen Use (Cradle-to-grave) for transportation (p.km)/Vehicle Production","processType":"UNIT_PROCESS","flowType":"PRODUCT_FLOW"}}],"socialAspects":[],"allocationFactors":[]}