{"@type":"ProductSystem","@id":"b2f7553a-051a-4972-96a0-c8ccefda6cbd","name":"Hydrogen Production (Cradle-to-gate 3) with CCS (kg)","description":"First created: 2023-10-02T15:00:45\nLinking approach during creation: Prefer default providers; Preferred process type: System process","version":"00.00.000","lastChange":"2023-10-02T13:00:45.912Z","refProcess":{"@type":"Process","@id":"29ab6881-723f-465d-aadc-c6bf20f04a11","name":"Hydrogen Production (Cradle-to-gate 3) with CCS (kg)","category":"Case 1: Hydrogen Production (Cradle-to-gate 3) with CCS (kg)","processType":"UNIT_PROCESS","flowType":"PRODUCT_FLOW"},"refExchange":{"@type":"Exchange","internalId":1,"flow":{"@type":"Flow","@id":"d31da2b8-1c04-412f-9761-8ef267880120","name":"Hydrogen Produced","flowType":"PRODUCT_FLOW","refUnit":"kg"}},"targetFlowProperty":{"@type":"FlowProperty","@id":"93a60a56-a3c8-11da-a746-0800200b9a66","name":"Mass","category":"Technical flow properties","refUnit":"kg"},"targetUnit":{"@type":"Unit","@id":"20aadc24-a391-41cf-b340-3e4529f44bde","name":"kg"},"targetAmount":1.0,"processes":[{"@type":"Process","@id":"f6f7e3e0-53e9-46f4-beaf-8081a7522d92","name":"Stage 1: Raw Materials","category":"Case 1: Hydrogen Production (Cradle-to-gate 3) with CCS (kg)/Stage 1: Mining \u0026 Preparation","processType":"UNIT_PROCESS","flowType":"PRODUCT_FLOW"},{"@type":"Process","@id":"2da92fe4-488f-4afe-81b4-def1bca06d95","name":"Stage 2: Transportation","category":"Case 1: Hydrogen Production (Cradle-to-gate 3) with CCS (kg)/Stage 2: Hydrogen Production","processType":"UNIT_PROCESS","flowType":"PRODUCT_FLOW"},{"@type":"Process","@id":"144e5924-e576-42f8-bf75-ea96b378b752","name":"Stage 3: Transportation","category":"Case 1: Hydrogen Production (Cradle-to-gate 3) with CCS (kg)/Stage 3: Hydrogen Purification","processType":"UNIT_PROCESS","flowType":"PRODUCT_FLOW"},{"@type":"Process","@id":"c013c197-c1d5-4914-82ba-7ab473d6d30f","name":"Stage 4: Capital Goods","category":"Case 1: Hydrogen Production (Cradle-to-gate 3) with CCS (kg)/Stage 4: Hydrogen Compression","processType":"UNIT_PROCESS","flowType":"PRODUCT_FLOW"},{"@type":"Process","@id":"3a04f076-fefb-4d95-8e01-0df78ab1f276","name":"Stage 4: Raw Materials","category":"Case 1: Hydrogen Production (Cradle-to-gate 3) with CCS (kg)/Stage 4: Hydrogen Compression","processType":"UNIT_PROCESS","flowType":"PRODUCT_FLOW"},{"@type":"Process","@id":"ae3342eb-366d-47d8-9d73-538c8866fced","name":"Stage 2: Energy Consumption","category":"Case 1: Hydrogen Production (Cradle-to-gate 3) with CCS (kg)/Stage 2: Hydrogen Production","processType":"UNIT_PROCESS","flowType":"PRODUCT_FLOW"},{"@type":"Process","@id":"1ac48744-fce8-4f3f-ae3b-19efe425c4d8","name":"Carbon capture and storage","category":"Case 1: Hydrogen Production (Cradle-to-gate 3) with CCS (kg)/Carbon capture and storage","processType":"UNIT_PROCESS","flowType":"PRODUCT_FLOW"},{"@type":"Process","@id":"b51de398-9e48-497a-bf98-c116e9f67f78","name":"Stage 4: Energy Consumption","category":"Case 1: Hydrogen Production (Cradle-to-gate 3) with CCS (kg)/Stage 4: Hydrogen Compression","processType":"UNIT_PROCESS","flowType":"PRODUCT_FLOW"},{"@type":"Process","@id":"f86268ee-6fab-4ad4-aa92-0cbc12afb3ed","name":"Mining \u0026 Preparation","category":"Case 1: Hydrogen Production (Cradle-to-gate 3) with CCS (kg)/Stage 1: Mining \u0026 Preparation","processType":"UNIT_PROCESS","flowType":"PRODUCT_FLOW"},{"@type":"Process","@id":"56d590a9-df48-4cc9-bf03-c2e537289e81","name":"Stage 3: Energy Consumption","category":"Case 1: Hydrogen Production (Cradle-to-gate 3) with CCS (kg)/Stage 3: Hydrogen Purification","processType":"UNIT_PROCESS","flowType":"PRODUCT_FLOW"},{"@type":"Process","@id":"87bf9b69-9851-49a0-9af7-e3a8aef34a94","name":"CCS: Raw Materials","category":"Case 1: Hydrogen Production (Cradle-to-gate 3) with CCS (kg)/Carbon capture and storage","processType":"UNIT_PROCESS","flowType":"PRODUCT_FLOW"},{"@type":"Process","@id":"29ab6881-723f-465d-aadc-c6bf20f04a11","name":"Hydrogen Production (Cradle-to-gate 3) with CCS (kg)","category":"Case 1: Hydrogen Production (Cradle-to-gate 3) with CCS (kg)","processType":"UNIT_PROCESS","flowType":"PRODUCT_FLOW"},{"@type":"Process","@id":"f65a56a3-cb58-4265-9384-7b84dfa99475","name":"Stage 1: Transportation","category":"Case 1: Hydrogen Production (Cradle-to-gate 3) with CCS (kg)/Stage 1: Mining \u0026 Preparation","processType":"UNIT_PROCESS","flowType":"PRODUCT_FLOW"},{"@type":"Process","@id":"01291708-e48d-429c-8a67-cc076c7b3c5d","name":"CCS: Capital Goods","category":"Case 1: Hydrogen Production (Cradle-to-gate 3) with CCS (kg)/Carbon capture and storage","processType":"UNIT_PROCESS","flowType":"PRODUCT_FLOW"},{"@type":"Process","@id":"d31e8757-bf28-446a-a0c2-9c334f302259","name":"Hydrogen Compression","category":"Case 1: Hydrogen Production (Cradle-to-gate 3) with CCS (kg)/Stage 4: Hydrogen Compression","processType":"UNIT_PROCESS","flowType":"PRODUCT_FLOW"},{"@type":"Process","@id":"cc0af0d6-cf3c-45ca-b2c8-e3c5dc7440f2","name":"Stage 4: Transportation","category":"Case 1: Hydrogen Production (Cradle-to-gate 3) with CCS (kg)/Stage 4: Hydrogen Compression","processType":"UNIT_PROCESS","flowType":"PRODUCT_FLOW"},{"@type":"Process","@id":"ac1167b3-7dee-42a2-8184-6672add800ab","name":"Hydrogen Purification","category":"Case 1: Hydrogen Production (Cradle-to-gate 3) with CCS (kg)/Stage 3: Hydrogen Purification","processType":"UNIT_PROCESS","flowType":"PRODUCT_FLOW"},{"@type":"Process","@id":"db28f9b1-2f95-446c-bfac-cd47977cf008","name":"CCS: Transportation","category":"Case 1: Hydrogen Production (Cradle-to-gate 3) with CCS (kg)/Carbon capture and storage","processType":"UNIT_PROCESS","flowType":"PRODUCT_FLOW"},{"@type":"Process","@id":"ed4560e1-6f44-4b02-b9ac-2cecd242bceb","name":"Stage 1: Energy Consumption","category":"Case 1: Hydrogen Production (Cradle-to-gate 3) with CCS (kg)/Stage 1: Mining \u0026 Preparation","processType":"UNIT_PROCESS","flowType":"PRODUCT_FLOW"},{"@type":"Process","@id":"1cb99784-1a91-4d57-bfd1-e9fa936fde83","name":"Stage 3: Raw Materials","category":"Case 1: Hydrogen Production (Cradle-to-gate 3) with CCS (kg)/Stage 3: Hydrogen Purification","processType":"UNIT_PROCESS","flowType":"PRODUCT_FLOW"},{"@type":"Process","@id":"6bb37a7e-4e34-4cb1-b2d0-c0c6135a1568","name":"Stage 3: Capital Goods","category":"Case 1: Hydrogen Production (Cradle-to-gate 3) with CCS (kg)/Stage 3: Hydrogen Purification","processType":"UNIT_PROCESS","flowType":"PRODUCT_FLOW"},{"@type":"Process","@id":"6fbccff6-32ae-40c9-9344-ccc71bab9198","name":"Stage 2: Capital Goods","category":"Case 1: Hydrogen Production (Cradle-to-gate 3) with CCS (kg)/Stage 2: Hydrogen Production","processType":"UNIT_PROCESS","flowType":"PRODUCT_FLOW"},{"@type":"Process","@id":"67236f28-e534-4601-ac70-f5c10cfcd2e2","name":"CCS: Energy Consumption","category":"Case 1: Hydrogen Production (Cradle-to-gate 3) with CCS (kg)/Carbon capture and storage","processType":"UNIT_PROCESS","flowType":"PRODUCT_FLOW"},{"@type":"Process","@id":"2ff400d9-13fe-4f93-a53d-9958671aee3d","name":"Stage 1: Capital Goods","category":"Case 1: Hydrogen Production (Cradle-to-gate 3) with CCS (kg)/Stage 1: Mining \u0026 Preparation","processType":"UNIT_PROCESS","flowType":"PRODUCT_FLOW"},{"@type":"Process","@id":"623e3f21-112d-40b6-a454-55865f33d8ea","name":"Hydrogen Production","category":"Case 1: Hydrogen Production (Cradle-to-gate 3) with CCS (kg)/Stage 2: Hydrogen Production","processType":"UNIT_PROCESS","flowType":"PRODUCT_FLOW"},{"@type":"Process","@id":"835977ee-7ae2-4424-875c-2a140c34f165","name":"Stage 2: Raw Materials","category":"Case 1: Hydrogen Production (Cradle-to-gate 3) with CCS (kg)/Stage 2: Hydrogen Production","processType":"UNIT_PROCESS","flowType":"PRODUCT_FLOW"}],"processLinks":[{"provider":{"@type":"Process","@id":"2ff400d9-13fe-4f93-a53d-9958671aee3d","name":"Stage 1: Capital Goods","category":"Case 1: Hydrogen Production (Cradle-to-gate 3) with CCS (kg)/Stage 1: Mining \u0026 Preparation","processType":"UNIT_PROCESS","flowType":"PRODUCT_FLOW"},"flow":{"@type":"Flow","@id":"333efdd5-8db6-4efb-a00d-7365225786f1","name":"Stage 1: Capital Goods","flowType":"PRODUCT_FLOW","refUnit":"Item(s)"},"process":{"@type":"Process","@id":"f86268ee-6fab-4ad4-aa92-0cbc12afb3ed","name":"Mining \u0026 Preparation","category":"Case 1: Hydrogen Production (Cradle-to-gate 3) with CCS (kg)/Stage 1: Mining \u0026 Preparation","processType":"UNIT_PROCESS","flowType":"PRODUCT_FLOW"},"exchange":{"@type":"Exchange","internalId":6}},{"provider":{"@type":"Process","@id":"ed4560e1-6f44-4b02-b9ac-2cecd242bceb","name":"Stage 1: Energy Consumption","category":"Case 1: Hydrogen Production (Cradle-to-gate 3) with CCS (kg)/Stage 1: Mining \u0026 Preparation","processType":"UNIT_PROCESS","flowType":"PRODUCT_FLOW"},"flow":{"@type":"Flow","@id":"f5914253-6230-4428-8301-e1fdb2151672","name":"Stage 1: Energy Consumption","flowType":"PRODUCT_FLOW","refUnit":"Item(s)"},"process":{"@type":"Process","@id":"f86268ee-6fab-4ad4-aa92-0cbc12afb3ed","name":"Mining \u0026 Preparation","category":"Case 1: Hydrogen Production (Cradle-to-gate 3) with CCS (kg)/Stage 1: Mining \u0026 Preparation","processType":"UNIT_PROCESS","flowType":"PRODUCT_FLOW"},"exchange":{"@type":"Exchange","internalId":7}},{"provider":{"@type":"Process","@id":"f86268ee-6fab-4ad4-aa92-0cbc12afb3ed","name":"Mining \u0026 Preparation","category":"Case 1: Hydrogen Production (Cradle-to-gate 3) with CCS (kg)/Stage 1: Mining \u0026 Preparation","processType":"UNIT_PROCESS","flowType":"PRODUCT_FLOW"},"flow":{"@type":"Flow","@id":"2965a222-0609-4970-8464-592891d3be00","name":"Mining \u0026 Preparation","flowType":"PRODUCT_FLOW","refUnit":"Item(s)"},"process":{"@type":"Process","@id":"29ab6881-723f-465d-aadc-c6bf20f04a11","name":"Hydrogen Production (Cradle-to-gate 3) with CCS (kg)","category":"Case 1: Hydrogen Production (Cradle-to-gate 3) with CCS (kg)","processType":"UNIT_PROCESS","flowType":"PRODUCT_FLOW"},"exchange":{"@type":"Exchange","internalId":7}},{"provider":{"@type":"Process","@id":"1cb99784-1a91-4d57-bfd1-e9fa936fde83","name":"Stage 3: Raw Materials","category":"Case 1: Hydrogen Production (Cradle-to-gate 3) with CCS (kg)/Stage 3: Hydrogen Purification","processType":"UNIT_PROCESS","flowType":"PRODUCT_FLOW"},"flow":{"@type":"Flow","@id":"31d416e0-4fa1-4cf0-a139-ef4ccbba3351","name":"Stage 3: Raw Materials","flowType":"PRODUCT_FLOW","refUnit":"Item(s)"},"process":{"@type":"Process","@id":"ac1167b3-7dee-42a2-8184-6672add800ab","name":"Hydrogen Purification","category":"Case 1: Hydrogen Production (Cradle-to-gate 3) with CCS (kg)/Stage 3: Hydrogen Purification","processType":"UNIT_PROCESS","flowType":"PRODUCT_FLOW"},"exchange":{"@type":"Exchange","internalId":8}},{"provider":{"@type":"Process","@id":"623e3f21-112d-40b6-a454-55865f33d8ea","name":"Hydrogen Production","category":"Case 1: Hydrogen Production (Cradle-to-gate 3) with CCS (kg)/Stage 2: Hydrogen Production","processType":"UNIT_PROCESS","flowType":"PRODUCT_FLOW"},"flow":{"@type":"Flow","@id":"3ba1157e-3bc9-4552-8623-d565e4594a8e","name":"Hydrogen Production","flowType":"PRODUCT_FLOW","refUnit":"Item(s)"},"process":{"@type":"Process","@id":"29ab6881-723f-465d-aadc-c6bf20f04a11","name":"Hydrogen Production (Cradle-to-gate 3) with CCS (kg)","category":"Case 1: Hydrogen Production (Cradle-to-gate 3) with CCS (kg)","processType":"UNIT_PROCESS","flowType":"PRODUCT_FLOW"},"exchange":{"@type":"Exchange","internalId":8}},{"provider":{"@type":"Process","@id":"144e5924-e576-42f8-bf75-ea96b378b752","name":"Stage 3: Transportation","category":"Case 1: Hydrogen Production (Cradle-to-gate 3) with CCS (kg)/Stage 3: Hydrogen Purification","processType":"UNIT_PROCESS","flowType":"PRODUCT_FLOW"},"flow":{"@type":"Flow","@id":"9016044c-0b7a-4f53-88b2-65b93ba7394e","name":"Stage 3: Transportation","flowType":"PRODUCT_FLOW","refUnit":"Item(s)"},"process":{"@type":"Process","@id":"ac1167b3-7dee-42a2-8184-6672add800ab","name":"Hydrogen Purification","category":"Case 1: Hydrogen Production (Cradle-to-gate 3) with CCS (kg)/Stage 3: Hydrogen Purification","processType":"UNIT_PROCESS","flowType":"PRODUCT_FLOW"},"exchange":{"@type":"Exchange","internalId":9}},{"provider":{"@type":"Process","@id":"ac1167b3-7dee-42a2-8184-6672add800ab","name":"Hydrogen Purification","category":"Case 1: Hydrogen Production (Cradle-to-gate 3) with CCS (kg)/Stage 3: Hydrogen Purification","processType":"UNIT_PROCESS","flowType":"PRODUCT_FLOW"},"flow":{"@type":"Flow","@id":"21df2c2b-25d8-4984-9a31-01d2af511f1c","name":"Hydrogen Purification","flowType":"PRODUCT_FLOW","refUnit":"Item(s)"},"process":{"@type":"Process","@id":"29ab6881-723f-465d-aadc-c6bf20f04a11","name":"Hydrogen Production (Cradle-to-gate 3) with CCS (kg)","category":"Case 1: Hydrogen Production (Cradle-to-gate 3) with CCS (kg)","processType":"UNIT_PROCESS","flowType":"PRODUCT_FLOW"},"exchange":{"@type":"Exchange","internalId":9}},{"provider":{"@type":"Process","@id":"d31e8757-bf28-446a-a0c2-9c334f302259","name":"Hydrogen Compression","category":"Case 1: Hydrogen Production (Cradle-to-gate 3) with CCS (kg)/Stage 4: Hydrogen Compression","processType":"UNIT_PROCESS","flowType":"PRODUCT_FLOW"},"flow":{"@type":"Flow","@id":"581291b9-1017-4cd6-80dc-48e6bb8a6152","name":"Hydrogen Compression","flowType":"PRODUCT_FLOW","refUnit":"Item(s)"},"process":{"@type":"Process","@id":"29ab6881-723f-465d-aadc-c6bf20f04a11","name":"Hydrogen Production (Cradle-to-gate 3) with CCS (kg)","category":"Case 1: Hydrogen Production (Cradle-to-gate 3) with CCS (kg)","processType":"UNIT_PROCESS","flowType":"PRODUCT_FLOW"},"exchange":{"@type":"Exchange","internalId":10}},{"provider":{"@type":"Process","@id":"f6f7e3e0-53e9-46f4-beaf-8081a7522d92","name":"Stage 1: Raw Materials","category":"Case 1: Hydrogen Production (Cradle-to-gate 3) with CCS (kg)/Stage 1: Mining \u0026 Preparation","processType":"UNIT_PROCESS","flowType":"PRODUCT_FLOW"},"flow":{"@type":"Flow","@id":"0356eda4-5b9d-4450-849a-08f1cc2a14da","name":"Stage 1: Raw Materials","flowType":"PRODUCT_FLOW","refUnit":"Item(s)"},"process":{"@type":"Process","@id":"f86268ee-6fab-4ad4-aa92-0cbc12afb3ed","name":"Mining \u0026 Preparation","category":"Case 1: Hydrogen Production (Cradle-to-gate 3) with CCS (kg)/Stage 1: Mining \u0026 Preparation","processType":"UNIT_PROCESS","flowType":"PRODUCT_FLOW"},"exchange":{"@type":"Exchange","internalId":8}},{"provider":{"@type":"Process","@id":"f65a56a3-cb58-4265-9384-7b84dfa99475","name":"Stage 1: Transportation","category":"Case 1: Hydrogen Production (Cradle-to-gate 3) with CCS (kg)/Stage 1: Mining \u0026 Preparation","processType":"UNIT_PROCESS","flowType":"PRODUCT_FLOW"},"flow":{"@type":"Flow","@id":"20273fa8-d1f9-4e21-a7e6-e35d468d9424","name":"Stage 1: Transportation","flowType":"PRODUCT_FLOW","refUnit":"Item(s)"},"process":{"@type":"Process","@id":"f86268ee-6fab-4ad4-aa92-0cbc12afb3ed","name":"Mining \u0026 Preparation","category":"Case 1: Hydrogen Production (Cradle-to-gate 3) with CCS (kg)/Stage 1: Mining \u0026 Preparation","processType":"UNIT_PROCESS","flowType":"PRODUCT_FLOW"},"exchange":{"@type":"Exchange","internalId":9}},{"provider":{"@type":"Process","@id":"6fbccff6-32ae-40c9-9344-ccc71bab9198","name":"Stage 2: Capital Goods","category":"Case 1: Hydrogen Production (Cradle-to-gate 3) with CCS (kg)/Stage 2: Hydrogen Production","processType":"UNIT_PROCESS","flowType":"PRODUCT_FLOW"},"flow":{"@type":"Flow","@id":"eb136cd4-a7a5-473d-abdf-75d3ca1866f6","name":"Stage 2: Capital Goods","flowType":"PRODUCT_FLOW","refUnit":"Item(s)"},"process":{"@type":"Process","@id":"623e3f21-112d-40b6-a454-55865f33d8ea","name":"Hydrogen Production","category":"Case 1: Hydrogen Production (Cradle-to-gate 3) with CCS (kg)/Stage 2: Hydrogen Production","processType":"UNIT_PROCESS","flowType":"PRODUCT_FLOW"},"exchange":{"@type":"Exchange","internalId":6}},{"provider":{"@type":"Process","@id":"db28f9b1-2f95-446c-bfac-cd47977cf008","name":"CCS: Transportation","category":"Case 1: Hydrogen Production (Cradle-to-gate 3) with CCS (kg)/Carbon capture and storage","processType":"UNIT_PROCESS","flowType":"PRODUCT_FLOW"},"flow":{"@type":"Flow","@id":"c0ae6cec-04e2-410c-892e-52d5563cb4e9","name":"CCS: Transportation","flowType":"PRODUCT_FLOW","refUnit":"Item(s)"},"process":{"@type":"Process","@id":"1ac48744-fce8-4f3f-ae3b-19efe425c4d8","name":"Carbon capture and storage","category":"Case 1: Hydrogen Production (Cradle-to-gate 3) with CCS (kg)/Carbon capture and storage","processType":"UNIT_PROCESS","flowType":"PRODUCT_FLOW"},"exchange":{"@type":"Exchange","internalId":9}},{"provider":{"@type":"Process","@id":"ae3342eb-366d-47d8-9d73-538c8866fced","name":"Stage 2: Energy Consumption","category":"Case 1: Hydrogen Production (Cradle-to-gate 3) with CCS (kg)/Stage 2: Hydrogen Production","processType":"UNIT_PROCESS","flowType":"PRODUCT_FLOW"},"flow":{"@type":"Flow","@id":"22d3c391-f73f-4e75-be86-210e2f094fd3","name":"Stage 2: Energy Consumption","flowType":"PRODUCT_FLOW","refUnit":"Item(s)"},"process":{"@type":"Process","@id":"623e3f21-112d-40b6-a454-55865f33d8ea","name":"Hydrogen Production","category":"Case 1: Hydrogen Production (Cradle-to-gate 3) with CCS (kg)/Stage 2: Hydrogen Production","processType":"UNIT_PROCESS","flowType":"PRODUCT_FLOW"},"exchange":{"@type":"Exchange","internalId":7}},{"provider":{"@type":"Process","@id":"01291708-e48d-429c-8a67-cc076c7b3c5d","name":"CCS: Capital Goods","category":"Case 1: Hydrogen Production (Cradle-to-gate 3) with CCS (kg)/Carbon capture and storage","processType":"UNIT_PROCESS","flowType":"PRODUCT_FLOW"},"flow":{"@type":"Flow","@id":"780f34b7-8c65-4224-b9e0-cff8a12a0072","name":"CCS: Capital Goods","flowType":"PRODUCT_FLOW","refUnit":"Item(s)"},"process":{"@type":"Process","@id":"1ac48744-fce8-4f3f-ae3b-19efe425c4d8","name":"Carbon capture and storage","category":"Case 1: Hydrogen Production (Cradle-to-gate 3) with CCS (kg)/Carbon capture and storage","processType":"UNIT_PROCESS","flowType":"PRODUCT_FLOW"},"exchange":{"@type":"Exchange","internalId":6}},{"provider":{"@type":"Process","@id":"835977ee-7ae2-4424-875c-2a140c34f165","name":"Stage 2: Raw Materials","category":"Case 1: Hydrogen Production (Cradle-to-gate 3) with CCS (kg)/Stage 2: Hydrogen Production","processType":"UNIT_PROCESS","flowType":"PRODUCT_FLOW"},"flow":{"@type":"Flow","@id":"364d87b5-99a3-4b87-b24a-1429225883da","name":"Stage 2: Raw Materials","flowType":"PRODUCT_FLOW","refUnit":"Item(s)"},"process":{"@type":"Process","@id":"623e3f21-112d-40b6-a454-55865f33d8ea","name":"Hydrogen Production","category":"Case 1: Hydrogen Production (Cradle-to-gate 3) with CCS (kg)/Stage 2: Hydrogen Production","processType":"UNIT_PROCESS","flowType":"PRODUCT_FLOW"},"exchange":{"@type":"Exchange","internalId":8}},{"provider":{"@type":"Process","@id":"67236f28-e534-4601-ac70-f5c10cfcd2e2","name":"CCS: Energy Consumption","category":"Case 1: Hydrogen Production (Cradle-to-gate 3) with CCS (kg)/Carbon capture and storage","processType":"UNIT_PROCESS","flowType":"PRODUCT_FLOW"},"flow":{"@type":"Flow","@id":"92f2350b-1764-43bb-adeb-179feb8c93c6","name":"CCS: Energy Consumption","flowType":"PRODUCT_FLOW","refUnit":"Item(s)"},"process":{"@type":"Process","@id":"1ac48744-fce8-4f3f-ae3b-19efe425c4d8","name":"Carbon capture and storage","category":"Case 1: Hydrogen Production (Cradle-to-gate 3) with CCS (kg)/Carbon capture and storage","processType":"UNIT_PROCESS","flowType":"PRODUCT_FLOW"},"exchange":{"@type":"Exchange","internalId":7}},{"provider":{"@type":"Process","@id":"2da92fe4-488f-4afe-81b4-def1bca06d95","name":"Stage 2: Transportation","category":"Case 1: Hydrogen Production (Cradle-to-gate 3) with CCS (kg)/Stage 2: Hydrogen Production","processType":"UNIT_PROCESS","flowType":"PRODUCT_FLOW"},"flow":{"@type":"Flow","@id":"54e0f1c1-8696-4a6e-93d3-d5460372c6fe","name":"Stage 2: Transportation","flowType":"PRODUCT_FLOW","refUnit":"Item(s)"},"process":{"@type":"Process","@id":"623e3f21-112d-40b6-a454-55865f33d8ea","name":"Hydrogen Production","category":"Case 1: Hydrogen Production (Cradle-to-gate 3) with CCS (kg)/Stage 2: Hydrogen Production","processType":"UNIT_PROCESS","flowType":"PRODUCT_FLOW"},"exchange":{"@type":"Exchange","internalId":9}},{"provider":{"@type":"Process","@id":"87bf9b69-9851-49a0-9af7-e3a8aef34a94","name":"CCS: Raw Materials","category":"Case 1: Hydrogen Production (Cradle-to-gate 3) with CCS (kg)/Carbon capture and storage","processType":"UNIT_PROCESS","flowType":"PRODUCT_FLOW"},"flow":{"@type":"Flow","@id":"a480bd84-e195-4cba-8270-0f1cd3498dbe","name":"CCS: Raw Materials","flowType":"PRODUCT_FLOW","refUnit":"Item(s)"},"process":{"@type":"Process","@id":"1ac48744-fce8-4f3f-ae3b-19efe425c4d8","name":"Carbon capture and storage","category":"Case 1: Hydrogen Production (Cradle-to-gate 3) with CCS (kg)/Carbon capture and storage","processType":"UNIT_PROCESS","flowType":"PRODUCT_FLOW"},"exchange":{"@type":"Exchange","internalId":8}},{"provider":{"@type":"Process","@id":"c013c197-c1d5-4914-82ba-7ab473d6d30f","name":"Stage 4: Capital Goods","category":"Case 1: Hydrogen Production (Cradle-to-gate 3) with CCS (kg)/Stage 4: Hydrogen Compression","processType":"UNIT_PROCESS","flowType":"PRODUCT_FLOW"},"flow":{"@type":"Flow","@id":"debc9e81-39a2-4cb8-bd4a-962ac0a48fe2","name":"Stage 4: Capital Goods","flowType":"PRODUCT_FLOW","refUnit":"Item(s)"},"process":{"@type":"Process","@id":"d31e8757-bf28-446a-a0c2-9c334f302259","name":"Hydrogen Compression","category":"Case 1: Hydrogen Production (Cradle-to-gate 3) with CCS (kg)/Stage 4: Hydrogen Compression","processType":"UNIT_PROCESS","flowType":"PRODUCT_FLOW"},"exchange":{"@type":"Exchange","internalId":6}},{"provider":{"@type":"Process","@id":"b51de398-9e48-497a-bf98-c116e9f67f78","name":"Stage 4: Energy Consumption","category":"Case 1: Hydrogen Production (Cradle-to-gate 3) with CCS (kg)/Stage 4: Hydrogen Compression","processType":"UNIT_PROCESS","flowType":"PRODUCT_FLOW"},"flow":{"@type":"Flow","@id":"8f178ca4-a2d3-4cb8-a70b-1ca27570c0d9","name":"Stage 4: Energy Consumption","flowType":"PRODUCT_FLOW","refUnit":"Item(s)"},"process":{"@type":"Process","@id":"d31e8757-bf28-446a-a0c2-9c334f302259","name":"Hydrogen Compression","category":"Case 1: Hydrogen Production (Cradle-to-gate 3) with CCS (kg)/Stage 4: Hydrogen Compression","processType":"UNIT_PROCESS","flowType":"PRODUCT_FLOW"},"exchange":{"@type":"Exchange","internalId":7}},{"provider":{"@type":"Process","@id":"3a04f076-fefb-4d95-8e01-0df78ab1f276","name":"Stage 4: Raw Materials","category":"Case 1: Hydrogen Production (Cradle-to-gate 3) with CCS (kg)/Stage 4: Hydrogen Compression","processType":"UNIT_PROCESS","flowType":"PRODUCT_FLOW"},"flow":{"@type":"Flow","@id":"9d88774f-2ef7-4f35-9ab0-82560f51cd8f","name":"Stage 4: Raw Materials","flowType":"PRODUCT_FLOW","refUnit":"Item(s)"},"process":{"@type":"Process","@id":"d31e8757-bf28-446a-a0c2-9c334f302259","name":"Hydrogen Compression","category":"Case 1: Hydrogen Production (Cradle-to-gate 3) with CCS (kg)/Stage 4: Hydrogen Compression","processType":"UNIT_PROCESS","flowType":"PRODUCT_FLOW"},"exchange":{"@type":"Exchange","internalId":8}},{"provider":{"@type":"Process","@id":"cc0af0d6-cf3c-45ca-b2c8-e3c5dc7440f2","name":"Stage 4: Transportation","category":"Case 1: Hydrogen Production (Cradle-to-gate 3) with CCS (kg)/Stage 4: Hydrogen Compression","processType":"UNIT_PROCESS","flowType":"PRODUCT_FLOW"},"flow":{"@type":"Flow","@id":"ef6ad59a-275b-4032-821b-a57de476667e","name":"Stage 4: Transportation","flowType":"PRODUCT_FLOW","refUnit":"Item(s)"},"process":{"@type":"Process","@id":"d31e8757-bf28-446a-a0c2-9c334f302259","name":"Hydrogen Compression","category":"Case 1: Hydrogen Production (Cradle-to-gate 3) with CCS (kg)/Stage 4: Hydrogen Compression","processType":"UNIT_PROCESS","flowType":"PRODUCT_FLOW"},"exchange":{"@type":"Exchange","internalId":9}},{"provider":{"@type":"Process","@id":"6bb37a7e-4e34-4cb1-b2d0-c0c6135a1568","name":"Stage 3: Capital Goods","category":"Case 1: Hydrogen Production (Cradle-to-gate 3) with CCS (kg)/Stage 3: Hydrogen Purification","processType":"UNIT_PROCESS","flowType":"PRODUCT_FLOW"},"flow":{"@type":"Flow","@id":"7510368d-3662-4d40-b937-36f998d84391","name":"Stage 3: Capital Goods","flowType":"PRODUCT_FLOW","refUnit":"Item(s)"},"process":{"@type":"Process","@id":"ac1167b3-7dee-42a2-8184-6672add800ab","name":"Hydrogen Purification","category":"Case 1: Hydrogen Production (Cradle-to-gate 3) with CCS (kg)/Stage 3: Hydrogen Purification","processType":"UNIT_PROCESS","flowType":"PRODUCT_FLOW"},"exchange":{"@type":"Exchange","internalId":6}},{"provider":{"@type":"Process","@id":"1ac48744-fce8-4f3f-ae3b-19efe425c4d8","name":"Carbon capture and storage","category":"Case 1: Hydrogen Production (Cradle-to-gate 3) with CCS (kg)/Carbon capture and storage","processType":"UNIT_PROCESS","flowType":"PRODUCT_FLOW"},"flow":{"@type":"Flow","@id":"1bd5e8e5-0f95-4372-b076-975454963e8c","name":"Carbon capture and storage","flowType":"PRODUCT_FLOW","refUnit":"Item(s)"},"process":{"@type":"Process","@id":"29ab6881-723f-465d-aadc-c6bf20f04a11","name":"Hydrogen Production (Cradle-to-gate 3) with CCS (kg)","category":"Case 1: Hydrogen Production (Cradle-to-gate 3) with CCS (kg)","processType":"UNIT_PROCESS","flowType":"PRODUCT_FLOW"},"exchange":{"@type":"Exchange","internalId":6}},{"provider":{"@type":"Process","@id":"56d590a9-df48-4cc9-bf03-c2e537289e81","name":"Stage 3: Energy Consumption","category":"Case 1: Hydrogen Production (Cradle-to-gate 3) with CCS (kg)/Stage 3: Hydrogen Purification","processType":"UNIT_PROCESS","flowType":"PRODUCT_FLOW"},"flow":{"@type":"Flow","@id":"c4f2aa43-1d3a-40fa-b829-ca5e1dc155ab","name":"Stage 3: Energy Consumption","flowType":"PRODUCT_FLOW","refUnit":"Item(s)"},"process":{"@type":"Process","@id":"ac1167b3-7dee-42a2-8184-6672add800ab","name":"Hydrogen Purification","category":"Case 1: Hydrogen Production (Cradle-to-gate 3) with CCS (kg)/Stage 3: Hydrogen Purification","processType":"UNIT_PROCESS","flowType":"PRODUCT_FLOW"},"exchange":{"@type":"Exchange","internalId":7}}]}