{"@type":"Flow","@id":"4fe10019-2951-43ea-b00b-8ea8c337c5c2","name":"distance travelled ","description":"","version":"00.00.002","lastChange":"2024-03-27T10:35:06.803Z","flowType":"PRODUCT_FLOW","isInfrastructureFlow":false,"flowProperties":[{"@type":"FlowPropertyFactor","isRefFlowProperty":true,"flowProperty":{"@type":"FlowProperty","@id":"838aaa20-0117-11db-92e3-0800200c9a66","name":"Goods transport (mass*distance)","category":"Technical flow properties","refUnit":"t*km"},"conversionFactor":1.0}]}