{"@type":"Process","@id":"781c863d-1f66-4a3c-a99a-b92cf73738a2","name":"Operating Stage: Maintenance","description":"","category":"Case 2: Hydrogen Use (Cradle-to-grave) for cogeneration (MJ)/Operating Stage","version":"00.00.001","lastChange":"2023-08-21T12:28:20.224Z","processType":"UNIT_PROCESS","isInfrastructureProcess":false,"processDocumentation":{"isCopyrightProtected":false,"creationDate":"2023-08-21T14:14:15.257"},"lastInternalId":1,"parameters":[],"exchanges":[{"@type":"Exchange","isAvoidedProduct":false,"isInput":false,"amount":1.0,"internalId":1,"flow":{"@type":"Flow","@id":"ef6e55cf-cbde-4a24-873b-467b187c66e5","name":"Operating Stage: Maintenance","flowType":"PRODUCT_FLOW","refUnit":"Item(s)"},"unit":{"@type":"Unit","@id":"6dabe201-aaac-4509-92f0-d00c26cb72ab","name":"Item(s)"},"flowProperty":{"@type":"FlowProperty","@id":"01846770-4cfe-4a25-8ad9-919d8d378345","name":"Number of items","category":"Technical flow properties","refUnit":"Item(s)"},"isQuantitativeReference":true}],"socialAspects":[],"allocationFactors":[]}