{"@type":"Process","@id":"0dee599b-2be7-4bd4-80b2-19c5cbc6c7b4","name":"Manufacturing Stage: Capital Goods","description":"","category":"Case 2: Hydrogen Use (Cradle-to-grave) for electricity generation (MJ)/Manufacturing Stage","version":"00.00.000","lastChange":"2023-08-21T10:52:24.579Z","processType":"UNIT_PROCESS","isInfrastructureProcess":false,"processDocumentation":{"isCopyrightProtected":false,"creationDate":"2023-08-21T12:52:24.574"},"lastInternalId":1,"parameters":[],"exchanges":[{"@type":"Exchange","isAvoidedProduct":false,"isInput":false,"amount":1.0,"internalId":1,"flow":{"@type":"Flow","@id":"1f5558f5-5f83-4408-95fd-2ac763bd589d","name":"Manufacturing Stage: Capital Goods","flowType":"PRODUCT_FLOW","refUnit":"Item(s)"},"unit":{"@type":"Unit","@id":"6dabe201-aaac-4509-92f0-d00c26cb72ab","name":"Item(s)"},"flowProperty":{"@type":"FlowProperty","@id":"01846770-4cfe-4a25-8ad9-919d8d378345","name":"Number of items","category":"Technical flow properties","refUnit":"Item(s)"},"isQuantitativeReference":true}],"socialAspects":[],"allocationFactors":[]}