{"@type":"Process","@id":"21c1e714-8d6d-4b88-b8ac-35c2d6da0dfa","name":"End-of-Life","description":"","category":"Case 2: Hydrogen Use (Cradle-to-grave) for electricity generation (MJ)/End-of-life","version":"00.00.001","lastChange":"2023-08-21T12:13:55.646Z","processType":"UNIT_PROCESS","isInfrastructureProcess":false,"processDocumentation":{"isCopyrightProtected":false,"creationDate":"2023-08-21T14:11:47.885"},"lastInternalId":5,"parameters":[],"exchanges":[{"@type":"Exchange","isAvoidedProduct":false,"isInput":true,"amount":1.0,"internalId":1,"flow":{"@type":"Flow","@id":"868c9a8c-40ac-43e5-a522-4fb899977a8e","name":"End-of-Life","flowType":"WASTE_FLOW","refUnit":"Item(s)"},"unit":{"@type":"Unit","@id":"6dabe201-aaac-4509-92f0-d00c26cb72ab","name":"Item(s)"},"flowProperty":{"@type":"FlowProperty","@id":"01846770-4cfe-4a25-8ad9-919d8d378345","name":"Number of items","category":"Technical flow properties","refUnit":"Item(s)"},"isQuantitativeReference":true},{"@type":"Exchange","isAvoidedProduct":false,"isInput":false,"amount":1.0,"internalId":4,"flow":{"@type":"Flow","@id":"b4dd0fe0-16b6-4fab-b163-fac0525302a3","name":"End-of-Life: Final Treatment","flowType":"WASTE_FLOW","refUnit":"Item(s)"},"unit":{"@type":"Unit","@id":"6dabe201-aaac-4509-92f0-d00c26cb72ab","name":"Item(s)"},"flowProperty":{"@type":"FlowProperty","@id":"01846770-4cfe-4a25-8ad9-919d8d378345","name":"Number of items","category":"Technical flow properties","refUnit":"Item(s)"},"defaultProvider":{"@type":"Process","@id":"09bd24b6-ee65-43eb-821e-8ed7d3698600","name":"End-of-Life: Final Treatment","category":"Case 2: Hydrogen Use (Cradle-to-grave) for electricity generation (MJ)/End-of-life","processType":"UNIT_PROCESS","flowType":"WASTE_FLOW"}},{"@type":"Exchange","isAvoidedProduct":false,"isInput":false,"amount":1.0,"internalId":2,"flow":{"@type":"Flow","@id":"3fc0fbfc-f7f3-492c-b98e-659e930ad3c6","name":"End-of-Life: Collection/Transportation","flowType":"WASTE_FLOW","refUnit":"Item(s)"},"unit":{"@type":"Unit","@id":"6dabe201-aaac-4509-92f0-d00c26cb72ab","name":"Item(s)"},"flowProperty":{"@type":"FlowProperty","@id":"01846770-4cfe-4a25-8ad9-919d8d378345","name":"Number of items","category":"Technical flow properties","refUnit":"Item(s)"},"defaultProvider":{"@type":"Process","@id":"692d4366-8b76-4541-9acd-a8c58c4e26e2","name":"End-of-Life: Collection/Transportation","category":"Case 2: Hydrogen Use (Cradle-to-grave) for electricity generation (MJ)/End-of-life","processType":"UNIT_PROCESS","flowType":"WASTE_FLOW"}},{"@type":"Exchange","isAvoidedProduct":false,"isInput":false,"amount":1.0,"internalId":5,"flow":{"@type":"Flow","@id":"f6589270-6aac-4d11-a9c6-ebb17b42b2ea","name":"End-of-Life: Sorting/Seperation","flowType":"WASTE_FLOW","refUnit":"Item(s)"},"unit":{"@type":"Unit","@id":"6dabe201-aaac-4509-92f0-d00c26cb72ab","name":"Item(s)"},"flowProperty":{"@type":"FlowProperty","@id":"01846770-4cfe-4a25-8ad9-919d8d378345","name":"Number of items","category":"Technical flow properties","refUnit":"Item(s)"},"defaultProvider":{"@type":"Process","@id":"b3ce0d4f-d744-4a34-a92e-dbcf68dcf4b8","name":"End-of-Life: Sorting/Seperation","category":"Case 2: Hydrogen Use (Cradle-to-grave) for electricity generation (MJ)/End-of-life","processType":"UNIT_PROCESS","flowType":"WASTE_FLOW"}},{"@type":"Exchange","isAvoidedProduct":false,"isInput":false,"amount":1.0,"internalId":3,"flow":{"@type":"Flow","@id":"7146f505-2281-49ac-b1e4-710ada370094","name":"End-of-Life: Disassembly","flowType":"WASTE_FLOW","refUnit":"Item(s)"},"unit":{"@type":"Unit","@id":"6dabe201-aaac-4509-92f0-d00c26cb72ab","name":"Item(s)"},"flowProperty":{"@type":"FlowProperty","@id":"01846770-4cfe-4a25-8ad9-919d8d378345","name":"Number of items","category":"Technical flow properties","refUnit":"Item(s)"},"defaultProvider":{"@type":"Process","@id":"c9b1d97a-c09d-4d1b-8524-4962e0f26132","name":"End-of-Life: Disassembly","category":"Case 2: Hydrogen Use (Cradle-to-grave) for electricity generation (MJ)/End-of-life","processType":"UNIT_PROCESS","flowType":"WASTE_FLOW"}}],"socialAspects":[],"allocationFactors":[]}