{"@type":"Process","@id":"692d4366-8b76-4541-9acd-a8c58c4e26e2","name":"End-of-Life: Collection/Transportation","description":"","category":"Case 2: Hydrogen Use (Cradle-to-grave) for electricity generation (MJ)/End-of-life","version":"00.00.000","lastChange":"2023-08-16T15:03:51.312Z","processType":"UNIT_PROCESS","isInfrastructureProcess":false,"processDocumentation":{"isCopyrightProtected":false,"creationDate":"2023-08-16T17:03:51.308"},"lastInternalId":1,"parameters":[],"exchanges":[{"@type":"Exchange","isAvoidedProduct":false,"isInput":true,"amount":1.0,"internalId":1,"flow":{"@type":"Flow","@id":"3fc0fbfc-f7f3-492c-b98e-659e930ad3c6","name":"End-of-Life: Collection/Transportation","flowType":"WASTE_FLOW","refUnit":"Item(s)"},"unit":{"@type":"Unit","@id":"6dabe201-aaac-4509-92f0-d00c26cb72ab","name":"Item(s)"},"flowProperty":{"@type":"FlowProperty","@id":"01846770-4cfe-4a25-8ad9-919d8d378345","name":"Number of items","category":"Technical flow properties","refUnit":"Item(s)"},"isQuantitativeReference":true}],"socialAspects":[],"allocationFactors":[]}