{"@type":"Process","@id":"f0602a28-ffd3-4c55-b5ae-b70e9915367d","name":"Electricity Generation","description":"","category":"Case 2: Hydrogen Use (Cradle-to-grave) for electricity generation (MJ)","version":"00.00.001","lastChange":"2023-08-21T12:21:54.113Z","processType":"UNIT_PROCESS","isInfrastructureProcess":false,"processDocumentation":{"isCopyrightProtected":false,"creationDate":"2023-08-21T14:20:41.685"},"lastInternalId":4,"parameters":[],"exchanges":[{"@type":"Exchange","isAvoidedProduct":false,"isInput":false,"amount":1.0,"internalId":1,"flow":{"@type":"Flow","@id":"9eadef44-4f18-471d-83d5-0bfd92eec751","name":"Electricity Generation","flowType":"PRODUCT_FLOW","refUnit":"MJ"},"unit":{"@type":"Unit","@id":"52765a6c-3896-43c2-b2f4-c679acf13efe","name":"MJ"},"flowProperty":{"@type":"FlowProperty","@id":"f6811440-ee37-11de-8a39-0800200c9a66","name":"Energy","category":"Technical flow properties","refUnit":"MJ"},"isQuantitativeReference":true},{"@type":"Exchange","isAvoidedProduct":false,"isInput":true,"amount":1.0,"internalId":2,"flow":{"@type":"Flow","@id":"cb27e795-db9e-4cc4-b168-492a847931d1","name":"Operating Stage","flowType":"PRODUCT_FLOW","refUnit":"Item(s)"},"unit":{"@type":"Unit","@id":"6dabe201-aaac-4509-92f0-d00c26cb72ab","name":"Item(s)"},"flowProperty":{"@type":"FlowProperty","@id":"01846770-4cfe-4a25-8ad9-919d8d378345","name":"Number of items","category":"Technical flow properties","refUnit":"Item(s)"},"defaultProvider":{"@type":"Process","@id":"f7e6e621-028a-4e79-a48d-5a0fbcb35581","name":"Operating Stage","category":"Case 2: Hydrogen Use (Cradle-to-grave) for electricity generation (MJ)/Operating Stage","processType":"UNIT_PROCESS","flowType":"PRODUCT_FLOW"}},{"@type":"Exchange","isAvoidedProduct":false,"isInput":true,"amount":1.0,"internalId":3,"flow":{"@type":"Flow","@id":"0c46d597-929f-4acb-bf2e-fd043d9762e3","name":"Manufacturing Stage: Transportation of Raw Materials","flowType":"PRODUCT_FLOW","refUnit":"Item(s)"},"unit":{"@type":"Unit","@id":"6dabe201-aaac-4509-92f0-d00c26cb72ab","name":"Item(s)"},"flowProperty":{"@type":"FlowProperty","@id":"01846770-4cfe-4a25-8ad9-919d8d378345","name":"Number of items","category":"Technical flow properties","refUnit":"Item(s)"},"defaultProvider":{"@type":"Process","@id":"1498b551-5763-45e4-9cbb-cd48958469f5","name":"Manufacturing Stage","category":"Case 2: Hydrogen Use (Cradle-to-grave) for electricity generation (MJ)/Manufacturing Stage","processType":"UNIT_PROCESS","flowType":"PRODUCT_FLOW"}},{"@type":"Exchange","isAvoidedProduct":false,"isInput":false,"amount":1.0,"internalId":4,"flow":{"@type":"Flow","@id":"868c9a8c-40ac-43e5-a522-4fb899977a8e","name":"End-of-Life","flowType":"WASTE_FLOW","refUnit":"Item(s)"},"unit":{"@type":"Unit","@id":"6dabe201-aaac-4509-92f0-d00c26cb72ab","name":"Item(s)"},"flowProperty":{"@type":"FlowProperty","@id":"01846770-4cfe-4a25-8ad9-919d8d378345","name":"Number of items","category":"Technical flow properties","refUnit":"Item(s)"},"defaultProvider":{"@type":"Process","@id":"21c1e714-8d6d-4b88-b8ac-35c2d6da0dfa","name":"End-of-Life","category":"Case 2: Hydrogen Use (Cradle-to-grave) for electricity generation (MJ)/End-of-life","processType":"UNIT_PROCESS","flowType":"WASTE_FLOW"}}],"socialAspects":[],"allocationFactors":[]}