{"@type":"Process","@id":"96d68f8c-26ab-4213-89cd-924903e73b96","name":"Hydrogen Production (Cradle-to-gate 1) (MJ)","description":"","category":"Case 1: Hydrogen Production (Cradle-to-gate 1) (MJ)","version":"00.00.000","lastChange":"2023-08-09T11:07:11.686Z","processType":"UNIT_PROCESS","isInfrastructureProcess":false,"processDocumentation":{"isCopyrightProtected":false,"creationDate":"2023-08-09T13:07:11.679"},"lastInternalId":1,"parameters":[],"exchanges":[{"@type":"Exchange","isAvoidedProduct":false,"isInput":false,"amount":1.0,"internalId":1,"flow":{"@type":"Flow","@id":"7cb81e16-f5b1-4d88-82bd-14ea2c0376f4","name":"Hydrogen Produced","flowType":"PRODUCT_FLOW","refUnit":"MJ"},"unit":{"@type":"Unit","@id":"52765a6c-3896-43c2-b2f4-c679acf13efe","name":"MJ"},"flowProperty":{"@type":"FlowProperty","@id":"f6811440-ee37-11de-8a39-0800200c9a66","name":"Energy","category":"Technical flow properties","refUnit":"MJ"},"isQuantitativeReference":true}],"socialAspects":[],"allocationFactors":[]}