{"@type":"ProductSystem","@id":"26fb344f-00e3-4ed4-b6dc-5d01c5d936d8","name":"Hydrogen Production (Cradle-to-gate 2) with CCS (MJ)","description":"First created: 2024-03-27T09:45:20\nLinking approach during creation: Prefer default providers; Preferred process type: System process","version":"00.00.001","lastChange":"2024-03-27T08:45:39.365Z","refProcess":{"@type":"Process","@id":"b976675d-3a3c-4fd3-85c3-c4ac09eb04f5","name":"Hydrogen Production (Cradle-to-gate 2) with CCS (MJ)","category":"Case 1: Hydrogen Production (Cradle-to-gate 2) with CCS (MJ)","processType":"UNIT_PROCESS","flowType":"PRODUCT_FLOW"},"refExchange":{"@type":"Exchange","internalId":1,"flow":{"@type":"Flow","@id":"f0693656-ff39-4075-b936-818c77f599b3","name":"Hydrogen Produced","flowType":"PRODUCT_FLOW","refUnit":"MJ"}},"targetFlowProperty":{"@type":"FlowProperty","@id":"f6811440-ee37-11de-8a39-0800200c9a66","name":"Energy","category":"Technical flow properties","refUnit":"MJ"},"targetUnit":{"@type":"Unit","@id":"52765a6c-3896-43c2-b2f4-c679acf13efe","name":"MJ"},"targetAmount":1.0,"processes":[{"@type":"Process","@id":"f88412db-99ad-4bb1-99c3-a8b31332ff25","name":"CCS: Raw Materials","category":"Case 1: Hydrogen Production (Cradle-to-gate 2) with CCS (MJ)/Carbon capture and storage","processType":"UNIT_PROCESS","flowType":"PRODUCT_FLOW"},{"@type":"Process","@id":"6faa8c29-d57f-4f1f-b5a5-c8e94b5fe71e","name":"Stage 2: Raw Materials","category":"Case 1: Hydrogen Production (Cradle-to-gate 2) with CCS (MJ)/Stage 2: Hydrogen Production","processType":"UNIT_PROCESS","flowType":"PRODUCT_FLOW"},{"@type":"Process","@id":"37c227ec-6bc7-408b-a121-e9fa29cd7969","name":"Hydrogen Purification","category":"Case 1: Hydrogen Production (Cradle-to-gate 2) with CCS (MJ)/Stage 3: Hydrogen Purification","processType":"UNIT_PROCESS","flowType":"PRODUCT_FLOW"},{"@type":"Process","@id":"dd62a129-df8d-4908-82ba-3c3b17aa037c","name":"Stage 3: Energy Consumption ","category":"Case 1: Hydrogen Production (Cradle-to-gate 2) with CCS (MJ)/Stage 3: Hydrogen Purification","processType":"UNIT_PROCESS","flowType":"PRODUCT_FLOW"},{"@type":"Process","@id":"4d5bbb32-ef55-4068-9df8-6c3b60a2f681","name":"Stage 2: Energy Consumption","category":"Case 1: Hydrogen Production (Cradle-to-gate 2) with CCS (MJ)/Stage 2: Hydrogen Production","processType":"UNIT_PROCESS","flowType":"PRODUCT_FLOW"},{"@type":"Process","@id":"3b24ea90-2ef8-498c-9bcb-484df268cea0","name":"CCS: Capital Goods","category":"Case 1: Hydrogen Production (Cradle-to-gate 2) with CCS (MJ)/Carbon capture and storage","processType":"UNIT_PROCESS","flowType":"PRODUCT_FLOW"},{"@type":"Process","@id":"576adac7-a972-4a41-80a8-f3fa0c0e748d","name":"CCS: Energy Consumption","category":"Case 1: Hydrogen Production (Cradle-to-gate 2) with CCS (MJ)/Carbon capture and storage","processType":"UNIT_PROCESS","flowType":"PRODUCT_FLOW"},{"@type":"Process","@id":"a5004741-4fea-4783-a9d5-2a149ee491ba","name":"Stage 3: Transportation ","category":"Case 1: Hydrogen Production (Cradle-to-gate 2) with CCS (MJ)/Stage 3: Hydrogen Purification","processType":"UNIT_PROCESS","flowType":"PRODUCT_FLOW"},{"@type":"Process","@id":"a4eb55ec-3c32-4562-ab86-bed21ec93370","name":"Hydrogen Production","category":"Case 1: Hydrogen Production (Cradle-to-gate 2) with CCS (MJ)/Stage 2: Hydrogen Production","processType":"UNIT_PROCESS","flowType":"PRODUCT_FLOW"},{"@type":"Process","@id":"d147bc72-63c4-4179-b7d6-83c24a6c4f5f","name":"Stage 2: Transportation","category":"Case 1: Hydrogen Production (Cradle-to-gate 2) with CCS (MJ)/Stage 2: Hydrogen Production","processType":"UNIT_PROCESS","flowType":"PRODUCT_FLOW"},{"@type":"Process","@id":"e06db7d1-45c6-41f7-b994-67bd34f98c5f","name":"Stage 3: Capital Goods ","category":"Case 1: Hydrogen Production (Cradle-to-gate 2) with CCS (MJ)/Stage 3: Hydrogen Purification","processType":"UNIT_PROCESS","flowType":"PRODUCT_FLOW"},{"@type":"Process","@id":"7f6dfe92-b44c-4cc6-94ec-b9209da7326f","name":"Stage 3: Raw Materials ","category":"Case 1: Hydrogen Production (Cradle-to-gate 2) with CCS (MJ)/Stage 3: Hydrogen Purification","processType":"UNIT_PROCESS","flowType":"PRODUCT_FLOW"},{"@type":"Process","@id":"1825cd6d-c6d0-4a31-b6d3-120ddc3708e7","name":"CCS: Transportation","category":"Case 1: Hydrogen Production (Cradle-to-gate 2) with CCS (MJ)/Carbon capture and storage","processType":"UNIT_PROCESS","flowType":"PRODUCT_FLOW"},{"@type":"Process","@id":"9d737169-bd08-41d4-88dc-b9b6b8247763","name":"Carbon capture and storage","category":"Case 1: Hydrogen Production (Cradle-to-gate 2) with CCS (MJ)/Carbon capture and storage","processType":"UNIT_PROCESS","flowType":"PRODUCT_FLOW"},{"@type":"Process","@id":"b976675d-3a3c-4fd3-85c3-c4ac09eb04f5","name":"Hydrogen Production (Cradle-to-gate 2) with CCS (MJ)","category":"Case 1: Hydrogen Production (Cradle-to-gate 2) with CCS (MJ)","processType":"UNIT_PROCESS","flowType":"PRODUCT_FLOW"},{"@type":"Process","@id":"f9557dfc-cbcc-41b6-acfe-737750cfaaf6","name":"Stage 2: Capital Goods","category":"Case 1: Hydrogen Production (Cradle-to-gate 2) with CCS (MJ)/Stage 2: Hydrogen Production","processType":"UNIT_PROCESS","flowType":"PRODUCT_FLOW"}],"processLinks":[{"provider":{"@type":"Process","@id":"37c227ec-6bc7-408b-a121-e9fa29cd7969","name":"Hydrogen Purification","category":"Case 1: Hydrogen Production (Cradle-to-gate 2) with CCS (MJ)/Stage 3: Hydrogen Purification","processType":"UNIT_PROCESS","flowType":"PRODUCT_FLOW"},"flow":{"@type":"Flow","@id":"21df2c2b-25d8-4984-9a31-01d2af511f1c","name":"Hydrogen Purification","flowType":"PRODUCT_FLOW","refUnit":"kg"},"process":{"@type":"Process","@id":"b976675d-3a3c-4fd3-85c3-c4ac09eb04f5","name":"Hydrogen Production (Cradle-to-gate 2) with CCS (MJ)","category":"Case 1: Hydrogen Production (Cradle-to-gate 2) with CCS (MJ)","processType":"UNIT_PROCESS","flowType":"PRODUCT_FLOW"},"exchange":{"@type":"Exchange","internalId":9}},{"provider":{"@type":"Process","@id":"9d737169-bd08-41d4-88dc-b9b6b8247763","name":"Carbon capture and storage","category":"Case 1: Hydrogen Production (Cradle-to-gate 2) with CCS (MJ)/Carbon capture and storage","processType":"UNIT_PROCESS","flowType":"PRODUCT_FLOW"},"flow":{"@type":"Flow","@id":"1bd5e8e5-0f95-4372-b076-975454963e8c","name":"Carbon capture and storage","flowType":"PRODUCT_FLOW","refUnit":"kg"},"process":{"@type":"Process","@id":"b976675d-3a3c-4fd3-85c3-c4ac09eb04f5","name":"Hydrogen Production (Cradle-to-gate 2) with CCS (MJ)","category":"Case 1: Hydrogen Production (Cradle-to-gate 2) with CCS (MJ)","processType":"UNIT_PROCESS","flowType":"PRODUCT_FLOW"},"exchange":{"@type":"Exchange","internalId":6}},{"provider":{"@type":"Process","@id":"a4eb55ec-3c32-4562-ab86-bed21ec93370","name":"Hydrogen Production","category":"Case 1: Hydrogen Production (Cradle-to-gate 2) with CCS (MJ)/Stage 2: Hydrogen Production","processType":"UNIT_PROCESS","flowType":"PRODUCT_FLOW"},"flow":{"@type":"Flow","@id":"3ba1157e-3bc9-4552-8623-d565e4594a8e","name":"Hydrogen Production","flowType":"PRODUCT_FLOW","refUnit":"kg"},"process":{"@type":"Process","@id":"b976675d-3a3c-4fd3-85c3-c4ac09eb04f5","name":"Hydrogen Production (Cradle-to-gate 2) with CCS (MJ)","category":"Case 1: Hydrogen Production (Cradle-to-gate 2) with CCS (MJ)","processType":"UNIT_PROCESS","flowType":"PRODUCT_FLOW"},"exchange":{"@type":"Exchange","internalId":8}},{"provider":{"@type":"Process","@id":"dd62a129-df8d-4908-82ba-3c3b17aa037c","name":"Stage 3: Energy Consumption ","category":"Case 1: Hydrogen Production (Cradle-to-gate 2) with CCS (MJ)/Stage 3: Hydrogen Purification","processType":"UNIT_PROCESS","flowType":"PRODUCT_FLOW"},"flow":{"@type":"Flow","@id":"c4f2aa43-1d3a-40fa-b829-ca5e1dc155ab","name":"Stage 3: Energy Consumption","flowType":"PRODUCT_FLOW","refUnit":"Item(s)"},"process":{"@type":"Process","@id":"37c227ec-6bc7-408b-a121-e9fa29cd7969","name":"Hydrogen Purification","category":"Case 1: Hydrogen Production (Cradle-to-gate 2) with CCS (MJ)/Stage 3: Hydrogen Purification","processType":"UNIT_PROCESS","flowType":"PRODUCT_FLOW"},"exchange":{"@type":"Exchange","internalId":7}},{"provider":{"@type":"Process","@id":"a5004741-4fea-4783-a9d5-2a149ee491ba","name":"Stage 3: Transportation ","category":"Case 1: Hydrogen Production (Cradle-to-gate 2) with CCS (MJ)/Stage 3: Hydrogen Purification","processType":"UNIT_PROCESS","flowType":"PRODUCT_FLOW"},"flow":{"@type":"Flow","@id":"9016044c-0b7a-4f53-88b2-65b93ba7394e","name":"Stage 3: Transportation","flowType":"PRODUCT_FLOW","refUnit":"Item(s)"},"process":{"@type":"Process","@id":"37c227ec-6bc7-408b-a121-e9fa29cd7969","name":"Hydrogen Purification","category":"Case 1: Hydrogen Production (Cradle-to-gate 2) with CCS (MJ)/Stage 3: Hydrogen Purification","processType":"UNIT_PROCESS","flowType":"PRODUCT_FLOW"},"exchange":{"@type":"Exchange","internalId":9}},{"provider":{"@type":"Process","@id":"7f6dfe92-b44c-4cc6-94ec-b9209da7326f","name":"Stage 3: Raw Materials ","category":"Case 1: Hydrogen Production (Cradle-to-gate 2) with CCS (MJ)/Stage 3: Hydrogen Purification","processType":"UNIT_PROCESS","flowType":"PRODUCT_FLOW"},"flow":{"@type":"Flow","@id":"31d416e0-4fa1-4cf0-a139-ef4ccbba3351","name":"Stage 3: Raw Materials","flowType":"PRODUCT_FLOW","refUnit":"Item(s)"},"process":{"@type":"Process","@id":"37c227ec-6bc7-408b-a121-e9fa29cd7969","name":"Hydrogen Purification","category":"Case 1: Hydrogen Production (Cradle-to-gate 2) with CCS (MJ)/Stage 3: Hydrogen Purification","processType":"UNIT_PROCESS","flowType":"PRODUCT_FLOW"},"exchange":{"@type":"Exchange","internalId":8}},{"provider":{"@type":"Process","@id":"e06db7d1-45c6-41f7-b994-67bd34f98c5f","name":"Stage 3: Capital Goods ","category":"Case 1: Hydrogen Production (Cradle-to-gate 2) with CCS (MJ)/Stage 3: Hydrogen Purification","processType":"UNIT_PROCESS","flowType":"PRODUCT_FLOW"},"flow":{"@type":"Flow","@id":"7510368d-3662-4d40-b937-36f998d84391","name":"Stage 3: Capital Goods","flowType":"PRODUCT_FLOW","refUnit":"Item(s)"},"process":{"@type":"Process","@id":"37c227ec-6bc7-408b-a121-e9fa29cd7969","name":"Hydrogen Purification","category":"Case 1: Hydrogen Production (Cradle-to-gate 2) with CCS (MJ)/Stage 3: Hydrogen Purification","processType":"UNIT_PROCESS","flowType":"PRODUCT_FLOW"},"exchange":{"@type":"Exchange","internalId":6}},{"provider":{"@type":"Process","@id":"f88412db-99ad-4bb1-99c3-a8b31332ff25","name":"CCS: Raw Materials","category":"Case 1: Hydrogen Production (Cradle-to-gate 2) with CCS (MJ)/Carbon capture and storage","processType":"UNIT_PROCESS","flowType":"PRODUCT_FLOW"},"flow":{"@type":"Flow","@id":"a480bd84-e195-4cba-8270-0f1cd3498dbe","name":"CCS: Raw Materials","flowType":"PRODUCT_FLOW","refUnit":"Item(s)"},"process":{"@type":"Process","@id":"9d737169-bd08-41d4-88dc-b9b6b8247763","name":"Carbon capture and storage","category":"Case 1: Hydrogen Production (Cradle-to-gate 2) with CCS (MJ)/Carbon capture and storage","processType":"UNIT_PROCESS","flowType":"PRODUCT_FLOW"},"exchange":{"@type":"Exchange","internalId":8}},{"provider":{"@type":"Process","@id":"3b24ea90-2ef8-498c-9bcb-484df268cea0","name":"CCS: Capital Goods","category":"Case 1: Hydrogen Production (Cradle-to-gate 2) with CCS (MJ)/Carbon capture and storage","processType":"UNIT_PROCESS","flowType":"PRODUCT_FLOW"},"flow":{"@type":"Flow","@id":"780f34b7-8c65-4224-b9e0-cff8a12a0072","name":"CCS: Capital Goods","flowType":"PRODUCT_FLOW","refUnit":"Item(s)"},"process":{"@type":"Process","@id":"9d737169-bd08-41d4-88dc-b9b6b8247763","name":"Carbon capture and storage","category":"Case 1: Hydrogen Production (Cradle-to-gate 2) with CCS (MJ)/Carbon capture and storage","processType":"UNIT_PROCESS","flowType":"PRODUCT_FLOW"},"exchange":{"@type":"Exchange","internalId":6}},{"provider":{"@type":"Process","@id":"1825cd6d-c6d0-4a31-b6d3-120ddc3708e7","name":"CCS: Transportation","category":"Case 1: Hydrogen Production (Cradle-to-gate 2) with CCS (MJ)/Carbon capture and storage","processType":"UNIT_PROCESS","flowType":"PRODUCT_FLOW"},"flow":{"@type":"Flow","@id":"c0ae6cec-04e2-410c-892e-52d5563cb4e9","name":"CCS: Transportation","flowType":"PRODUCT_FLOW","refUnit":"Item(s)"},"process":{"@type":"Process","@id":"9d737169-bd08-41d4-88dc-b9b6b8247763","name":"Carbon capture and storage","category":"Case 1: Hydrogen Production (Cradle-to-gate 2) with CCS (MJ)/Carbon capture and storage","processType":"UNIT_PROCESS","flowType":"PRODUCT_FLOW"},"exchange":{"@type":"Exchange","internalId":9}},{"provider":{"@type":"Process","@id":"576adac7-a972-4a41-80a8-f3fa0c0e748d","name":"CCS: Energy Consumption","category":"Case 1: Hydrogen Production (Cradle-to-gate 2) with CCS (MJ)/Carbon capture and storage","processType":"UNIT_PROCESS","flowType":"PRODUCT_FLOW"},"flow":{"@type":"Flow","@id":"92f2350b-1764-43bb-adeb-179feb8c93c6","name":"CCS: Energy Consumption","flowType":"PRODUCT_FLOW","refUnit":"Item(s)"},"process":{"@type":"Process","@id":"9d737169-bd08-41d4-88dc-b9b6b8247763","name":"Carbon capture and storage","category":"Case 1: Hydrogen Production (Cradle-to-gate 2) with CCS (MJ)/Carbon capture and storage","processType":"UNIT_PROCESS","flowType":"PRODUCT_FLOW"},"exchange":{"@type":"Exchange","internalId":7}},{"provider":{"@type":"Process","@id":"4d5bbb32-ef55-4068-9df8-6c3b60a2f681","name":"Stage 2: Energy Consumption","category":"Case 1: Hydrogen Production (Cradle-to-gate 2) with CCS (MJ)/Stage 2: Hydrogen Production","processType":"UNIT_PROCESS","flowType":"PRODUCT_FLOW"},"flow":{"@type":"Flow","@id":"22d3c391-f73f-4e75-be86-210e2f094fd3","name":"Stage 2: Energy Consumption","flowType":"PRODUCT_FLOW","refUnit":"Item(s)"},"process":{"@type":"Process","@id":"a4eb55ec-3c32-4562-ab86-bed21ec93370","name":"Hydrogen Production","category":"Case 1: Hydrogen Production (Cradle-to-gate 2) with CCS (MJ)/Stage 2: Hydrogen Production","processType":"UNIT_PROCESS","flowType":"PRODUCT_FLOW"},"exchange":{"@type":"Exchange","internalId":7}},{"provider":{"@type":"Process","@id":"d147bc72-63c4-4179-b7d6-83c24a6c4f5f","name":"Stage 2: Transportation","category":"Case 1: Hydrogen Production (Cradle-to-gate 2) with CCS (MJ)/Stage 2: Hydrogen Production","processType":"UNIT_PROCESS","flowType":"PRODUCT_FLOW"},"flow":{"@type":"Flow","@id":"54e0f1c1-8696-4a6e-93d3-d5460372c6fe","name":"Stage 2: Transportation","flowType":"PRODUCT_FLOW","refUnit":"Item(s)"},"process":{"@type":"Process","@id":"a4eb55ec-3c32-4562-ab86-bed21ec93370","name":"Hydrogen Production","category":"Case 1: Hydrogen Production (Cradle-to-gate 2) with CCS (MJ)/Stage 2: Hydrogen Production","processType":"UNIT_PROCESS","flowType":"PRODUCT_FLOW"},"exchange":{"@type":"Exchange","internalId":9}},{"provider":{"@type":"Process","@id":"6faa8c29-d57f-4f1f-b5a5-c8e94b5fe71e","name":"Stage 2: Raw Materials","category":"Case 1: Hydrogen Production (Cradle-to-gate 2) with CCS (MJ)/Stage 2: Hydrogen Production","processType":"UNIT_PROCESS","flowType":"PRODUCT_FLOW"},"flow":{"@type":"Flow","@id":"364d87b5-99a3-4b87-b24a-1429225883da","name":"Stage 2: Raw Materials","flowType":"PRODUCT_FLOW","refUnit":"Item(s)"},"process":{"@type":"Process","@id":"a4eb55ec-3c32-4562-ab86-bed21ec93370","name":"Hydrogen Production","category":"Case 1: Hydrogen Production (Cradle-to-gate 2) with CCS (MJ)/Stage 2: Hydrogen Production","processType":"UNIT_PROCESS","flowType":"PRODUCT_FLOW"},"exchange":{"@type":"Exchange","internalId":8}},{"provider":{"@type":"Process","@id":"f9557dfc-cbcc-41b6-acfe-737750cfaaf6","name":"Stage 2: Capital Goods","category":"Case 1: Hydrogen Production (Cradle-to-gate 2) with CCS (MJ)/Stage 2: Hydrogen Production","processType":"UNIT_PROCESS","flowType":"PRODUCT_FLOW"},"flow":{"@type":"Flow","@id":"eb136cd4-a7a5-473d-abdf-75d3ca1866f6","name":"Stage 2: Capital Goods","flowType":"PRODUCT_FLOW","refUnit":"Item(s)"},"process":{"@type":"Process","@id":"a4eb55ec-3c32-4562-ab86-bed21ec93370","name":"Hydrogen Production","category":"Case 1: Hydrogen Production (Cradle-to-gate 2) with CCS (MJ)/Stage 2: Hydrogen Production","processType":"UNIT_PROCESS","flowType":"PRODUCT_FLOW"},"exchange":{"@type":"Exchange","internalId":6}}]}