{"@type":"Process","@id":"ba7e455b-239c-4ed4-9aaf-51d81342d4f2","name":"Manufactuing Stage: Raw Materials","description":"","category":"Case 2: Hydrogen Use (Cradle-to-grave) for electricity generation (MJ)/Manufacturing Stage","version":"00.00.000","lastChange":"2023-08-21T10:51:37.914Z","processType":"UNIT_PROCESS","isInfrastructureProcess":false,"processDocumentation":{"isCopyrightProtected":false,"creationDate":"2023-08-21T12:51:37.910"},"lastInternalId":1,"parameters":[],"exchanges":[{"@type":"Exchange","isAvoidedProduct":false,"isInput":false,"amount":1.0,"internalId":1,"flow":{"@type":"Flow","@id":"7b6a5762-3013-419c-9a1d-c19ae94693a1","name":"Manufactuing Stage: Raw Materials","flowType":"PRODUCT_FLOW","refUnit":"Item(s)"},"unit":{"@type":"Unit","@id":"6dabe201-aaac-4509-92f0-d00c26cb72ab","name":"Item(s)"},"flowProperty":{"@type":"FlowProperty","@id":"01846770-4cfe-4a25-8ad9-919d8d378345","name":"Number of items","category":"Technical flow properties","refUnit":"Item(s)"},"isQuantitativeReference":true}],"socialAspects":[],"allocationFactors":[]}