{"@type":"Process","@id":"d583b286-d1af-412c-988b-a3cf5924c99b","name":"Stage 1: Transportation","description":"","category":"Case 1: Hydrogen Production (Cradle-to-gate 5) with CCS (kg)/Stage 1: Mining \u0026 Preparation","version":"00.00.013","lastChange":"2023-08-16T10:12:24.655Z","processType":"UNIT_PROCESS","isInfrastructureProcess":false,"processDocumentation":{"isCopyrightProtected":false,"creationDate":"2023-08-09T12:16:14.115"},"lastInternalId":1,"parameters":[],"exchanges":[{"@type":"Exchange","isAvoidedProduct":false,"isInput":false,"amount":1.0,"internalId":1,"flow":{"@type":"Flow","@id":"20273fa8-d1f9-4e21-a7e6-e35d468d9424","name":"Transportation","flowType":"PRODUCT_FLOW","refUnit":"Item(s)"},"unit":{"@type":"Unit","@id":"6dabe201-aaac-4509-92f0-d00c26cb72ab","name":"Item(s)"},"flowProperty":{"@type":"FlowProperty","@id":"01846770-4cfe-4a25-8ad9-919d8d378345","name":"Number of items","category":"Technical flow properties","refUnit":"Item(s)"},"isQuantitativeReference":true}],"socialAspects":[],"allocationFactors":[]}