{"@type":"Process","@id":"e15815d1-fa34-411e-b0d1-75ae57ee9ae2","name":"Vehicle End-of-life","description":"","category":"Case 2: Hydrogen Use (Cradle-to-grave) for transportation (p.km)/Vehicle End-of-life Stage","version":"00.00.005","lastChange":"2023-10-04T14:28:37.160Z","processType":"UNIT_PROCESS","isInfrastructureProcess":false,"processDocumentation":{"isCopyrightProtected":false,"creationDate":"2023-08-16T16:35:18.987"},"lastInternalId":12,"parameters":[],"exchanges":[{"@type":"Exchange","isAvoidedProduct":false,"isInput":true,"amount":1.0,"internalId":1,"flow":{"@type":"Flow","@id":"4cba3f15-f0b3-4c5a-9791-32a6228a8668","name":"Vehicle End-of-life","flowType":"WASTE_FLOW","refUnit":"Item(s)"},"unit":{"@type":"Unit","@id":"6dabe201-aaac-4509-92f0-d00c26cb72ab","name":"Item(s)"},"flowProperty":{"@type":"FlowProperty","@id":"01846770-4cfe-4a25-8ad9-919d8d378345","name":"Number of items","category":"Technical flow properties","refUnit":"Item(s)"},"isQuantitativeReference":true},{"@type":"Exchange","isAvoidedProduct":false,"isInput":false,"amount":1.0,"internalId":11,"flow":{"@type":"Flow","@id":"7af7fd1d-8841-49a3-a83a-c5ce77c97f53","name":"End-of-Life: Final Treatment","flowType":"WASTE_FLOW","refUnit":"Item(s)"},"unit":{"@type":"Unit","@id":"6dabe201-aaac-4509-92f0-d00c26cb72ab","name":"Item(s)"},"flowProperty":{"@type":"FlowProperty","@id":"01846770-4cfe-4a25-8ad9-919d8d378345","name":"Number of items","category":"Technical flow properties","refUnit":"Item(s)"},"defaultProvider":{"@type":"Process","@id":"fb4663c5-942e-4507-96fc-c6614643541d","name":"End-of-Life: Final Treatment","category":"Case 2: Hydrogen Use (Cradle-to-grave) for transportation (p.km)/Vehicle End-of-life Stage","processType":"UNIT_PROCESS","flowType":"WASTE_FLOW"}},{"@type":"Exchange","isAvoidedProduct":false,"isInput":false,"amount":1.0,"internalId":10,"flow":{"@type":"Flow","@id":"7146f505-2281-49ac-b1e4-710ada370094","name":"End-of-Life: Disassembly","flowType":"WASTE_FLOW","refUnit":"Item(s)"},"unit":{"@type":"Unit","@id":"6dabe201-aaac-4509-92f0-d00c26cb72ab","name":"Item(s)"},"flowProperty":{"@type":"FlowProperty","@id":"01846770-4cfe-4a25-8ad9-919d8d378345","name":"Number of items","category":"Technical flow properties","refUnit":"Item(s)"},"defaultProvider":{"@type":"Process","@id":"f8f3ace9-408f-4b02-8fcf-dbb75a493a88","name":"End-of-Life: Disassembly","category":"Case 2: Hydrogen Use (Cradle-to-grave) for transportation (p.km)/Vehicle End-of-life Stage","processType":"UNIT_PROCESS","flowType":"WASTE_FLOW"}},{"@type":"Exchange","isAvoidedProduct":false,"isInput":false,"amount":1.0,"internalId":12,"flow":{"@type":"Flow","@id":"ce6dfe98-e577-4313-bf22-5ed7e9163185","name":"End-of-Life: Sorting/Seperation","flowType":"WASTE_FLOW","refUnit":"Item(s)"},"unit":{"@type":"Unit","@id":"6dabe201-aaac-4509-92f0-d00c26cb72ab","name":"Item(s)"},"flowProperty":{"@type":"FlowProperty","@id":"01846770-4cfe-4a25-8ad9-919d8d378345","name":"Number of items","category":"Technical flow properties","refUnit":"Item(s)"},"defaultProvider":{"@type":"Process","@id":"aad873f4-a704-473a-9d5e-2df55d7bf8a3","name":"End-of-Life: Sorting/Seperation","category":"Case 2: Hydrogen Use (Cradle-to-grave) for transportation (p.km)/Vehicle End-of-life Stage","processType":"UNIT_PROCESS","flowType":"WASTE_FLOW"}},{"@type":"Exchange","isAvoidedProduct":false,"isInput":false,"amount":1.0,"internalId":9,"flow":{"@type":"Flow","@id":"e77ab53c-1ae7-4dd4-894e-9dfd112e5f9b","name":"End-of-Life: Collection/Transportation","flowType":"WASTE_FLOW","refUnit":"Item(s)"},"unit":{"@type":"Unit","@id":"6dabe201-aaac-4509-92f0-d00c26cb72ab","name":"Item(s)"},"flowProperty":{"@type":"FlowProperty","@id":"01846770-4cfe-4a25-8ad9-919d8d378345","name":"Number of items","category":"Technical flow properties","refUnit":"Item(s)"},"defaultProvider":{"@type":"Process","@id":"5be4128d-1fc4-4100-97f1-e9afff86a94b","name":"End-of-Life: Collection/Transportation","category":"Case 2: Hydrogen Use (Cradle-to-grave) for transportation (p.km)/Vehicle End-of-life Stage","processType":"UNIT_PROCESS","flowType":"WASTE_FLOW"}}],"socialAspects":[],"allocationFactors":[]}