{"@type":"ProductSystem","@id":"74ea9937-f6a5-4e26-8a45-6acdb575972a","name":"Hydrogen Production (Cradle-to-gate 1) with CCS (kg)","description":"First created: 2023-09-27T11:26:44\nLinking approach during creation: Prefer default providers; Preferred process type: System process","version":"00.00.001","lastChange":"2024-03-25T08:36:23.724Z","refProcess":{"@type":"Process","@id":"edfd93ae-ca70-4429-a77c-850398de7ac0","name":"Hydrogen Production (Cradle-to-gate 1) with CCS (kg)","category":"Case 1: Hydrogen Production (Cradle-to-gate 1) with CCS (kg)","processType":"UNIT_PROCESS","flowType":"PRODUCT_FLOW"},"refExchange":{"@type":"Exchange","internalId":1,"flow":{"@type":"Flow","@id":"3f639719-be23-46ff-b55b-da8c41f148ed","name":"H2 Produced","flowType":"PRODUCT_FLOW","refUnit":"kg"}},"targetFlowProperty":{"@type":"FlowProperty","@id":"93a60a56-a3c8-11da-a746-0800200b9a66","name":"Mass","category":"Technical flow properties","refUnit":"kg"},"targetUnit":{"@type":"Unit","@id":"20aadc24-a391-41cf-b340-3e4529f44bde","name":"kg"},"targetAmount":1.0,"processes":[{"@type":"Process","@id":"b2f47ab9-95f5-45bb-bae6-5390350ac1c7","name":"CCS: Raw Materials","category":"Case 1: Hydrogen Production (Cradle-to-gate 1) with CCS (kg)/Carbon capture and storage","processType":"UNIT_PROCESS","flowType":"PRODUCT_FLOW"},{"@type":"Process","@id":"68d384b3-3a44-480e-a05e-28971615d133","name":"Stage 2: Capital Goods","category":"Case 1: Hydrogen Production (Cradle-to-gate 1) with CCS (kg)/Stage 2: Hydrogen Production","processType":"UNIT_PROCESS","flowType":"PRODUCT_FLOW"},{"@type":"Process","@id":"edfd93ae-ca70-4429-a77c-850398de7ac0","name":"Hydrogen Production (Cradle-to-gate 1) with CCS (kg)","category":"Case 1: Hydrogen Production (Cradle-to-gate 1) with CCS (kg)","processType":"UNIT_PROCESS","flowType":"PRODUCT_FLOW"},{"@type":"Process","@id":"7e0b78b8-a996-4b48-81e6-25711ae04427","name":"Stage 2: Energy Consumption","category":"Case 1: Hydrogen Production (Cradle-to-gate 1) with CCS (kg)/Stage 2: Hydrogen Production","processType":"UNIT_PROCESS","flowType":"PRODUCT_FLOW"},{"@type":"Process","@id":"926e756c-9b2e-4c51-9ed5-5bd2bed5192a","name":"Stage 2: Raw Materials","category":"Case 1: Hydrogen Production (Cradle-to-gate 1) with CCS (kg)/Stage 2: Hydrogen Production","processType":"UNIT_PROCESS","flowType":"PRODUCT_FLOW"},{"@type":"Process","@id":"fd10df5f-a5e3-4e29-b860-9829155f7e2b","name":"Stage 2: Transportation","category":"Case 1: Hydrogen Production (Cradle-to-gate 1) with CCS (kg)/Stage 2: Hydrogen Production","processType":"UNIT_PROCESS","flowType":"PRODUCT_FLOW"},{"@type":"Process","@id":"3a213c3b-85e0-42b4-8687-6f4ac60e0a47","name":"CCS: Capital Goods","category":"Case 1: Hydrogen Production (Cradle-to-gate 1) with CCS (kg)/Carbon capture and storage","processType":"UNIT_PROCESS","flowType":"PRODUCT_FLOW"},{"@type":"Process","@id":"e881ec52-dd50-425d-8ffb-263e1f970cc5","name":"CCS: Transportation","category":"Case 1: Hydrogen Production (Cradle-to-gate 1) with CCS (kg)/Carbon capture and storage","processType":"UNIT_PROCESS","flowType":"PRODUCT_FLOW"},{"@type":"Process","@id":"c553bcd9-bce0-4080-a8ae-2fc02476375a","name":"Hydrogen Production","category":"Case 1: Hydrogen Production (Cradle-to-gate 1) with CCS (kg)/Stage 2: Hydrogen Production","processType":"UNIT_PROCESS","flowType":"PRODUCT_FLOW"},{"@type":"Process","@id":"78c7ba1b-59f0-41c5-8b38-74969b6ca4f7","name":"Carbon capture and storage","category":"Case 1: Hydrogen Production (Cradle-to-gate 1) with CCS (kg)/Carbon capture and storage","processType":"UNIT_PROCESS","flowType":"PRODUCT_FLOW"},{"@type":"Process","@id":"0fc955fe-c8a4-4a7e-ad75-6a7975781fa2","name":"CCS: Energy Consumption","category":"Case 1: Hydrogen Production (Cradle-to-gate 1) with CCS (kg)/Carbon capture and storage","processType":"UNIT_PROCESS","flowType":"PRODUCT_FLOW"}],"processLinks":[{"provider":{"@type":"Process","@id":"c553bcd9-bce0-4080-a8ae-2fc02476375a","name":"Hydrogen Production","category":"Case 1: Hydrogen Production (Cradle-to-gate 1) with CCS (kg)/Stage 2: Hydrogen Production","processType":"UNIT_PROCESS","flowType":"PRODUCT_FLOW"},"flow":{"@type":"Flow","@id":"3ba1157e-3bc9-4552-8623-d565e4594a8e","name":"Hydrogen Production","flowType":"PRODUCT_FLOW","refUnit":"kg"},"process":{"@type":"Process","@id":"edfd93ae-ca70-4429-a77c-850398de7ac0","name":"Hydrogen Production (Cradle-to-gate 1) with CCS (kg)","category":"Case 1: Hydrogen Production (Cradle-to-gate 1) with CCS (kg)","processType":"UNIT_PROCESS","flowType":"PRODUCT_FLOW"},"exchange":{"@type":"Exchange","internalId":3}},{"provider":{"@type":"Process","@id":"0fc955fe-c8a4-4a7e-ad75-6a7975781fa2","name":"CCS: Energy Consumption","category":"Case 1: Hydrogen Production (Cradle-to-gate 1) with CCS (kg)/Carbon capture and storage","processType":"UNIT_PROCESS","flowType":"PRODUCT_FLOW"},"flow":{"@type":"Flow","@id":"92f2350b-1764-43bb-adeb-179feb8c93c6","name":"CCS: Energy Consumption","flowType":"PRODUCT_FLOW","refUnit":"Item(s)"},"process":{"@type":"Process","@id":"78c7ba1b-59f0-41c5-8b38-74969b6ca4f7","name":"Carbon capture and storage","category":"Case 1: Hydrogen Production (Cradle-to-gate 1) with CCS (kg)/Carbon capture and storage","processType":"UNIT_PROCESS","flowType":"PRODUCT_FLOW"},"exchange":{"@type":"Exchange","internalId":3}},{"provider":{"@type":"Process","@id":"926e756c-9b2e-4c51-9ed5-5bd2bed5192a","name":"Stage 2: Raw Materials","category":"Case 1: Hydrogen Production (Cradle-to-gate 1) with CCS (kg)/Stage 2: Hydrogen Production","processType":"UNIT_PROCESS","flowType":"PRODUCT_FLOW"},"flow":{"@type":"Flow","@id":"364d87b5-99a3-4b87-b24a-1429225883da","name":"Stage 2: Raw Materials","flowType":"PRODUCT_FLOW","refUnit":"Item(s)"},"process":{"@type":"Process","@id":"c553bcd9-bce0-4080-a8ae-2fc02476375a","name":"Hydrogen Production","category":"Case 1: Hydrogen Production (Cradle-to-gate 1) with CCS (kg)/Stage 2: Hydrogen Production","processType":"UNIT_PROCESS","flowType":"PRODUCT_FLOW"},"exchange":{"@type":"Exchange","internalId":2}},{"provider":{"@type":"Process","@id":"3a213c3b-85e0-42b4-8687-6f4ac60e0a47","name":"CCS: Capital Goods","category":"Case 1: Hydrogen Production (Cradle-to-gate 1) with CCS (kg)/Carbon capture and storage","processType":"UNIT_PROCESS","flowType":"PRODUCT_FLOW"},"flow":{"@type":"Flow","@id":"780f34b7-8c65-4224-b9e0-cff8a12a0072","name":"CCS: Capital Goods","flowType":"PRODUCT_FLOW","refUnit":"Item(s)"},"process":{"@type":"Process","@id":"78c7ba1b-59f0-41c5-8b38-74969b6ca4f7","name":"Carbon capture and storage","category":"Case 1: Hydrogen Production (Cradle-to-gate 1) with CCS (kg)/Carbon capture and storage","processType":"UNIT_PROCESS","flowType":"PRODUCT_FLOW"},"exchange":{"@type":"Exchange","internalId":2}},{"provider":{"@type":"Process","@id":"7e0b78b8-a996-4b48-81e6-25711ae04427","name":"Stage 2: Energy Consumption","category":"Case 1: Hydrogen Production (Cradle-to-gate 1) with CCS (kg)/Stage 2: Hydrogen Production","processType":"UNIT_PROCESS","flowType":"PRODUCT_FLOW"},"flow":{"@type":"Flow","@id":"22d3c391-f73f-4e75-be86-210e2f094fd3","name":"Stage 2: Energy Consumption","flowType":"PRODUCT_FLOW","refUnit":"Item(s)"},"process":{"@type":"Process","@id":"c553bcd9-bce0-4080-a8ae-2fc02476375a","name":"Hydrogen Production","category":"Case 1: Hydrogen Production (Cradle-to-gate 1) with CCS (kg)/Stage 2: Hydrogen Production","processType":"UNIT_PROCESS","flowType":"PRODUCT_FLOW"},"exchange":{"@type":"Exchange","internalId":4}},{"provider":{"@type":"Process","@id":"78c7ba1b-59f0-41c5-8b38-74969b6ca4f7","name":"Carbon capture and storage","category":"Case 1: Hydrogen Production (Cradle-to-gate 1) with CCS (kg)/Carbon capture and storage","processType":"UNIT_PROCESS","flowType":"PRODUCT_FLOW"},"flow":{"@type":"Flow","@id":"1bd5e8e5-0f95-4372-b076-975454963e8c","name":"Carbon capture and storage","flowType":"PRODUCT_FLOW","refUnit":"Item(s)"},"process":{"@type":"Process","@id":"edfd93ae-ca70-4429-a77c-850398de7ac0","name":"Hydrogen Production (Cradle-to-gate 1) with CCS (kg)","category":"Case 1: Hydrogen Production (Cradle-to-gate 1) with CCS (kg)","processType":"UNIT_PROCESS","flowType":"PRODUCT_FLOW"},"exchange":{"@type":"Exchange","internalId":4}},{"provider":{"@type":"Process","@id":"b2f47ab9-95f5-45bb-bae6-5390350ac1c7","name":"CCS: Raw Materials","category":"Case 1: Hydrogen Production (Cradle-to-gate 1) with CCS (kg)/Carbon capture and storage","processType":"UNIT_PROCESS","flowType":"PRODUCT_FLOW"},"flow":{"@type":"Flow","@id":"a480bd84-e195-4cba-8270-0f1cd3498dbe","name":"CCS: Raw Materials","flowType":"PRODUCT_FLOW","refUnit":"Item(s)"},"process":{"@type":"Process","@id":"78c7ba1b-59f0-41c5-8b38-74969b6ca4f7","name":"Carbon capture and storage","category":"Case 1: Hydrogen Production (Cradle-to-gate 1) with CCS (kg)/Carbon capture and storage","processType":"UNIT_PROCESS","flowType":"PRODUCT_FLOW"},"exchange":{"@type":"Exchange","internalId":4}},{"provider":{"@type":"Process","@id":"68d384b3-3a44-480e-a05e-28971615d133","name":"Stage 2: Capital Goods","category":"Case 1: Hydrogen Production (Cradle-to-gate 1) with CCS (kg)/Stage 2: Hydrogen Production","processType":"UNIT_PROCESS","flowType":"PRODUCT_FLOW"},"flow":{"@type":"Flow","@id":"eb136cd4-a7a5-473d-abdf-75d3ca1866f6","name":"Stage 2: Capital Goods","flowType":"PRODUCT_FLOW","refUnit":"Item(s)"},"process":{"@type":"Process","@id":"c553bcd9-bce0-4080-a8ae-2fc02476375a","name":"Hydrogen Production","category":"Case 1: Hydrogen Production (Cradle-to-gate 1) with CCS (kg)/Stage 2: Hydrogen Production","processType":"UNIT_PROCESS","flowType":"PRODUCT_FLOW"},"exchange":{"@type":"Exchange","internalId":3}},{"provider":{"@type":"Process","@id":"e881ec52-dd50-425d-8ffb-263e1f970cc5","name":"CCS: Transportation","category":"Case 1: Hydrogen Production (Cradle-to-gate 1) with CCS (kg)/Carbon capture and storage","processType":"UNIT_PROCESS","flowType":"PRODUCT_FLOW"},"flow":{"@type":"Flow","@id":"c0ae6cec-04e2-410c-892e-52d5563cb4e9","name":"CCS: Transportation","flowType":"PRODUCT_FLOW","refUnit":"Item(s)"},"process":{"@type":"Process","@id":"78c7ba1b-59f0-41c5-8b38-74969b6ca4f7","name":"Carbon capture and storage","category":"Case 1: Hydrogen Production (Cradle-to-gate 1) with CCS (kg)/Carbon capture and storage","processType":"UNIT_PROCESS","flowType":"PRODUCT_FLOW"},"exchange":{"@type":"Exchange","internalId":5}},{"provider":{"@type":"Process","@id":"fd10df5f-a5e3-4e29-b860-9829155f7e2b","name":"Stage 2: Transportation","category":"Case 1: Hydrogen Production (Cradle-to-gate 1) with CCS (kg)/Stage 2: Hydrogen Production","processType":"UNIT_PROCESS","flowType":"PRODUCT_FLOW"},"flow":{"@type":"Flow","@id":"54e0f1c1-8696-4a6e-93d3-d5460372c6fe","name":"Stage 2: Transportation","flowType":"PRODUCT_FLOW","refUnit":"Item(s)"},"process":{"@type":"Process","@id":"c553bcd9-bce0-4080-a8ae-2fc02476375a","name":"Hydrogen Production","category":"Case 1: Hydrogen Production (Cradle-to-gate 1) with CCS (kg)/Stage 2: Hydrogen Production","processType":"UNIT_PROCESS","flowType":"PRODUCT_FLOW"},"exchange":{"@type":"Exchange","internalId":5}}]}