{"@type":"Process","@id":"2892a6ba-453d-47cc-9db2-1a6e7435df43","name":"EoL Power Train","description":"","category":"System using hydrogen - for transportation/End of Life/EoL Power Train","version":"00.00.014","lastChange":"2023-07-03T13:40:16.701Z","processType":"UNIT_PROCESS","isInfrastructureProcess":false,"processDocumentation":{"isCopyrightProtected":false,"creationDate":"2023-05-12T11:18:23.509"},"lastInternalId":16,"dqSystem":{"@type":"DQSystem","@id":"e7ac7cf6-5457-453e-99f9-d889826fffe8","name":"ecoinvent Data Quality System"},"dqEntry":"(4;3;3;3;3)","exchangeDqSystem":{"@type":"DQSystem","@id":"e7ac7cf6-5457-453e-99f9-d889826fffe8","name":"ecoinvent Data Quality System"},"parameters":[],"exchanges":[{"@type":"Exchange","isAvoidedProduct":false,"isInput":false,"amount":1.0,"internalId":16,"flow":{"@type":"Flow","@id":"9a047969-e9cb-4423-8ce0-f358f649a978","name":"Waste power electronic control unit","flowType":"WASTE_FLOW","refUnit":"Item(s)"},"unit":{"@type":"Unit","@id":"6dabe201-aaac-4509-92f0-d00c26cb72ab","name":"Item(s)"},"flowProperty":{"@type":"FlowProperty","@id":"01846770-4cfe-4a25-8ad9-919d8d378345","name":"Number of items","category":"Technical flow properties","refUnit":"Item(s)"},"defaultProvider":{"@type":"Process","@id":"ca9f9496-0cf0-45c1-be82-d5be018411b7","name":"Waste power electronic control unit","category":"System using hydrogen - for transportation/End of Life/EoL Power Train","processType":"UNIT_PROCESS","flowType":"WASTE_FLOW"}},{"@type":"Exchange","isAvoidedProduct":false,"isInput":false,"amount":1.0,"internalId":14,"flow":{"@type":"Flow","@id":"6f11d105-efee-4c55-b125-10c408e7cf77","name":"Waste fuel cell module","flowType":"WASTE_FLOW","refUnit":"Item(s)"},"unit":{"@type":"Unit","@id":"6dabe201-aaac-4509-92f0-d00c26cb72ab","name":"Item(s)"},"flowProperty":{"@type":"FlowProperty","@id":"01846770-4cfe-4a25-8ad9-919d8d378345","name":"Number of items","category":"Technical flow properties","refUnit":"Item(s)"},"defaultProvider":{"@type":"Process","@id":"737e7c2d-228a-44b3-b5f7-1c1171bcf2a3","name":"Waste fuel cell module","category":"System using hydrogen - for transportation/End of Life/EoL Power Train","processType":"UNIT_PROCESS","flowType":"WASTE_FLOW"}},{"@type":"Exchange","isAvoidedProduct":false,"isInput":false,"amount":1.0,"internalId":11,"flow":{"@type":"Flow","@id":"45167d4d-831c-4f41-a3fc-8c7cdcc0b215","name":"SH2E Waste battery pack","flowType":"WASTE_FLOW","refUnit":"Item(s)"},"unit":{"@type":"Unit","@id":"6dabe201-aaac-4509-92f0-d00c26cb72ab","name":"Item(s)"},"flowProperty":{"@type":"FlowProperty","@id":"01846770-4cfe-4a25-8ad9-919d8d378345","name":"Number of items","category":"Technical flow properties","refUnit":"Item(s)"},"defaultProvider":{"@type":"Process","@id":"0688f261-d886-40be-beb9-2c0ddf71a88f","name":"Waste battery pack","category":"System using hydrogen - for transportation/End of Life/EoL Power Train","processType":"UNIT_PROCESS","flowType":"WASTE_FLOW"}},{"@type":"Exchange","isAvoidedProduct":false,"isInput":false,"amount":1.0,"internalId":13,"flow":{"@type":"Flow","@id":"79eaddfa-bbfc-4fbb-b811-da8ec3b40c9a","name":"SH2E Waste electric motor","flowType":"WASTE_FLOW","refUnit":"Item(s)"},"unit":{"@type":"Unit","@id":"6dabe201-aaac-4509-92f0-d00c26cb72ab","name":"Item(s)"},"flowProperty":{"@type":"FlowProperty","@id":"01846770-4cfe-4a25-8ad9-919d8d378345","name":"Number of items","category":"Technical flow properties","refUnit":"Item(s)"},"defaultProvider":{"@type":"Process","@id":"571c0bf8-2e21-44d9-8c0f-4a4cb673718d","name":"Waste electric motor","category":"System using hydrogen - for transportation/End of Life/EoL Power Train","processType":"UNIT_PROCESS","flowType":"WASTE_FLOW"}},{"@type":"Exchange","isAvoidedProduct":false,"isInput":false,"amount":1.0,"internalId":10,"flow":{"@type":"Flow","@id":"bc9ecdcd-7687-4be3-b411-1b957d0c5f56","name":"SH2E Waste balance of plant","flowType":"WASTE_FLOW","refUnit":"Item(s)"},"unit":{"@type":"Unit","@id":"6dabe201-aaac-4509-92f0-d00c26cb72ab","name":"Item(s)"},"flowProperty":{"@type":"FlowProperty","@id":"01846770-4cfe-4a25-8ad9-919d8d378345","name":"Number of items","category":"Technical flow properties","refUnit":"Item(s)"},"defaultProvider":{"@type":"Process","@id":"b0c8707c-db14-4168-8ff9-7e698cbc938f","name":"Waste balance of plant","category":"System using hydrogen - for transportation/End of Life/EoL Power Train","processType":"UNIT_PROCESS","flowType":"WASTE_FLOW"}},{"@type":"Exchange","isAvoidedProduct":false,"isInput":false,"amount":1.0,"internalId":15,"flow":{"@type":"Flow","@id":"9f24b3bb-5f41-4348-a50e-09b4d21765ba","name":"Waste hydrogen tank","flowType":"WASTE_FLOW","refUnit":"Item(s)"},"unit":{"@type":"Unit","@id":"6dabe201-aaac-4509-92f0-d00c26cb72ab","name":"Item(s)"},"flowProperty":{"@type":"FlowProperty","@id":"01846770-4cfe-4a25-8ad9-919d8d378345","name":"Number of items","category":"Technical flow properties","refUnit":"Item(s)"},"defaultProvider":{"@type":"Process","@id":"dc0c9b85-3c06-4a15-9a30-90b07ba139c3","name":"Waste hydrogen tank","category":"System using hydrogen - for transportation/End of Life","processType":"UNIT_PROCESS","flowType":"WASTE_FLOW"}},{"@type":"Exchange","isAvoidedProduct":false,"isInput":false,"amount":1.0,"internalId":12,"flow":{"@type":"Flow","@id":"ee973278-38c0-46c3-833c-ada147d1e36e","name":"Waste DC/DC converter","flowType":"WASTE_FLOW","refUnit":"Item(s)"},"unit":{"@type":"Unit","@id":"6dabe201-aaac-4509-92f0-d00c26cb72ab","name":"Item(s)"},"flowProperty":{"@type":"FlowProperty","@id":"01846770-4cfe-4a25-8ad9-919d8d378345","name":"Number of items","category":"Technical flow properties","refUnit":"Item(s)"},"defaultProvider":{"@type":"Process","@id":"f0e0f918-b4ab-43ed-b0a2-03022ac0ca53","name":"Waste DC/DC converter","category":"System using hydrogen - for transportation/End of Life/EoL Power Train","processType":"UNIT_PROCESS","flowType":"WASTE_FLOW"}},{"@type":"Exchange","isAvoidedProduct":false,"isInput":true,"amount":1.0,"internalId":1,"flow":{"@type":"Flow","@id":"1ba4fe62-7a2b-4bec-b254-c912878f11f8","name":"SH2E EoL Power Train","flowType":"WASTE_FLOW","refUnit":"Item(s)"},"unit":{"@type":"Unit","@id":"6dabe201-aaac-4509-92f0-d00c26cb72ab","name":"Item(s)"},"flowProperty":{"@type":"FlowProperty","@id":"01846770-4cfe-4a25-8ad9-919d8d378345","name":"Number of items","category":"Technical flow properties","refUnit":"Item(s)"},"isQuantitativeReference":true}],"socialAspects":[],"allocationFactors":[]}