{"@type":"Process","@id":"5e3f2b51-9372-43e0-b37d-013adeb237bb","name":"Vehicle Manufacturing","description":"","category":"System using hydrogen - for transportation/SH2E Production Stage","version":"00.00.010","lastChange":"2023-07-03T13:39:45.416Z","processType":"UNIT_PROCESS","isInfrastructureProcess":false,"processDocumentation":{"isCopyrightProtected":false,"creationDate":"2023-05-08T10:14:15.382"},"lastInternalId":2,"dqSystem":{"@type":"DQSystem","@id":"e7ac7cf6-5457-453e-99f9-d889826fffe8","name":"ecoinvent Data Quality System"},"dqEntry":"(1;1;4;5;1)","exchangeDqSystem":{"@type":"DQSystem","@id":"e7ac7cf6-5457-453e-99f9-d889826fffe8","name":"ecoinvent Data Quality System"},"parameters":[],"exchanges":[{"@type":"Exchange","isAvoidedProduct":false,"isInput":false,"amount":1.0,"internalId":1,"flow":{"@type":"Flow","@id":"7785d094-3029-46c4-a592-a639174858df","name":"glider, passenger car","category":"C:Manufacturing/29:Manufacture of motor vehicles, trailers and semi-trailers/291:Manufacture of motor vehicles/2910:Manufacture of motor vehicles","flowType":"PRODUCT_FLOW","refUnit":"kg"},"unit":{"@type":"Unit","@id":"20aadc24-a391-41cf-b340-3e4529f44bde","name":"kg"},"flowProperty":{"@type":"FlowProperty","@id":"93a60a56-a3c8-11da-a746-0800200b9a66","name":"Mass","category":"Technical flow properties","refUnit":"kg"},"isQuantitativeReference":true}],"socialAspects":[],"allocationFactors":[]}