{"@type":"Process","@id":"6a11b890-87fc-47dc-871c-e98d563a4830","name":"DC/DC converter manufacturing","description":"","category":"System using hydrogen - for transportation/SH2E Production Stage/Power Train Manufacturing","version":"00.00.014","lastChange":"2023-07-03T13:43:20.965Z","processType":"UNIT_PROCESS","isInfrastructureProcess":false,"processDocumentation":{"isCopyrightProtected":false,"creationDate":"2023-05-08T09:56:25.749"},"lastInternalId":2,"dqSystem":{"@type":"DQSystem","@id":"e7ac7cf6-5457-453e-99f9-d889826fffe8","name":"ecoinvent Data Quality System"},"dqEntry":"(1;4;5;4;2)","exchangeDqSystem":{"@type":"DQSystem","@id":"e7ac7cf6-5457-453e-99f9-d889826fffe8","name":"ecoinvent Data Quality System"},"parameters":[],"exchanges":[{"@type":"Exchange","isAvoidedProduct":false,"isInput":false,"amount":1.0,"internalId":1,"flow":{"@type":"Flow","@id":"db6cedc8-1f82-4c82-9036-087feec579f5","name":"converter, for electric passenger car","category":"C:Manufacturing/29:Manufacture of motor vehicles, trailers and semi-trailers/293:Manufacture of parts and accessories for motor vehicles/2930:Manufacture of parts and accessories for motor vehicles","flowType":"PRODUCT_FLOW","refUnit":"kg"},"unit":{"@type":"Unit","@id":"20aadc24-a391-41cf-b340-3e4529f44bde","name":"kg"},"flowProperty":{"@type":"FlowProperty","@id":"93a60a56-a3c8-11da-a746-0800200b9a66","name":"Mass","category":"Technical flow properties","refUnit":"kg"},"isQuantitativeReference":true}],"socialAspects":[],"allocationFactors":[]}