{"@type":"Process","@id":"77eaa6bc-f0b3-466a-861c-8fa5c3dbc563","name":"Balance of plant manufacturing","description":"","category":"System using hydrogen - for transportation/SH2E Production Stage/Power Train Manufacturing","version":"00.00.020","lastChange":"2023-07-03T13:43:20.965Z","processType":"UNIT_PROCESS","isInfrastructureProcess":false,"processDocumentation":{"isCopyrightProtected":false,"creationDate":"2023-05-08T09:55:25.042"},"lastInternalId":17,"dqSystem":{"@type":"DQSystem","@id":"e7ac7cf6-5457-453e-99f9-d889826fffe8","name":"ecoinvent Data Quality System"},"dqEntry":"(2;2;3;3;2)","exchangeDqSystem":{"@type":"DQSystem","@id":"e7ac7cf6-5457-453e-99f9-d889826fffe8","name":"ecoinvent Data Quality System"},"parameters":[],"exchanges":[{"@type":"Exchange","isAvoidedProduct":false,"isInput":false,"amount":1.0,"internalId":1,"flow":{"@type":"Flow","@id":"6e926b43-7093-48c4-9bc8-dc240eff909b","name":"Balance of plant","flowType":"PRODUCT_FLOW","refUnit":"Item(s)"},"unit":{"@type":"Unit","@id":"6dabe201-aaac-4509-92f0-d00c26cb72ab","name":"Item(s)"},"flowProperty":{"@type":"FlowProperty","@id":"01846770-4cfe-4a25-8ad9-919d8d378345","name":"Number of items","category":"Technical flow properties","refUnit":"Item(s)"},"isQuantitativeReference":true}],"socialAspects":[],"allocationFactors":[]}