{"@type":"Process","@id":"aa6bcc42-5f15-4ea4-a862-f747a49c6277","name":"Power Electronic Control Unit manufacturing","description":"","category":"System using hydrogen - for transportation/SH2E Production Stage/Power Train Manufacturing","version":"00.00.010","lastChange":"2023-07-03T13:43:20.974Z","processType":"UNIT_PROCESS","isInfrastructureProcess":false,"processDocumentation":{"isCopyrightProtected":false,"creationDate":"2023-05-08T09:57:45.110"},"lastInternalId":2,"dqSystem":{"@type":"DQSystem","@id":"e7ac7cf6-5457-453e-99f9-d889826fffe8","name":"ecoinvent Data Quality System"},"dqEntry":"(1;4;3;3;1)","exchangeDqSystem":{"@type":"DQSystem","@id":"e7ac7cf6-5457-453e-99f9-d889826fffe8","name":"ecoinvent Data Quality System"},"parameters":[],"exchanges":[{"@type":"Exchange","isAvoidedProduct":false,"isInput":false,"amount":1.0,"internalId":1,"flow":{"@type":"Flow","@id":"50c810aa-10bb-42a9-ab7f-b179493b58ac","name":"power distribution unit, for electric passenger car","category":"C:Manufacturing/27:Manufacture of electrical equipment/271:Manufacture of electric motors, generators, transformers and electricity distribution and control apparatus/2710:Manufacture of electric motors, generators, transformers and electricity di","flowType":"PRODUCT_FLOW","refUnit":"kg"},"unit":{"@type":"Unit","@id":"20aadc24-a391-41cf-b340-3e4529f44bde","name":"kg"},"flowProperty":{"@type":"FlowProperty","@id":"93a60a56-a3c8-11da-a746-0800200b9a66","name":"Mass","category":"Technical flow properties","refUnit":"kg"},"isQuantitativeReference":true}],"socialAspects":[],"allocationFactors":[]}