{"@type":"Process","@id":"ce5da598-84cf-4647-93c0-0f76177a1c46","name":"System using hydrogen - for transportation","description":"","category":"System using hydrogen - for transportation","version":"00.00.003","lastChange":"2023-07-03T13:49:39.475Z","processType":"UNIT_PROCESS","isInfrastructureProcess":false,"processDocumentation":{"isCopyrightProtected":false,"creationDate":"2023-07-03T15:48:23.120"},"lastInternalId":4,"parameters":[],"exchanges":[{"@type":"Exchange","isAvoidedProduct":false,"isInput":false,"amount":1.0,"internalId":1,"flow":{"@type":"Flow","@id":"17f4e4ea-170e-4fd7-89d4-fe4c659b9d6c","name":"distance travelled","flowType":"PRODUCT_FLOW","refUnit":"m"},"unit":{"@type":"Unit","@id":"715ca68e-0ac5-4c4b-b557-fdc36623be88","name":"km"},"flowProperty":{"@type":"FlowProperty","@id":"838aaa23-0117-11db-92e3-0800200c9a66","name":"Length","category":"Technical flow properties","refUnit":"m"},"isQuantitativeReference":true},{"@type":"Exchange","isAvoidedProduct":false,"isInput":true,"amount":1.0,"internalId":2,"flow":{"@type":"Flow","@id":"f8015f74-3542-4647-a641-9155982625e0","name":" Operational Stage","flowType":"PRODUCT_FLOW","refUnit":"Item(s)"},"unit":{"@type":"Unit","@id":"6dabe201-aaac-4509-92f0-d00c26cb72ab","name":"Item(s)"},"flowProperty":{"@type":"FlowProperty","@id":"01846770-4cfe-4a25-8ad9-919d8d378345","name":"Number of items","category":"Technical flow properties","refUnit":"Item(s)"},"defaultProvider":{"@type":"Process","@id":"d13d3f12-e1fb-4e67-a9d5-4740af78e1a7","name":"Operational Stage","category":"System using hydrogen - for transportation/Operational Stage","processType":"UNIT_PROCESS","flowType":"PRODUCT_FLOW"}},{"@type":"Exchange","isAvoidedProduct":false,"isInput":true,"amount":1.0,"internalId":3,"flow":{"@type":"Flow","@id":"a7d811b6-de99-498c-92b2-f3902e2907b8","name":"Production Stage","flowType":"PRODUCT_FLOW","refUnit":"Item(s)"},"unit":{"@type":"Unit","@id":"6dabe201-aaac-4509-92f0-d00c26cb72ab","name":"Item(s)"},"flowProperty":{"@type":"FlowProperty","@id":"01846770-4cfe-4a25-8ad9-919d8d378345","name":"Number of items","category":"Technical flow properties","refUnit":"Item(s)"},"defaultProvider":{"@type":"Process","@id":"dd4630e4-eeca-4224-9262-05d172cc8a81","name":"Production Stage","category":"System using hydrogen - for transportation/SH2E Production Stage","processType":"UNIT_PROCESS","flowType":"PRODUCT_FLOW"}},{"@type":"Exchange","isAvoidedProduct":false,"isInput":false,"amount":1.0,"internalId":4,"flow":{"@type":"Flow","@id":"a8613a70-4632-43aa-af52-68e6a974f911","name":"End of Life Overall","flowType":"WASTE_FLOW","refUnit":"Item(s)"},"unit":{"@type":"Unit","@id":"6dabe201-aaac-4509-92f0-d00c26cb72ab","name":"Item(s)"},"flowProperty":{"@type":"FlowProperty","@id":"01846770-4cfe-4a25-8ad9-919d8d378345","name":"Number of items","category":"Technical flow properties","refUnit":"Item(s)"},"defaultProvider":{"@type":"Process","@id":"a86dc3f9-b22f-407e-8742-0ca12f157627","name":"End of Life","category":"System using hydrogen - for transportation/End of Life","processType":"UNIT_PROCESS","flowType":"WASTE_FLOW"}}],"socialAspects":[],"allocationFactors":[]}