{"@type":"Process","@id":"ffc9b58c-7620-490b-bda7-6fde4e7761b0","name":"Power Train Manufacturing","description":"","category":"System using hydrogen - for transportation/SH2E Production Stage","version":"00.00.009","lastChange":"2023-07-03T13:39:45.416Z","processType":"UNIT_PROCESS","isInfrastructureProcess":false,"processDocumentation":{"isCopyrightProtected":false,"creationDate":"2023-05-08T10:13:44.710"},"lastInternalId":8,"dqSystem":{"@type":"DQSystem","@id":"e7ac7cf6-5457-453e-99f9-d889826fffe8","name":"ecoinvent Data Quality System"},"dqEntry":"(3;3;3;4;3)","exchangeDqSystem":{"@type":"DQSystem","@id":"e7ac7cf6-5457-453e-99f9-d889826fffe8","name":"ecoinvent Data Quality System"},"parameters":[],"exchanges":[{"@type":"Exchange","isAvoidedProduct":false,"isInput":false,"amount":1.0,"internalId":1,"flow":{"@type":"Flow","@id":"85bbcdc9-9877-40d3-afbe-8e06fd70bddc","name":"Power Train","flowType":"PRODUCT_FLOW","refUnit":"Item(s)"},"unit":{"@type":"Unit","@id":"6dabe201-aaac-4509-92f0-d00c26cb72ab","name":"Item(s)"},"flowProperty":{"@type":"FlowProperty","@id":"01846770-4cfe-4a25-8ad9-919d8d378345","name":"Number of items","category":"Technical flow properties","refUnit":"Item(s)"},"isQuantitativeReference":true},{"@type":"Exchange","isAvoidedProduct":false,"isInput":true,"baseUncertainty":1.0,"amount":1.0,"dqEntry":"(2;2;3;2;2)","internalId":6,"flow":{"@type":"Flow","@id":"9fbbf26c-f2cb-460c-bf54-911ac6370604","name":"Fuel cell module","flowType":"PRODUCT_FLOW","refUnit":"Item(s)"},"unit":{"@type":"Unit","@id":"6dabe201-aaac-4509-92f0-d00c26cb72ab","name":"Item(s)"},"flowProperty":{"@type":"FlowProperty","@id":"01846770-4cfe-4a25-8ad9-919d8d378345","name":"Number of items","category":"Technical flow properties","refUnit":"Item(s)"},"defaultProvider":{"@type":"Process","@id":"a0d9a59f-be1b-49e1-90a9-cb9fc1af4680","name":"Fuel Cell Module manufacturing","category":"System using hydrogen - for transportation/SH2E Production Stage/Power Train Manufacturing","processType":"UNIT_PROCESS","flowType":"PRODUCT_FLOW"}},{"@type":"Exchange","isAvoidedProduct":false,"isInput":true,"baseUncertainty":1.0,"amount":1.0,"dqEntry":"(1;4;3;3;1)","internalId":8,"flow":{"@type":"Flow","@id":"50c810aa-10bb-42a9-ab7f-b179493b58ac","name":"power distribution unit, for electric passenger car","category":"C:Manufacturing/27:Manufacture of electrical equipment/271:Manufacture of electric motors, generators, transformers and electricity distribution and control apparatus/2710:Manufacture of electric motors, generators, transformers and electricity di","flowType":"PRODUCT_FLOW","refUnit":"kg"},"unit":{"@type":"Unit","@id":"20aadc24-a391-41cf-b340-3e4529f44bde","name":"kg"},"flowProperty":{"@type":"FlowProperty","@id":"93a60a56-a3c8-11da-a746-0800200b9a66","name":"Mass","category":"Technical flow properties","refUnit":"kg"},"defaultProvider":{"@type":"Process","@id":"aa6bcc42-5f15-4ea4-a862-f747a49c6277","name":"Power Electronic Control Unit manufacturing","category":"System using hydrogen - for transportation/SH2E Production Stage/Power Train Manufacturing","processType":"UNIT_PROCESS","flowType":"PRODUCT_FLOW"}},{"@type":"Exchange","isAvoidedProduct":false,"isInput":true,"baseUncertainty":1.0,"amount":1.0,"dqEntry":"(1;4;3;4;1)","internalId":5,"flow":{"@type":"Flow","@id":"3b02c7eb-5df6-46ad-a39d-51c588aa75dc","name":"electric motor, electric passenger car","category":"C:Manufacturing/27:Manufacture of electrical equipment/271:Manufacture of electric motors, generators, transformers and electricity distribution and control apparatus/2710:Manufacture of electric motors, generators, transformers and electricity di","flowType":"PRODUCT_FLOW","refUnit":"kg"},"unit":{"@type":"Unit","@id":"20aadc24-a391-41cf-b340-3e4529f44bde","name":"kg"},"flowProperty":{"@type":"FlowProperty","@id":"93a60a56-a3c8-11da-a746-0800200b9a66","name":"Mass","category":"Technical flow properties","refUnit":"kg"},"defaultProvider":{"@type":"Process","@id":"addf819a-b491-437d-ba2b-444fd64fef25","name":"Electric motor manufacturing","category":"System using hydrogen - for transportation/SH2E Production Stage/Power Train Manufacturing","processType":"UNIT_PROCESS","flowType":"PRODUCT_FLOW"}},{"@type":"Exchange","isAvoidedProduct":false,"isInput":true,"baseUncertainty":1.0,"amount":1.0,"dqEntry":"(3;2;3;2;2)","internalId":3,"flow":{"@type":"Flow","@id":"4cbf5fb3-e920-464e-9120-b13642ab6dce","name":"Battery pack","flowType":"PRODUCT_FLOW","refUnit":"Item(s)"},"unit":{"@type":"Unit","@id":"6dabe201-aaac-4509-92f0-d00c26cb72ab","name":"Item(s)"},"flowProperty":{"@type":"FlowProperty","@id":"01846770-4cfe-4a25-8ad9-919d8d378345","name":"Number of items","category":"Technical flow properties","refUnit":"Item(s)"},"defaultProvider":{"@type":"Process","@id":"9e1a2133-9441-47cc-b960-fc35e573da17","name":"Battery pack manufacturing","category":"System using hydrogen - for transportation/SH2E Production Stage/Power Train Manufacturing","processType":"UNIT_PROCESS","flowType":"PRODUCT_FLOW"}},{"@type":"Exchange","isAvoidedProduct":false,"isInput":true,"baseUncertainty":1.0,"amount":1.0,"dqEntry":"(1;4;3;3;1)","internalId":4,"flow":{"@type":"Flow","@id":"db6cedc8-1f82-4c82-9036-087feec579f5","name":"converter, for electric passenger car","category":"C:Manufacturing/29:Manufacture of motor vehicles, trailers and semi-trailers/293:Manufacture of parts and accessories for motor vehicles/2930:Manufacture of parts and accessories for motor vehicles","flowType":"PRODUCT_FLOW","refUnit":"kg"},"unit":{"@type":"Unit","@id":"20aadc24-a391-41cf-b340-3e4529f44bde","name":"kg"},"flowProperty":{"@type":"FlowProperty","@id":"93a60a56-a3c8-11da-a746-0800200b9a66","name":"Mass","category":"Technical flow properties","refUnit":"kg"},"defaultProvider":{"@type":"Process","@id":"6a11b890-87fc-47dc-871c-e98d563a4830","name":"DC/DC converter manufacturing","category":"System using hydrogen - for transportation/SH2E Production Stage/Power Train Manufacturing","processType":"UNIT_PROCESS","flowType":"PRODUCT_FLOW"}},{"@type":"Exchange","isAvoidedProduct":false,"isInput":true,"baseUncertainty":1.0,"amount":1.0,"dqEntry":"(2;2;3;3;1)","internalId":2,"flow":{"@type":"Flow","@id":"6e926b43-7093-48c4-9bc8-dc240eff909b","name":"Balance of plant","flowType":"PRODUCT_FLOW","refUnit":"Item(s)"},"unit":{"@type":"Unit","@id":"6dabe201-aaac-4509-92f0-d00c26cb72ab","name":"Item(s)"},"flowProperty":{"@type":"FlowProperty","@id":"01846770-4cfe-4a25-8ad9-919d8d378345","name":"Number of items","category":"Technical flow properties","refUnit":"Item(s)"},"defaultProvider":{"@type":"Process","@id":"77eaa6bc-f0b3-466a-861c-8fa5c3dbc563","name":"Balance of plant manufacturing","category":"System using hydrogen - for transportation/SH2E Production Stage/Power Train Manufacturing","processType":"UNIT_PROCESS","flowType":"PRODUCT_FLOW"}}],"socialAspects":[],"allocationFactors":[]}