{"@type":"Process","@id":"2616d74c-db5a-4d88-a2da-58c5248f068c","name":"Downstream Process: End-of-Life","description":"","category":"Case 2: Hydrogen Use (Cradle-to-grave) for fuel production (MJ)/Downstream Process (gate-to-grave)","version":"00.00.001","lastChange":"2023-08-21T09:23:15.400Z","processType":"UNIT_PROCESS","isInfrastructureProcess":false,"processDocumentation":{"isCopyrightProtected":false,"creationDate":"2023-08-21T11:03:24.782"},"lastInternalId":1,"parameters":[],"exchanges":[{"@type":"Exchange","isAvoidedProduct":false,"isInput":true,"amount":1.0,"internalId":1,"flow":{"@type":"Flow","@id":"b02bfda4-f830-4c7f-b672-10102e5d804f","name":"Downstream Process: End-of-Life","flowType":"WASTE_FLOW","refUnit":"Item(s)"},"unit":{"@type":"Unit","@id":"6dabe201-aaac-4509-92f0-d00c26cb72ab","name":"Item(s)"},"flowProperty":{"@type":"FlowProperty","@id":"01846770-4cfe-4a25-8ad9-919d8d378345","name":"Number of items","category":"Technical flow properties","refUnit":"Item(s)"},"isQuantitativeReference":true}],"socialAspects":[],"allocationFactors":[]}