{"@type":"Process","@id":"40285c91-2035-4a18-a755-d25f83ab2e14","name":"Core Process: Waste Treatment","description":"","category":"Case 2: Hydrogen Use (Cradle-to-grave) for fuel production (MJ)/Core Processes (gate-to-gate)","version":"00.00.001","lastChange":"2023-08-21T09:22:29.268Z","processType":"UNIT_PROCESS","isInfrastructureProcess":false,"processDocumentation":{"isCopyrightProtected":false,"creationDate":"2023-08-21T10:58:30.730"},"lastInternalId":1,"parameters":[],"exchanges":[{"@type":"Exchange","isAvoidedProduct":false,"isInput":true,"amount":1.0,"internalId":1,"flow":{"@type":"Flow","@id":"fcb757ef-ab5e-4942-b991-aad99a302384","name":"Core Process: Waste Treatment","flowType":"WASTE_FLOW","refUnit":"Item(s)"},"unit":{"@type":"Unit","@id":"6dabe201-aaac-4509-92f0-d00c26cb72ab","name":"Item(s)"},"flowProperty":{"@type":"FlowProperty","@id":"01846770-4cfe-4a25-8ad9-919d8d378345","name":"Number of items","category":"Technical flow properties","refUnit":"Item(s)"},"isQuantitativeReference":true}],"socialAspects":[],"allocationFactors":[]}