{"@type":"Process","@id":"501a647b-37c6-443f-ab28-b4082e9c150a","name":"Upstream Process: Energy Consumption","description":"","category":"Case 2: Hydrogen Use (Cradle-to-grave) for fuel production (MJ)/Upstream Processes (cradle-to-gate)","version":"00.00.001","lastChange":"2023-08-21T09:25:48.361Z","processType":"UNIT_PROCESS","isInfrastructureProcess":false,"processDocumentation":{"isCopyrightProtected":false,"creationDate":"2023-08-21T10:47:31.012"},"lastInternalId":1,"parameters":[],"exchanges":[{"@type":"Exchange","isAvoidedProduct":false,"isInput":false,"amount":1.0,"internalId":1,"flow":{"@type":"Flow","@id":"1fa63d02-e0d1-4a3d-a726-52c466fac35c","name":"Upstream Process: Energy Consumption","flowType":"PRODUCT_FLOW","refUnit":"Item(s)"},"unit":{"@type":"Unit","@id":"6dabe201-aaac-4509-92f0-d00c26cb72ab","name":"Item(s)"},"flowProperty":{"@type":"FlowProperty","@id":"01846770-4cfe-4a25-8ad9-919d8d378345","name":"Number of items","category":"Technical flow properties","refUnit":"Item(s)"},"isQuantitativeReference":true}],"socialAspects":[],"allocationFactors":[]}