{"@type":"Process","@id":"a71edeb7-364f-4c59-a6c2-87541f115d50","name":"Upstream Process: Raw Material Extraction","description":"","category":"Case 2: Hydrogen Use (Cradle-to-grave) for fuel production (MJ)/Upstream Processes (cradle-to-gate)","version":"00.00.001","lastChange":"2023-08-21T09:25:48.356Z","processType":"UNIT_PROCESS","isInfrastructureProcess":false,"processDocumentation":{"isCopyrightProtected":false,"creationDate":"2023-08-21T10:41:51.019"},"lastInternalId":1,"parameters":[],"exchanges":[{"@type":"Exchange","isAvoidedProduct":false,"isInput":false,"amount":1.0,"internalId":1,"flow":{"@type":"Flow","@id":"e420ddcc-901a-4a95-9a96-1e2e285cbb75","name":"Upstream Process: Raw Material Extraction","flowType":"PRODUCT_FLOW","refUnit":"Item(s)"},"unit":{"@type":"Unit","@id":"6dabe201-aaac-4509-92f0-d00c26cb72ab","name":"Item(s)"},"flowProperty":{"@type":"FlowProperty","@id":"01846770-4cfe-4a25-8ad9-919d8d378345","name":"Number of items","category":"Technical flow properties","refUnit":"Item(s)"},"isQuantitativeReference":true}],"socialAspects":[],"allocationFactors":[]}