{"@type":"Process","@id":"c0a5c7d9-7701-4f44-86e4-ff661efdc7b3","name":"Stage 3: Capital Goods","description":"","category":"Case 1: Hydrogen Production (Cradle-to-gate 6) (kg)/Stage 3: Hydrogen Purification","version":"00.00.015","lastChange":"2024-03-27T10:36:11.900Z","processType":"UNIT_PROCESS","isInfrastructureProcess":false,"processDocumentation":{"isCopyrightProtected":false,"creationDate":"2023-08-11T12:27:55.460"},"lastInternalId":1,"parameters":[],"exchanges":[{"@type":"Exchange","isAvoidedProduct":false,"isInput":false,"amount":1.0,"internalId":1,"flow":{"@type":"Flow","@id":"7510368d-3662-4d40-b937-36f998d84391","name":"Stage 3: Capital Goods","flowType":"PRODUCT_FLOW","refUnit":"Item(s)"},"unit":{"@type":"Unit","@id":"6dabe201-aaac-4509-92f0-d00c26cb72ab","name":"Item(s)"},"flowProperty":{"@type":"FlowProperty","@id":"01846770-4cfe-4a25-8ad9-919d8d378345","name":"Number of items","category":"Technical flow properties","refUnit":"Item(s)"},"isQuantitativeReference":true}],"socialAspects":[],"allocationFactors":[]}