{"@type":"Process","@id":"fc07442f-445d-4365-a15b-4fe28453db0e","name":"Downstream Process","description":"","category":"Case 2: Hydrogen Use (Cradle-to-grave) for fuel production (MJ)/Downstream Process (gate-to-grave)","version":"00.00.003","lastChange":"2023-10-04T13:48:37.052Z","processType":"UNIT_PROCESS","isInfrastructureProcess":false,"processDocumentation":{"isCopyrightProtected":false,"creationDate":"2023-08-21T10:54:53.231"},"lastInternalId":7,"parameters":[],"exchanges":[{"@type":"Exchange","isAvoidedProduct":false,"isInput":false,"amount":1.0,"internalId":1,"flow":{"@type":"Flow","@id":"c7506cf9-6c3e-4f86-9248-dd6dd9a7979c","name":"Downstream Process","flowType":"PRODUCT_FLOW","refUnit":"Item(s)"},"unit":{"@type":"Unit","@id":"6dabe201-aaac-4509-92f0-d00c26cb72ab","name":"Item(s)"},"flowProperty":{"@type":"FlowProperty","@id":"01846770-4cfe-4a25-8ad9-919d8d378345","name":"Number of items","category":"Technical flow properties","refUnit":"Item(s)"},"isQuantitativeReference":true},{"@type":"Exchange","isAvoidedProduct":false,"isInput":false,"amount":1.0,"internalId":7,"flow":{"@type":"Flow","@id":"b02bfda4-f830-4c7f-b672-10102e5d804f","name":"Downstream Process: End-of-Life","flowType":"WASTE_FLOW","refUnit":"Item(s)"},"unit":{"@type":"Unit","@id":"6dabe201-aaac-4509-92f0-d00c26cb72ab","name":"Item(s)"},"flowProperty":{"@type":"FlowProperty","@id":"01846770-4cfe-4a25-8ad9-919d8d378345","name":"Number of items","category":"Technical flow properties","refUnit":"Item(s)"},"defaultProvider":{"@type":"Process","@id":"2616d74c-db5a-4d88-a2da-58c5248f068c","name":"Downstream Process: End-of-Life","category":"Case 2: Hydrogen Use (Cradle-to-grave) for fuel production (MJ)/Downstream Process (gate-to-grave)","processType":"UNIT_PROCESS","flowType":"WASTE_FLOW"}},{"@type":"Exchange","isAvoidedProduct":false,"isInput":true,"amount":1.0,"internalId":6,"flow":{"@type":"Flow","@id":"bb0920ae-5e02-4285-90a0-0e6c93fe25ff","name":"Downstream Process: Use","flowType":"PRODUCT_FLOW","refUnit":"Item(s)"},"unit":{"@type":"Unit","@id":"6dabe201-aaac-4509-92f0-d00c26cb72ab","name":"Item(s)"},"flowProperty":{"@type":"FlowProperty","@id":"01846770-4cfe-4a25-8ad9-919d8d378345","name":"Number of items","category":"Technical flow properties","refUnit":"Item(s)"},"defaultProvider":{"@type":"Process","@id":"3c473905-255b-4466-854c-6ef3d485dde6","name":"Downstream Process: Use","category":"Case 2: Hydrogen Use (Cradle-to-grave) for fuel production (MJ)/Downstream Process (gate-to-grave)","processType":"UNIT_PROCESS","flowType":"PRODUCT_FLOW"}},{"@type":"Exchange","isAvoidedProduct":false,"isInput":true,"amount":1.0,"internalId":5,"flow":{"@type":"Flow","@id":"6d6f755b-387a-415c-aa21-8beb221054e7","name":"Downstream Process: Distribution","flowType":"PRODUCT_FLOW","refUnit":"Item(s)"},"unit":{"@type":"Unit","@id":"6dabe201-aaac-4509-92f0-d00c26cb72ab","name":"Item(s)"},"flowProperty":{"@type":"FlowProperty","@id":"01846770-4cfe-4a25-8ad9-919d8d378345","name":"Number of items","category":"Technical flow properties","refUnit":"Item(s)"},"defaultProvider":{"@type":"Process","@id":"2d1ed109-b592-406b-91bd-8bcdcb0d08cb","name":"Downstream Process: Distribution","category":"Case 2: Hydrogen Use (Cradle-to-grave) for fuel production (MJ)/Downstream Process (gate-to-grave)","processType":"UNIT_PROCESS","flowType":"PRODUCT_FLOW"}}],"socialAspects":[],"allocationFactors":[]}