{"@type":"ProductSystem","@id":"f9dfc41a-ca81-4277-914a-592e12167bbb","name":"Hydrogen Production (Cradle-to-gate 5) (MJ)","description":"First created: 2024-03-27T09:36:44\nLinking approach during creation: Prefer default providers; Preferred process type: System process","version":"00.00.000","lastChange":"2024-03-27T08:36:44.920Z","refProcess":{"@type":"Process","@id":"1534d738-7354-420b-bb87-f1d189f92c2f","name":"Hydrogen Production (Cradle-to-gate 5) (MJ)","category":"Case 1: Hydrogen Production (Cradle-to-gate 5) (MJ)","processType":"UNIT_PROCESS","flowType":"PRODUCT_FLOW"},"refExchange":{"@type":"Exchange","internalId":1,"flow":{"@type":"Flow","@id":"336b406f-d6b6-421c-9857-1616c1fdb853","name":"Hydrogen Produced","flowType":"PRODUCT_FLOW","refUnit":"MJ"}},"targetFlowProperty":{"@type":"FlowProperty","@id":"f6811440-ee37-11de-8a39-0800200c9a66","name":"Energy","category":"Technical flow properties","refUnit":"MJ"},"targetUnit":{"@type":"Unit","@id":"52765a6c-3896-43c2-b2f4-c679acf13efe","name":"MJ"},"targetAmount":1.0,"processes":[{"@type":"Process","@id":"24583d9f-708e-4e38-b841-62586dba20ef","name":"Stage 4: Capital Goods","category":"Case 1: Hydrogen Production (Cradle-to-gate 5) (MJ)/Stage 4: Hydrogen Compression","processType":"UNIT_PROCESS","flowType":"PRODUCT_FLOW"},{"@type":"Process","@id":"2780ea03-8543-4d6d-a491-f18be6f5f0ff","name":"Stage 3: Transportation","category":"Case 1: Hydrogen Production (Cradle-to-gate 5) (MJ)/Stage 3: Hydrogen Purification","processType":"UNIT_PROCESS","flowType":"PRODUCT_FLOW"},{"@type":"Process","@id":"59558599-9aaf-4c8d-8fac-7b4328e7c918","name":"Hydrogen Production","category":"Case 1: Hydrogen Production (Cradle-to-gate 5) (MJ)/Stage 2: Hydrogen Production","processType":"UNIT_PROCESS","flowType":"PRODUCT_FLOW"},{"@type":"Process","@id":"be29093a-efca-4761-88db-21aad162acb1","name":"Stage 2: Raw Materials","category":"Case 1: Hydrogen Production (Cradle-to-gate 5) (MJ)/Stage 2: Hydrogen Production","processType":"UNIT_PROCESS","flowType":"PRODUCT_FLOW"},{"@type":"Process","@id":"1534d738-7354-420b-bb87-f1d189f92c2f","name":"Hydrogen Production (Cradle-to-gate 5) (MJ)","category":"Case 1: Hydrogen Production (Cradle-to-gate 5) (MJ)","processType":"UNIT_PROCESS","flowType":"PRODUCT_FLOW"},{"@type":"Process","@id":"0283d986-4701-448b-b729-f6a351cd8253","name":"Stage 6: Energy Consumption","category":"Case 1: Hydrogen Production (Cradle-to-gate 5) (MJ)/Stage 6: Hydrogen Storage","processType":"UNIT_PROCESS","flowType":"PRODUCT_FLOW"},{"@type":"Process","@id":"895baf52-fbbe-42e0-a775-0da5785117ce","name":"Stage 4: Energy Consumption","category":"Case 1: Hydrogen Production (Cradle-to-gate 5) (MJ)/Stage 4: Hydrogen Compression","processType":"UNIT_PROCESS","flowType":"PRODUCT_FLOW"},{"@type":"Process","@id":"6ea93952-4414-4ec1-b9b2-ebe8b01868b9","name":"Stage 6: Capital Goods","category":"Case 1: Hydrogen Production (Cradle-to-gate 5) (MJ)/Stage 6: Hydrogen Storage","processType":"UNIT_PROCESS","flowType":"PRODUCT_FLOW"},{"@type":"Process","@id":"e9620795-4a71-423b-acf9-39aeb5ed8f60","name":"Hydrogen Storage","category":"Case 1: Hydrogen Production (Cradle-to-gate 5) (MJ)/Stage 6: Hydrogen Storage","processType":"UNIT_PROCESS","flowType":"PRODUCT_FLOW"},{"@type":"Process","@id":"230b62ce-fd8f-4c71-ac2c-79e9c3ee7c37","name":"Stage 3: Raw Materials","category":"Case 1: Hydrogen Production (Cradle-to-gate 5) (MJ)/Stage 3: Hydrogen Purification","processType":"UNIT_PROCESS","flowType":"PRODUCT_FLOW"},{"@type":"Process","@id":"d861918d-f19b-4a2f-a35f-0f064b826c94","name":"Hydrogen Compression","category":"Case 1: Hydrogen Production (Cradle-to-gate 5) (MJ)/Stage 4: Hydrogen Compression","processType":"UNIT_PROCESS","flowType":"PRODUCT_FLOW"},{"@type":"Process","@id":"91a30053-f905-48c0-aef8-1ee673dc842f","name":"Stage 2: Transportation","category":"Case 1: Hydrogen Production (Cradle-to-gate 5) (MJ)/Stage 2: Hydrogen Production","processType":"UNIT_PROCESS","flowType":"PRODUCT_FLOW"},{"@type":"Process","@id":"f3a80d9e-686a-457f-b691-33edda6e75c5","name":"Stage 6: Transportation","category":"Case 1: Hydrogen Production (Cradle-to-gate 5) (MJ)/Stage 6: Hydrogen Storage","processType":"UNIT_PROCESS","flowType":"PRODUCT_FLOW"},{"@type":"Process","@id":"7293f560-928e-41a1-b2d2-fe92f4500524","name":"Stage 2: Energy Consumption","category":"Case 1: Hydrogen Production (Cradle-to-gate 5) (MJ)/Stage 2: Hydrogen Production","processType":"UNIT_PROCESS","flowType":"PRODUCT_FLOW"},{"@type":"Process","@id":"db98c61c-0380-4351-8701-db476246210d","name":"Stage 3: Energy Consumption","category":"Case 1: Hydrogen Production (Cradle-to-gate 5) (MJ)/Stage 3: Hydrogen Purification","processType":"UNIT_PROCESS","flowType":"PRODUCT_FLOW"},{"@type":"Process","@id":"e70f924d-3968-469f-8b80-4160e65ccb28","name":"Transport of Compressed H2","category":"Case 1: Hydrogen Production (Cradle-to-gate 5) (MJ)/Stage 5: Transportation","processType":"UNIT_PROCESS","flowType":"PRODUCT_FLOW"},{"@type":"Process","@id":"69798335-6d62-4a8e-b667-8ead18781f89","name":"Stage 4: Transportation","category":"Case 1: Hydrogen Production (Cradle-to-gate 5) (MJ)/Stage 4: Hydrogen Compression","processType":"UNIT_PROCESS","flowType":"PRODUCT_FLOW"},{"@type":"Process","@id":"7b3699f0-7709-48e1-9b59-134d0c45099b","name":"Stage 4: Raw Materials","category":"Case 1: Hydrogen Production (Cradle-to-gate 5) (MJ)/Stage 4: Hydrogen Compression","processType":"UNIT_PROCESS","flowType":"PRODUCT_FLOW"},{"@type":"Process","@id":"78ee9c43-2241-48de-9204-89948ff5a28b","name":"Stage 2: Capital Goods","category":"Case 1: Hydrogen Production (Cradle-to-gate 5) (MJ)/Stage 2: Hydrogen Production","processType":"UNIT_PROCESS","flowType":"PRODUCT_FLOW"},{"@type":"Process","@id":"9bb47166-60c1-4718-bb86-0a05fd6be91a","name":"Stage 6: Raw Material","category":"Case 1: Hydrogen Production (Cradle-to-gate 5) (MJ)/Stage 6: Hydrogen Storage","processType":"UNIT_PROCESS","flowType":"PRODUCT_FLOW"},{"@type":"Process","@id":"f8b917b7-e9e4-423c-8e06-7c823a5a0e14","name":"Hydrogen Purification","category":"Case 1: Hydrogen Production (Cradle-to-gate 5) (MJ)/Stage 3: Hydrogen Purification","processType":"UNIT_PROCESS","flowType":"PRODUCT_FLOW"},{"@type":"Process","@id":"2cc5b99c-d877-43c7-b616-516656537e97","name":"Stage 3: Capital Goods","category":"Case 1: Hydrogen Production (Cradle-to-gate 5) (MJ)/Stage 3: Hydrogen Purification","processType":"UNIT_PROCESS","flowType":"PRODUCT_FLOW"}],"processLinks":[{"provider":{"@type":"Process","@id":"59558599-9aaf-4c8d-8fac-7b4328e7c918","name":"Hydrogen Production","category":"Case 1: Hydrogen Production (Cradle-to-gate 5) (MJ)/Stage 2: Hydrogen Production","processType":"UNIT_PROCESS","flowType":"PRODUCT_FLOW"},"flow":{"@type":"Flow","@id":"3ba1157e-3bc9-4552-8623-d565e4594a8e","name":"Hydrogen Production","flowType":"PRODUCT_FLOW","refUnit":"kg"},"process":{"@type":"Process","@id":"1534d738-7354-420b-bb87-f1d189f92c2f","name":"Hydrogen Production (Cradle-to-gate 5) (MJ)","category":"Case 1: Hydrogen Production (Cradle-to-gate 5) (MJ)","processType":"UNIT_PROCESS","flowType":"PRODUCT_FLOW"},"exchange":{"@type":"Exchange","internalId":9}},{"provider":{"@type":"Process","@id":"24583d9f-708e-4e38-b841-62586dba20ef","name":"Stage 4: Capital Goods","category":"Case 1: Hydrogen Production (Cradle-to-gate 5) (MJ)/Stage 4: Hydrogen Compression","processType":"UNIT_PROCESS","flowType":"PRODUCT_FLOW"},"flow":{"@type":"Flow","@id":"debc9e81-39a2-4cb8-bd4a-962ac0a48fe2","name":"Stage 4: Capital Goods","flowType":"PRODUCT_FLOW","refUnit":"Item(s)"},"process":{"@type":"Process","@id":"d861918d-f19b-4a2f-a35f-0f064b826c94","name":"Hydrogen Compression","category":"Case 1: Hydrogen Production (Cradle-to-gate 5) (MJ)/Stage 4: Hydrogen Compression","processType":"UNIT_PROCESS","flowType":"PRODUCT_FLOW"},"exchange":{"@type":"Exchange","internalId":6}},{"provider":{"@type":"Process","@id":"9bb47166-60c1-4718-bb86-0a05fd6be91a","name":"Stage 6: Raw Material","category":"Case 1: Hydrogen Production (Cradle-to-gate 5) (MJ)/Stage 6: Hydrogen Storage","processType":"UNIT_PROCESS","flowType":"PRODUCT_FLOW"},"flow":{"@type":"Flow","@id":"2466b18c-d6f6-4a8d-b4a8-0a15d4eee5d8","name":"Stage 6: Raw Material","flowType":"PRODUCT_FLOW","refUnit":"Item(s)"},"process":{"@type":"Process","@id":"e9620795-4a71-423b-acf9-39aeb5ed8f60","name":"Hydrogen Storage","category":"Case 1: Hydrogen Production (Cradle-to-gate 5) (MJ)/Stage 6: Hydrogen Storage","processType":"UNIT_PROCESS","flowType":"PRODUCT_FLOW"},"exchange":{"@type":"Exchange","internalId":9}},{"provider":{"@type":"Process","@id":"d861918d-f19b-4a2f-a35f-0f064b826c94","name":"Hydrogen Compression","category":"Case 1: Hydrogen Production (Cradle-to-gate 5) (MJ)/Stage 4: Hydrogen Compression","processType":"UNIT_PROCESS","flowType":"PRODUCT_FLOW"},"flow":{"@type":"Flow","@id":"581291b9-1017-4cd6-80dc-48e6bb8a6152","name":"Hydrogen Compression","flowType":"PRODUCT_FLOW","refUnit":"kg"},"process":{"@type":"Process","@id":"1534d738-7354-420b-bb87-f1d189f92c2f","name":"Hydrogen Production (Cradle-to-gate 5) (MJ)","category":"Case 1: Hydrogen Production (Cradle-to-gate 5) (MJ)","processType":"UNIT_PROCESS","flowType":"PRODUCT_FLOW"},"exchange":{"@type":"Exchange","internalId":11}},{"provider":{"@type":"Process","@id":"7b3699f0-7709-48e1-9b59-134d0c45099b","name":"Stage 4: Raw Materials","category":"Case 1: Hydrogen Production (Cradle-to-gate 5) (MJ)/Stage 4: Hydrogen Compression","processType":"UNIT_PROCESS","flowType":"PRODUCT_FLOW"},"flow":{"@type":"Flow","@id":"9d88774f-2ef7-4f35-9ab0-82560f51cd8f","name":"Stage 4: Raw Materials","flowType":"PRODUCT_FLOW","refUnit":"Item(s)"},"process":{"@type":"Process","@id":"d861918d-f19b-4a2f-a35f-0f064b826c94","name":"Hydrogen Compression","category":"Case 1: Hydrogen Production (Cradle-to-gate 5) (MJ)/Stage 4: Hydrogen Compression","processType":"UNIT_PROCESS","flowType":"PRODUCT_FLOW"},"exchange":{"@type":"Exchange","internalId":8}},{"provider":{"@type":"Process","@id":"f3a80d9e-686a-457f-b691-33edda6e75c5","name":"Stage 6: Transportation","category":"Case 1: Hydrogen Production (Cradle-to-gate 5) (MJ)/Stage 6: Hydrogen Storage","processType":"UNIT_PROCESS","flowType":"PRODUCT_FLOW"},"flow":{"@type":"Flow","@id":"ebf7d24c-1ef1-45db-873e-a613ba25658f","name":"Stage 6: Transportation","flowType":"PRODUCT_FLOW","refUnit":"Item(s)"},"process":{"@type":"Process","@id":"e9620795-4a71-423b-acf9-39aeb5ed8f60","name":"Hydrogen Storage","category":"Case 1: Hydrogen Production (Cradle-to-gate 5) (MJ)/Stage 6: Hydrogen Storage","processType":"UNIT_PROCESS","flowType":"PRODUCT_FLOW"},"exchange":{"@type":"Exchange","internalId":10}},{"provider":{"@type":"Process","@id":"e9620795-4a71-423b-acf9-39aeb5ed8f60","name":"Hydrogen Storage","category":"Case 1: Hydrogen Production (Cradle-to-gate 5) (MJ)/Stage 6: Hydrogen Storage","processType":"UNIT_PROCESS","flowType":"PRODUCT_FLOW"},"flow":{"@type":"Flow","@id":"ddcb3fc8-b182-4c3f-bc03-4adb918c9eb9","name":"Hydrogen Storage","flowType":"PRODUCT_FLOW","refUnit":"kg"},"process":{"@type":"Process","@id":"1534d738-7354-420b-bb87-f1d189f92c2f","name":"Hydrogen Production (Cradle-to-gate 5) (MJ)","category":"Case 1: Hydrogen Production (Cradle-to-gate 5) (MJ)","processType":"UNIT_PROCESS","flowType":"PRODUCT_FLOW"},"exchange":{"@type":"Exchange","internalId":13}},{"provider":{"@type":"Process","@id":"895baf52-fbbe-42e0-a775-0da5785117ce","name":"Stage 4: Energy Consumption","category":"Case 1: Hydrogen Production (Cradle-to-gate 5) (MJ)/Stage 4: Hydrogen Compression","processType":"UNIT_PROCESS","flowType":"PRODUCT_FLOW"},"flow":{"@type":"Flow","@id":"8f178ca4-a2d3-4cb8-a70b-1ca27570c0d9","name":"Stage 4: Energy Consumption","flowType":"PRODUCT_FLOW","refUnit":"Item(s)"},"process":{"@type":"Process","@id":"d861918d-f19b-4a2f-a35f-0f064b826c94","name":"Hydrogen Compression","category":"Case 1: Hydrogen Production (Cradle-to-gate 5) (MJ)/Stage 4: Hydrogen Compression","processType":"UNIT_PROCESS","flowType":"PRODUCT_FLOW"},"exchange":{"@type":"Exchange","internalId":7}},{"provider":{"@type":"Process","@id":"0283d986-4701-448b-b729-f6a351cd8253","name":"Stage 6: Energy Consumption","category":"Case 1: Hydrogen Production (Cradle-to-gate 5) (MJ)/Stage 6: Hydrogen Storage","processType":"UNIT_PROCESS","flowType":"PRODUCT_FLOW"},"flow":{"@type":"Flow","@id":"9fb43c79-3aff-4bd4-8e3f-2627746a4b4e","name":"Stage 6: Energy Consumption","flowType":"PRODUCT_FLOW","refUnit":"Item(s)"},"process":{"@type":"Process","@id":"e9620795-4a71-423b-acf9-39aeb5ed8f60","name":"Hydrogen Storage","category":"Case 1: Hydrogen Production (Cradle-to-gate 5) (MJ)/Stage 6: Hydrogen Storage","processType":"UNIT_PROCESS","flowType":"PRODUCT_FLOW"},"exchange":{"@type":"Exchange","internalId":8}},{"provider":{"@type":"Process","@id":"e70f924d-3968-469f-8b80-4160e65ccb28","name":"Transport of Compressed H2","category":"Case 1: Hydrogen Production (Cradle-to-gate 5) (MJ)/Stage 5: Transportation","processType":"UNIT_PROCESS","flowType":"PRODUCT_FLOW"},"flow":{"@type":"Flow","@id":"195f4f2f-5d57-49cf-ab78-3dfc31f2d81b","name":"Transport of Compressed H2","flowType":"PRODUCT_FLOW","refUnit":"kg"},"process":{"@type":"Process","@id":"1534d738-7354-420b-bb87-f1d189f92c2f","name":"Hydrogen Production (Cradle-to-gate 5) (MJ)","category":"Case 1: Hydrogen Production (Cradle-to-gate 5) (MJ)","processType":"UNIT_PROCESS","flowType":"PRODUCT_FLOW"},"exchange":{"@type":"Exchange","internalId":12}},{"provider":{"@type":"Process","@id":"69798335-6d62-4a8e-b667-8ead18781f89","name":"Stage 4: Transportation","category":"Case 1: Hydrogen Production (Cradle-to-gate 5) (MJ)/Stage 4: Hydrogen Compression","processType":"UNIT_PROCESS","flowType":"PRODUCT_FLOW"},"flow":{"@type":"Flow","@id":"ef6ad59a-275b-4032-821b-a57de476667e","name":"Stage 4: Transportation","flowType":"PRODUCT_FLOW","refUnit":"Item(s)"},"process":{"@type":"Process","@id":"d861918d-f19b-4a2f-a35f-0f064b826c94","name":"Hydrogen Compression","category":"Case 1: Hydrogen Production (Cradle-to-gate 5) (MJ)/Stage 4: Hydrogen Compression","processType":"UNIT_PROCESS","flowType":"PRODUCT_FLOW"},"exchange":{"@type":"Exchange","internalId":9}},{"provider":{"@type":"Process","@id":"6ea93952-4414-4ec1-b9b2-ebe8b01868b9","name":"Stage 6: Capital Goods","category":"Case 1: Hydrogen Production (Cradle-to-gate 5) (MJ)/Stage 6: Hydrogen Storage","processType":"UNIT_PROCESS","flowType":"PRODUCT_FLOW"},"flow":{"@type":"Flow","@id":"3ba22990-3d38-4d35-a7dc-14390d8402bb","name":"Stage 6: Capital Goods","flowType":"PRODUCT_FLOW","refUnit":"Item(s)"},"process":{"@type":"Process","@id":"e9620795-4a71-423b-acf9-39aeb5ed8f60","name":"Hydrogen Storage","category":"Case 1: Hydrogen Production (Cradle-to-gate 5) (MJ)/Stage 6: Hydrogen Storage","processType":"UNIT_PROCESS","flowType":"PRODUCT_FLOW"},"exchange":{"@type":"Exchange","internalId":7}},{"provider":{"@type":"Process","@id":"f8b917b7-e9e4-423c-8e06-7c823a5a0e14","name":"Hydrogen Purification","category":"Case 1: Hydrogen Production (Cradle-to-gate 5) (MJ)/Stage 3: Hydrogen Purification","processType":"UNIT_PROCESS","flowType":"PRODUCT_FLOW"},"flow":{"@type":"Flow","@id":"21df2c2b-25d8-4984-9a31-01d2af511f1c","name":"Hydrogen Purification","flowType":"PRODUCT_FLOW","refUnit":"kg"},"process":{"@type":"Process","@id":"1534d738-7354-420b-bb87-f1d189f92c2f","name":"Hydrogen Production (Cradle-to-gate 5) (MJ)","category":"Case 1: Hydrogen Production (Cradle-to-gate 5) (MJ)","processType":"UNIT_PROCESS","flowType":"PRODUCT_FLOW"},"exchange":{"@type":"Exchange","internalId":10}},{"provider":{"@type":"Process","@id":"78ee9c43-2241-48de-9204-89948ff5a28b","name":"Stage 2: Capital Goods","category":"Case 1: Hydrogen Production (Cradle-to-gate 5) (MJ)/Stage 2: Hydrogen Production","processType":"UNIT_PROCESS","flowType":"PRODUCT_FLOW"},"flow":{"@type":"Flow","@id":"eb136cd4-a7a5-473d-abdf-75d3ca1866f6","name":"Stage 2: Capital Goods","flowType":"PRODUCT_FLOW","refUnit":"Item(s)"},"process":{"@type":"Process","@id":"59558599-9aaf-4c8d-8fac-7b4328e7c918","name":"Hydrogen Production","category":"Case 1: Hydrogen Production (Cradle-to-gate 5) (MJ)/Stage 2: Hydrogen Production","processType":"UNIT_PROCESS","flowType":"PRODUCT_FLOW"},"exchange":{"@type":"Exchange","internalId":6}},{"provider":{"@type":"Process","@id":"2780ea03-8543-4d6d-a491-f18be6f5f0ff","name":"Stage 3: Transportation","category":"Case 1: Hydrogen Production (Cradle-to-gate 5) (MJ)/Stage 3: Hydrogen Purification","processType":"UNIT_PROCESS","flowType":"PRODUCT_FLOW"},"flow":{"@type":"Flow","@id":"9016044c-0b7a-4f53-88b2-65b93ba7394e","name":"Stage 3: Transportation","flowType":"PRODUCT_FLOW","refUnit":"Item(s)"},"process":{"@type":"Process","@id":"f8b917b7-e9e4-423c-8e06-7c823a5a0e14","name":"Hydrogen Purification","category":"Case 1: Hydrogen Production (Cradle-to-gate 5) (MJ)/Stage 3: Hydrogen Purification","processType":"UNIT_PROCESS","flowType":"PRODUCT_FLOW"},"exchange":{"@type":"Exchange","internalId":9}},{"provider":{"@type":"Process","@id":"91a30053-f905-48c0-aef8-1ee673dc842f","name":"Stage 2: Transportation","category":"Case 1: Hydrogen Production (Cradle-to-gate 5) (MJ)/Stage 2: Hydrogen Production","processType":"UNIT_PROCESS","flowType":"PRODUCT_FLOW"},"flow":{"@type":"Flow","@id":"54e0f1c1-8696-4a6e-93d3-d5460372c6fe","name":"Stage 2: Transportation","flowType":"PRODUCT_FLOW","refUnit":"Item(s)"},"process":{"@type":"Process","@id":"59558599-9aaf-4c8d-8fac-7b4328e7c918","name":"Hydrogen Production","category":"Case 1: Hydrogen Production (Cradle-to-gate 5) (MJ)/Stage 2: Hydrogen Production","processType":"UNIT_PROCESS","flowType":"PRODUCT_FLOW"},"exchange":{"@type":"Exchange","internalId":9}},{"provider":{"@type":"Process","@id":"db98c61c-0380-4351-8701-db476246210d","name":"Stage 3: Energy Consumption","category":"Case 1: Hydrogen Production (Cradle-to-gate 5) (MJ)/Stage 3: Hydrogen Purification","processType":"UNIT_PROCESS","flowType":"PRODUCT_FLOW"},"flow":{"@type":"Flow","@id":"c4f2aa43-1d3a-40fa-b829-ca5e1dc155ab","name":"Stage 3: Energy Consumption","flowType":"PRODUCT_FLOW","refUnit":"Item(s)"},"process":{"@type":"Process","@id":"f8b917b7-e9e4-423c-8e06-7c823a5a0e14","name":"Hydrogen Purification","category":"Case 1: Hydrogen Production (Cradle-to-gate 5) (MJ)/Stage 3: Hydrogen Purification","processType":"UNIT_PROCESS","flowType":"PRODUCT_FLOW"},"exchange":{"@type":"Exchange","internalId":7}},{"provider":{"@type":"Process","@id":"be29093a-efca-4761-88db-21aad162acb1","name":"Stage 2: Raw Materials","category":"Case 1: Hydrogen Production (Cradle-to-gate 5) (MJ)/Stage 2: Hydrogen Production","processType":"UNIT_PROCESS","flowType":"PRODUCT_FLOW"},"flow":{"@type":"Flow","@id":"364d87b5-99a3-4b87-b24a-1429225883da","name":"Stage 2: Raw Materials","flowType":"PRODUCT_FLOW","refUnit":"Item(s)"},"process":{"@type":"Process","@id":"59558599-9aaf-4c8d-8fac-7b4328e7c918","name":"Hydrogen Production","category":"Case 1: Hydrogen Production (Cradle-to-gate 5) (MJ)/Stage 2: Hydrogen Production","processType":"UNIT_PROCESS","flowType":"PRODUCT_FLOW"},"exchange":{"@type":"Exchange","internalId":8}},{"provider":{"@type":"Process","@id":"2cc5b99c-d877-43c7-b616-516656537e97","name":"Stage 3: Capital Goods","category":"Case 1: Hydrogen Production (Cradle-to-gate 5) (MJ)/Stage 3: Hydrogen Purification","processType":"UNIT_PROCESS","flowType":"PRODUCT_FLOW"},"flow":{"@type":"Flow","@id":"7510368d-3662-4d40-b937-36f998d84391","name":"Stage 3: Capital Goods","flowType":"PRODUCT_FLOW","refUnit":"Item(s)"},"process":{"@type":"Process","@id":"f8b917b7-e9e4-423c-8e06-7c823a5a0e14","name":"Hydrogen Purification","category":"Case 1: Hydrogen Production (Cradle-to-gate 5) (MJ)/Stage 3: Hydrogen Purification","processType":"UNIT_PROCESS","flowType":"PRODUCT_FLOW"},"exchange":{"@type":"Exchange","internalId":6}},{"provider":{"@type":"Process","@id":"7293f560-928e-41a1-b2d2-fe92f4500524","name":"Stage 2: Energy Consumption","category":"Case 1: Hydrogen Production (Cradle-to-gate 5) (MJ)/Stage 2: Hydrogen Production","processType":"UNIT_PROCESS","flowType":"PRODUCT_FLOW"},"flow":{"@type":"Flow","@id":"22d3c391-f73f-4e75-be86-210e2f094fd3","name":"Stage 2: Energy Consumption","flowType":"PRODUCT_FLOW","refUnit":"Item(s)"},"process":{"@type":"Process","@id":"59558599-9aaf-4c8d-8fac-7b4328e7c918","name":"Hydrogen Production","category":"Case 1: Hydrogen Production (Cradle-to-gate 5) (MJ)/Stage 2: Hydrogen Production","processType":"UNIT_PROCESS","flowType":"PRODUCT_FLOW"},"exchange":{"@type":"Exchange","internalId":7}},{"provider":{"@type":"Process","@id":"230b62ce-fd8f-4c71-ac2c-79e9c3ee7c37","name":"Stage 3: Raw Materials","category":"Case 1: Hydrogen Production (Cradle-to-gate 5) (MJ)/Stage 3: Hydrogen Purification","processType":"UNIT_PROCESS","flowType":"PRODUCT_FLOW"},"flow":{"@type":"Flow","@id":"31d416e0-4fa1-4cf0-a139-ef4ccbba3351","name":"Stage 3: Raw Materials","flowType":"PRODUCT_FLOW","refUnit":"Item(s)"},"process":{"@type":"Process","@id":"f8b917b7-e9e4-423c-8e06-7c823a5a0e14","name":"Hydrogen Purification","category":"Case 1: Hydrogen Production (Cradle-to-gate 5) (MJ)/Stage 3: Hydrogen Purification","processType":"UNIT_PROCESS","flowType":"PRODUCT_FLOW"},"exchange":{"@type":"Exchange","internalId":8}}]}