{"@type":"UnitGroup","@id":"5beb6eed-33a9-47b8-9ede-1dfe8f679159","name":"Units of items","category":"Technical unit groups","version":"00.00.000","defaultFlowProperty":{"@type":"FlowProperty","@id":"01846770-4cfe-4a25-8ad9-919d8d378345","name":"Number of items","category":"Technical flow properties","refUnit":"Item(s)"},"units":[{"@type":"Unit","@id":"6dabe201-aaac-4509-92f0-d00c26cb72ab","name":"Item(s)","description":"Number of items","conversionFactor":1.0,"synonyms":["unit","LU","pig place","p"],"isRefUnit":true},{"@type":"Unit","@id":"3bd6c6c3-bb61-46f3-b19a-c87ac5502bb7","name":"Dozen(s)","description":"Dozen(s) of items","conversionFactor":12.0}]}