{"@type":"Process","@id":"f325c7c5-2cd0-43c8-9db9-fc0ab8e6c9ca","name":"Vehicle Production: Hydrogen Tank","description":"","category":"Case 2: Hydrogen Use (Cradle-to-grave) for transportation (p.km)/Vehicle Production","version":"00.00.003","lastChange":"2023-08-16T14:30:19.463Z","processType":"UNIT_PROCESS","isInfrastructureProcess":false,"processDocumentation":{"isCopyrightProtected":false,"creationDate":"2023-08-16T16:14:22.602"},"lastInternalId":1,"parameters":[],"exchanges":[{"@type":"Exchange","isAvoidedProduct":false,"isInput":false,"amount":1.0,"internalId":1,"flow":{"@type":"Flow","@id":"fc12d454-3028-45bf-ab37-c3f3c179684b","name":"Vehicle Production: Hydrogen Tank","flowType":"PRODUCT_FLOW","refUnit":"Item(s)"},"unit":{"@type":"Unit","@id":"6dabe201-aaac-4509-92f0-d00c26cb72ab","name":"Item(s)"},"flowProperty":{"@type":"FlowProperty","@id":"01846770-4cfe-4a25-8ad9-919d8d378345","name":"Number of items","category":"Technical flow properties","refUnit":"Item(s)"},"isQuantitativeReference":true}],"socialAspects":[],"allocationFactors":[]}