{"@type":"ProductSystem","@id":"9c491645-ea3a-4ff5-930f-26c9db87c548","name":"Hydrogen Production (Cradle-to-gate 3) (kg)","description":"First created: 2023-10-02T15:05:07\nLinking approach during creation: Prefer default providers; Preferred process type: System process","version":"00.00.002","lastChange":"2024-03-25T10:14:11.214Z","refProcess":{"@type":"Process","@id":"29ab6881-723f-465d-aadc-c6bf20f04a11","name":"Hydrogen Production (Cradle-to-gate 3) (kg)","category":"Case 1: Hydrogen Production (Cradle-to-gate 3) (kg)","processType":"UNIT_PROCESS","flowType":"PRODUCT_FLOW"},"refExchange":{"@type":"Exchange","internalId":1,"flow":{"@type":"Flow","@id":"d31da2b8-1c04-412f-9761-8ef267880120","name":"Hydrogen Produced","flowType":"PRODUCT_FLOW","refUnit":"kg"}},"targetFlowProperty":{"@type":"FlowProperty","@id":"93a60a56-a3c8-11da-a746-0800200b9a66","name":"Mass","category":"Technical flow properties","refUnit":"kg"},"targetUnit":{"@type":"Unit","@id":"20aadc24-a391-41cf-b340-3e4529f44bde","name":"kg"},"targetAmount":1.0,"processes":[{"@type":"Process","@id":"835977ee-7ae2-4424-875c-2a140c34f165","name":"Stage 2: Raw Materials","category":"Case 1: Hydrogen Production (Cradle-to-gate 3) (kg)/Stage 2: Hydrogen Production","processType":"UNIT_PROCESS","flowType":"PRODUCT_FLOW"},{"@type":"Process","@id":"29ab6881-723f-465d-aadc-c6bf20f04a11","name":"Hydrogen Production (Cradle-to-gate 3) (kg)","category":"Case 1: Hydrogen Production (Cradle-to-gate 3) (kg)","processType":"UNIT_PROCESS","flowType":"PRODUCT_FLOW"},{"@type":"Process","@id":"623e3f21-112d-40b6-a454-55865f33d8ea","name":"Hydrogen Production","category":"Case 1: Hydrogen Production (Cradle-to-gate 3) (kg)/Stage 2: Hydrogen Production","processType":"UNIT_PROCESS","flowType":"PRODUCT_FLOW"},{"@type":"Process","@id":"ac1167b3-7dee-42a2-8184-6672add800ab","name":"Hydrogen Purification","category":"Case 1: Hydrogen Production (Cradle-to-gate 3) (kg)/Stage 3: Hydrogen Purification","processType":"UNIT_PROCESS","flowType":"PRODUCT_FLOW"},{"@type":"Process","@id":"1cb99784-1a91-4d57-bfd1-e9fa936fde83","name":"Stage 3: Raw Materials","category":"Case 1: Hydrogen Production (Cradle-to-gate 3) (kg)/Stage 3: Hydrogen Purification","processType":"UNIT_PROCESS","flowType":"PRODUCT_FLOW"},{"@type":"Process","@id":"56d590a9-df48-4cc9-bf03-c2e537289e81","name":"Stage 3: Energy Consumption","category":"Case 1: Hydrogen Production (Cradle-to-gate 3) (kg)/Stage 3: Hydrogen Purification","processType":"UNIT_PROCESS","flowType":"PRODUCT_FLOW"},{"@type":"Process","@id":"144e5924-e576-42f8-bf75-ea96b378b752","name":"Stage 3: Transportation","category":"Case 1: Hydrogen Production (Cradle-to-gate 3) (kg)/Stage 3: Hydrogen Purification","processType":"UNIT_PROCESS","flowType":"PRODUCT_FLOW"},{"@type":"Process","@id":"6fbccff6-32ae-40c9-9344-ccc71bab9198","name":"Stage 2: Capital Goods","category":"Case 1: Hydrogen Production (Cradle-to-gate 3) (kg)/Stage 2: Hydrogen Production","processType":"UNIT_PROCESS","flowType":"PRODUCT_FLOW"},{"@type":"Process","@id":"c013c197-c1d5-4914-82ba-7ab473d6d30f","name":"Stage 4: Capital Goods","category":"Case 1: Hydrogen Production (Cradle-to-gate 3) (kg)/Stage 4: Hydrogen Compression","processType":"UNIT_PROCESS","flowType":"PRODUCT_FLOW"},{"@type":"Process","@id":"ae3342eb-366d-47d8-9d73-538c8866fced","name":"Stage 2: Energy Consumption","category":"Case 1: Hydrogen Production (Cradle-to-gate 3) (kg)/Stage 2: Hydrogen Production","processType":"UNIT_PROCESS","flowType":"PRODUCT_FLOW"},{"@type":"Process","@id":"6bb37a7e-4e34-4cb1-b2d0-c0c6135a1568","name":"Stage 3: Capital Goods","category":"Case 1: Hydrogen Production (Cradle-to-gate 3) (kg)/Stage 3: Hydrogen Purification","processType":"UNIT_PROCESS","flowType":"PRODUCT_FLOW"},{"@type":"Process","@id":"3a04f076-fefb-4d95-8e01-0df78ab1f276","name":"Stage 4: Raw Materials","category":"Case 1: Hydrogen Production (Cradle-to-gate 3) (kg)/Stage 4: Hydrogen Compression","processType":"UNIT_PROCESS","flowType":"PRODUCT_FLOW"},{"@type":"Process","@id":"2da92fe4-488f-4afe-81b4-def1bca06d95","name":"Stage 2: Transportation","category":"Case 1: Hydrogen Production (Cradle-to-gate 3) (kg)/Stage 2: Hydrogen Production","processType":"UNIT_PROCESS","flowType":"PRODUCT_FLOW"},{"@type":"Process","@id":"cc0af0d6-cf3c-45ca-b2c8-e3c5dc7440f2","name":"Stage 4: Transportation","category":"Case 1: Hydrogen Production (Cradle-to-gate 3) (kg)/Stage 4: Hydrogen Compression","processType":"UNIT_PROCESS","flowType":"PRODUCT_FLOW"},{"@type":"Process","@id":"b51de398-9e48-497a-bf98-c116e9f67f78","name":"Stage 4: Energy Consumption","category":"Case 1: Hydrogen Production (Cradle-to-gate 3) (kg)/Stage 4: Hydrogen Compression","processType":"UNIT_PROCESS","flowType":"PRODUCT_FLOW"},{"@type":"Process","@id":"d31e8757-bf28-446a-a0c2-9c334f302259","name":"Hydrogen Compression","category":"Case 1: Hydrogen Production (Cradle-to-gate 3) (kg)/Stage 4: Hydrogen Compression","processType":"UNIT_PROCESS","flowType":"PRODUCT_FLOW"}],"processLinks":[{"provider":{"@type":"Process","@id":"6fbccff6-32ae-40c9-9344-ccc71bab9198","name":"Stage 2: Capital Goods","category":"Case 1: Hydrogen Production (Cradle-to-gate 3) (kg)/Stage 2: Hydrogen Production","processType":"UNIT_PROCESS","flowType":"PRODUCT_FLOW"},"flow":{"@type":"Flow","@id":"eb136cd4-a7a5-473d-abdf-75d3ca1866f6","name":"Stage 2: Capital Goods","flowType":"PRODUCT_FLOW","refUnit":"Item(s)"},"process":{"@type":"Process","@id":"623e3f21-112d-40b6-a454-55865f33d8ea","name":"Hydrogen Production","category":"Case 1: Hydrogen Production (Cradle-to-gate 3) (kg)/Stage 2: Hydrogen Production","processType":"UNIT_PROCESS","flowType":"PRODUCT_FLOW"},"exchange":{"@type":"Exchange","internalId":6}},{"provider":{"@type":"Process","@id":"ae3342eb-366d-47d8-9d73-538c8866fced","name":"Stage 2: Energy Consumption","category":"Case 1: Hydrogen Production (Cradle-to-gate 3) (kg)/Stage 2: Hydrogen Production","processType":"UNIT_PROCESS","flowType":"PRODUCT_FLOW"},"flow":{"@type":"Flow","@id":"22d3c391-f73f-4e75-be86-210e2f094fd3","name":"Stage 2: Energy Consumption","flowType":"PRODUCT_FLOW","refUnit":"Item(s)"},"process":{"@type":"Process","@id":"623e3f21-112d-40b6-a454-55865f33d8ea","name":"Hydrogen Production","category":"Case 1: Hydrogen Production (Cradle-to-gate 3) (kg)/Stage 2: Hydrogen Production","processType":"UNIT_PROCESS","flowType":"PRODUCT_FLOW"},"exchange":{"@type":"Exchange","internalId":7}},{"provider":{"@type":"Process","@id":"835977ee-7ae2-4424-875c-2a140c34f165","name":"Stage 2: Raw Materials","category":"Case 1: Hydrogen Production (Cradle-to-gate 3) (kg)/Stage 2: Hydrogen Production","processType":"UNIT_PROCESS","flowType":"PRODUCT_FLOW"},"flow":{"@type":"Flow","@id":"364d87b5-99a3-4b87-b24a-1429225883da","name":"Stage 2: Raw Materials","flowType":"PRODUCT_FLOW","refUnit":"Item(s)"},"process":{"@type":"Process","@id":"623e3f21-112d-40b6-a454-55865f33d8ea","name":"Hydrogen Production","category":"Case 1: Hydrogen Production (Cradle-to-gate 3) (kg)/Stage 2: Hydrogen Production","processType":"UNIT_PROCESS","flowType":"PRODUCT_FLOW"},"exchange":{"@type":"Exchange","internalId":8}},{"provider":{"@type":"Process","@id":"cc0af0d6-cf3c-45ca-b2c8-e3c5dc7440f2","name":"Stage 4: Transportation","category":"Case 1: Hydrogen Production (Cradle-to-gate 3) (kg)/Stage 4: Hydrogen Compression","processType":"UNIT_PROCESS","flowType":"PRODUCT_FLOW"},"flow":{"@type":"Flow","@id":"ef6ad59a-275b-4032-821b-a57de476667e","name":"Stage 4: Transportation","flowType":"PRODUCT_FLOW","refUnit":"Item(s)"},"process":{"@type":"Process","@id":"d31e8757-bf28-446a-a0c2-9c334f302259","name":"Hydrogen Compression","category":"Case 1: Hydrogen Production (Cradle-to-gate 3) (kg)/Stage 4: Hydrogen Compression","processType":"UNIT_PROCESS","flowType":"PRODUCT_FLOW"},"exchange":{"@type":"Exchange","internalId":9}},{"provider":{"@type":"Process","@id":"6bb37a7e-4e34-4cb1-b2d0-c0c6135a1568","name":"Stage 3: Capital Goods","category":"Case 1: Hydrogen Production (Cradle-to-gate 3) (kg)/Stage 3: Hydrogen Purification","processType":"UNIT_PROCESS","flowType":"PRODUCT_FLOW"},"flow":{"@type":"Flow","@id":"7510368d-3662-4d40-b937-36f998d84391","name":"Stage 3: Capital Goods","flowType":"PRODUCT_FLOW","refUnit":"Item(s)"},"process":{"@type":"Process","@id":"ac1167b3-7dee-42a2-8184-6672add800ab","name":"Hydrogen Purification","category":"Case 1: Hydrogen Production (Cradle-to-gate 3) (kg)/Stage 3: Hydrogen Purification","processType":"UNIT_PROCESS","flowType":"PRODUCT_FLOW"},"exchange":{"@type":"Exchange","internalId":6}},{"provider":{"@type":"Process","@id":"56d590a9-df48-4cc9-bf03-c2e537289e81","name":"Stage 3: Energy Consumption","category":"Case 1: Hydrogen Production (Cradle-to-gate 3) (kg)/Stage 3: Hydrogen Purification","processType":"UNIT_PROCESS","flowType":"PRODUCT_FLOW"},"flow":{"@type":"Flow","@id":"c4f2aa43-1d3a-40fa-b829-ca5e1dc155ab","name":"Stage 3: Energy Consumption","flowType":"PRODUCT_FLOW","refUnit":"Item(s)"},"process":{"@type":"Process","@id":"ac1167b3-7dee-42a2-8184-6672add800ab","name":"Hydrogen Purification","category":"Case 1: Hydrogen Production (Cradle-to-gate 3) (kg)/Stage 3: Hydrogen Purification","processType":"UNIT_PROCESS","flowType":"PRODUCT_FLOW"},"exchange":{"@type":"Exchange","internalId":7}},{"provider":{"@type":"Process","@id":"1cb99784-1a91-4d57-bfd1-e9fa936fde83","name":"Stage 3: Raw Materials","category":"Case 1: Hydrogen Production (Cradle-to-gate 3) (kg)/Stage 3: Hydrogen Purification","processType":"UNIT_PROCESS","flowType":"PRODUCT_FLOW"},"flow":{"@type":"Flow","@id":"31d416e0-4fa1-4cf0-a139-ef4ccbba3351","name":"Stage 3: Raw Materials","flowType":"PRODUCT_FLOW","refUnit":"Item(s)"},"process":{"@type":"Process","@id":"ac1167b3-7dee-42a2-8184-6672add800ab","name":"Hydrogen Purification","category":"Case 1: Hydrogen Production (Cradle-to-gate 3) (kg)/Stage 3: Hydrogen Purification","processType":"UNIT_PROCESS","flowType":"PRODUCT_FLOW"},"exchange":{"@type":"Exchange","internalId":8}},{"provider":{"@type":"Process","@id":"144e5924-e576-42f8-bf75-ea96b378b752","name":"Stage 3: Transportation","category":"Case 1: Hydrogen Production (Cradle-to-gate 3) (kg)/Stage 3: Hydrogen Purification","processType":"UNIT_PROCESS","flowType":"PRODUCT_FLOW"},"flow":{"@type":"Flow","@id":"9016044c-0b7a-4f53-88b2-65b93ba7394e","name":"Stage 3: Transportation","flowType":"PRODUCT_FLOW","refUnit":"Item(s)"},"process":{"@type":"Process","@id":"ac1167b3-7dee-42a2-8184-6672add800ab","name":"Hydrogen Purification","category":"Case 1: Hydrogen Production (Cradle-to-gate 3) (kg)/Stage 3: Hydrogen Purification","processType":"UNIT_PROCESS","flowType":"PRODUCT_FLOW"},"exchange":{"@type":"Exchange","internalId":9}},{"provider":{"@type":"Process","@id":"2da92fe4-488f-4afe-81b4-def1bca06d95","name":"Stage 2: Transportation","category":"Case 1: Hydrogen Production (Cradle-to-gate 3) (kg)/Stage 2: Hydrogen Production","processType":"UNIT_PROCESS","flowType":"PRODUCT_FLOW"},"flow":{"@type":"Flow","@id":"54e0f1c1-8696-4a6e-93d3-d5460372c6fe","name":"Stage 2: Transportation","flowType":"PRODUCT_FLOW","refUnit":"Item(s)"},"process":{"@type":"Process","@id":"623e3f21-112d-40b6-a454-55865f33d8ea","name":"Hydrogen Production","category":"Case 1: Hydrogen Production (Cradle-to-gate 3) (kg)/Stage 2: Hydrogen Production","processType":"UNIT_PROCESS","flowType":"PRODUCT_FLOW"},"exchange":{"@type":"Exchange","internalId":9}},{"provider":{"@type":"Process","@id":"c013c197-c1d5-4914-82ba-7ab473d6d30f","name":"Stage 4: Capital Goods","category":"Case 1: Hydrogen Production (Cradle-to-gate 3) (kg)/Stage 4: Hydrogen Compression","processType":"UNIT_PROCESS","flowType":"PRODUCT_FLOW"},"flow":{"@type":"Flow","@id":"debc9e81-39a2-4cb8-bd4a-962ac0a48fe2","name":"Stage 4: Capital Goods","flowType":"PRODUCT_FLOW","refUnit":"Item(s)"},"process":{"@type":"Process","@id":"d31e8757-bf28-446a-a0c2-9c334f302259","name":"Hydrogen Compression","category":"Case 1: Hydrogen Production (Cradle-to-gate 3) (kg)/Stage 4: Hydrogen Compression","processType":"UNIT_PROCESS","flowType":"PRODUCT_FLOW"},"exchange":{"@type":"Exchange","internalId":6}},{"provider":{"@type":"Process","@id":"b51de398-9e48-497a-bf98-c116e9f67f78","name":"Stage 4: Energy Consumption","category":"Case 1: Hydrogen Production (Cradle-to-gate 3) (kg)/Stage 4: Hydrogen Compression","processType":"UNIT_PROCESS","flowType":"PRODUCT_FLOW"},"flow":{"@type":"Flow","@id":"8f178ca4-a2d3-4cb8-a70b-1ca27570c0d9","name":"Stage 4: Energy Consumption","flowType":"PRODUCT_FLOW","refUnit":"Item(s)"},"process":{"@type":"Process","@id":"d31e8757-bf28-446a-a0c2-9c334f302259","name":"Hydrogen Compression","category":"Case 1: Hydrogen Production (Cradle-to-gate 3) (kg)/Stage 4: Hydrogen Compression","processType":"UNIT_PROCESS","flowType":"PRODUCT_FLOW"},"exchange":{"@type":"Exchange","internalId":7}},{"provider":{"@type":"Process","@id":"3a04f076-fefb-4d95-8e01-0df78ab1f276","name":"Stage 4: Raw Materials","category":"Case 1: Hydrogen Production (Cradle-to-gate 3) (kg)/Stage 4: Hydrogen Compression","processType":"UNIT_PROCESS","flowType":"PRODUCT_FLOW"},"flow":{"@type":"Flow","@id":"9d88774f-2ef7-4f35-9ab0-82560f51cd8f","name":"Stage 4: Raw Materials","flowType":"PRODUCT_FLOW","refUnit":"Item(s)"},"process":{"@type":"Process","@id":"d31e8757-bf28-446a-a0c2-9c334f302259","name":"Hydrogen Compression","category":"Case 1: Hydrogen Production (Cradle-to-gate 3) (kg)/Stage 4: Hydrogen Compression","processType":"UNIT_PROCESS","flowType":"PRODUCT_FLOW"},"exchange":{"@type":"Exchange","internalId":8}},{"provider":{"@type":"Process","@id":"623e3f21-112d-40b6-a454-55865f33d8ea","name":"Hydrogen Production","category":"Case 1: Hydrogen Production (Cradle-to-gate 3) (kg)/Stage 2: Hydrogen Production","processType":"UNIT_PROCESS","flowType":"PRODUCT_FLOW"},"flow":{"@type":"Flow","@id":"3ba1157e-3bc9-4552-8623-d565e4594a8e","name":"Hydrogen Production","flowType":"PRODUCT_FLOW","refUnit":"kg"},"process":{"@type":"Process","@id":"29ab6881-723f-465d-aadc-c6bf20f04a11","name":"Hydrogen Production (Cradle-to-gate 3) (kg)","category":"Case 1: Hydrogen Production (Cradle-to-gate 3) (kg)","processType":"UNIT_PROCESS","flowType":"PRODUCT_FLOW"},"exchange":{"@type":"Exchange","internalId":7}},{"provider":{"@type":"Process","@id":"ac1167b3-7dee-42a2-8184-6672add800ab","name":"Hydrogen Purification","category":"Case 1: Hydrogen Production (Cradle-to-gate 3) (kg)/Stage 3: Hydrogen Purification","processType":"UNIT_PROCESS","flowType":"PRODUCT_FLOW"},"flow":{"@type":"Flow","@id":"21df2c2b-25d8-4984-9a31-01d2af511f1c","name":"Hydrogen Purification","flowType":"PRODUCT_FLOW","refUnit":"kg"},"process":{"@type":"Process","@id":"29ab6881-723f-465d-aadc-c6bf20f04a11","name":"Hydrogen Production (Cradle-to-gate 3) (kg)","category":"Case 1: Hydrogen Production (Cradle-to-gate 3) (kg)","processType":"UNIT_PROCESS","flowType":"PRODUCT_FLOW"},"exchange":{"@type":"Exchange","internalId":8}},{"provider":{"@type":"Process","@id":"d31e8757-bf28-446a-a0c2-9c334f302259","name":"Hydrogen Compression","category":"Case 1: Hydrogen Production (Cradle-to-gate 3) (kg)/Stage 4: Hydrogen Compression","processType":"UNIT_PROCESS","flowType":"PRODUCT_FLOW"},"flow":{"@type":"Flow","@id":"581291b9-1017-4cd6-80dc-48e6bb8a6152","name":"Hydrogen Compression","flowType":"PRODUCT_FLOW","refUnit":"kg"},"process":{"@type":"Process","@id":"29ab6881-723f-465d-aadc-c6bf20f04a11","name":"Hydrogen Production (Cradle-to-gate 3) (kg)","category":"Case 1: Hydrogen Production (Cradle-to-gate 3) (kg)","processType":"UNIT_PROCESS","flowType":"PRODUCT_FLOW"},"exchange":{"@type":"Exchange","internalId":9}}]}