{"@type":"Process","@id":"fb457b0b-6f5f-440a-b30d-c0107e1c0f06","name":"Stage 2: Transportation","description":"","category":"Case 1: Hydrogen Production (Cradle-to-gate 1) (MJ)/Stage 2: Hydrogen Production","version":"00.00.004","lastChange":"2023-08-09T11:06:29.821Z","processType":"UNIT_PROCESS","isInfrastructureProcess":false,"processDocumentation":{"isCopyrightProtected":false,"creationDate":"2023-08-09T12:30:56.683"},"lastInternalId":1,"parameters":[],"exchanges":[{"@type":"Exchange","isAvoidedProduct":false,"isInput":false,"amount":1.0,"internalId":1,"flow":{"@type":"Flow","@id":"54e0f1c1-8696-4a6e-93d3-d5460372c6fe","name":"Stage 2: Transportation","flowType":"PRODUCT_FLOW","refUnit":"Item(s)"},"unit":{"@type":"Unit","@id":"6dabe201-aaac-4509-92f0-d00c26cb72ab","name":"Item(s)"},"flowProperty":{"@type":"FlowProperty","@id":"01846770-4cfe-4a25-8ad9-919d8d378345","name":"Number of items","category":"Technical flow properties","refUnit":"Item(s)"},"isQuantitativeReference":true}],"socialAspects":[],"allocationFactors":[]}