{"@type":"UnitGroup","@id":"11d161f0-37e3-4d49-bf7a-ff4f31a9e5c7","name":"Units of person transport","description":"","category":"Technical unit groups","version":"00.00.000","lastChange":"2023-03-28T16:13:35.906Z","defaultFlowProperty":{"@type":"FlowProperty","@id":"8766e10f-9f41-4db0-8173-ad0d002a5b98","name":"Person transport","category":"Technical flow properties","refUnit":"p*km"},"units":[{"@type":"Unit","@id":"702d94e7-fbae-4a99-a2f5-b26db21126d6","name":"p*mi","description":"Person * mile","conversionFactor":1.609344,"synonyms":["pmi"]},{"@type":"Unit","@id":"fe8da65d-f0ea-4496-b13e-1955aaa412d7","name":"p*km","description":"Person kilometre","conversionFactor":1.0,"synonyms":["pkm","personkm"],"isRefUnit":true}]}