{"@type":"Process","@id":"1d94f50d-b917-4790-a575-bd4732991867","name":"CCS: Raw Materials","description":"","category":"Case 1: Hydrogen Production (Cradle-to-gate 5) with CCS (MJ)/Carbon capture and storage","version":"00.00.006","lastChange":"2023-08-16T10:19:16.129Z","processType":"UNIT_PROCESS","isInfrastructureProcess":false,"processDocumentation":{"isCopyrightProtected":false,"creationDate":"2023-08-15T12:55:41.832"},"lastInternalId":1,"parameters":[],"exchanges":[{"@type":"Exchange","isAvoidedProduct":false,"isInput":false,"amount":1.0,"internalId":1,"flow":{"@type":"Flow","@id":"a480bd84-e195-4cba-8270-0f1cd3498dbe","name":"CCS: Raw Materials","flowType":"PRODUCT_FLOW","refUnit":"Item(s)"},"unit":{"@type":"Unit","@id":"6dabe201-aaac-4509-92f0-d00c26cb72ab","name":"Item(s)"},"flowProperty":{"@type":"FlowProperty","@id":"01846770-4cfe-4a25-8ad9-919d8d378345","name":"Number of items","category":"Technical flow properties","refUnit":"Item(s)"},"isQuantitativeReference":true}],"socialAspects":[],"allocationFactors":[]}