{"@type":"Process","@id":"7293f560-928e-41a1-b2d2-fe92f4500524","name":"Stage 2: Energy Consumption","description":"","category":"Case 1: Hydrogen Production (Cradle-to-gate 5) with CCS (MJ)/Stage 2: Hydrogen Production","version":"00.00.017","lastChange":"2023-08-16T10:12:50.106Z","processType":"UNIT_PROCESS","isInfrastructureProcess":false,"processDocumentation":{"isCopyrightProtected":false,"creationDate":"2023-08-09T12:31:28.164"},"lastInternalId":1,"parameters":[],"exchanges":[{"@type":"Exchange","isAvoidedProduct":false,"isInput":false,"amount":1.0,"internalId":1,"flow":{"@type":"Flow","@id":"22d3c391-f73f-4e75-be86-210e2f094fd3","name":"Stage 2: Energy Consumption","flowType":"PRODUCT_FLOW","refUnit":"Item(s)"},"unit":{"@type":"Unit","@id":"6dabe201-aaac-4509-92f0-d00c26cb72ab","name":"Item(s)"},"flowProperty":{"@type":"FlowProperty","@id":"01846770-4cfe-4a25-8ad9-919d8d378345","name":"Number of items","category":"Technical flow properties","refUnit":"Item(s)"},"isQuantitativeReference":true}],"socialAspects":[],"allocationFactors":[]}