{"@type":"Process","@id":"b976675d-3a3c-4fd3-85c3-c4ac09eb04f5","name":"Hydrogen Production (Cradle-to-gate 2) (MJ)","description":"","category":"Case 1: Hydrogen Production (Cradle-to-gate 2) (MJ)","version":"00.00.002","lastChange":"2023-10-02T12:54:11.831Z","processType":"UNIT_PROCESS","isInfrastructureProcess":false,"processDocumentation":{"isCopyrightProtected":false,"creationDate":"2023-08-11T13:09:46.324"},"lastInternalId":7,"parameters":[],"exchanges":[{"@type":"Exchange","isAvoidedProduct":false,"isInput":false,"amount":1.0,"internalId":1,"flow":{"@type":"Flow","@id":"f0693656-ff39-4075-b936-818c77f599b3","name":"Hydrogen Produced","flowType":"PRODUCT_FLOW","refUnit":"MJ"},"unit":{"@type":"Unit","@id":"52765a6c-3896-43c2-b2f4-c679acf13efe","name":"MJ"},"flowProperty":{"@type":"FlowProperty","@id":"f6811440-ee37-11de-8a39-0800200c9a66","name":"Energy","category":"Technical flow properties","refUnit":"MJ"},"isQuantitativeReference":true},{"@type":"Exchange","isAvoidedProduct":false,"isInput":true,"amount":1.0,"internalId":5,"flow":{"@type":"Flow","@id":"2965a222-0609-4970-8464-592891d3be00","name":"Mining \u0026 Preparation","flowType":"PRODUCT_FLOW","refUnit":"Item(s)"},"unit":{"@type":"Unit","@id":"6dabe201-aaac-4509-92f0-d00c26cb72ab","name":"Item(s)"},"flowProperty":{"@type":"FlowProperty","@id":"01846770-4cfe-4a25-8ad9-919d8d378345","name":"Number of items","category":"Technical flow properties","refUnit":"Item(s)"},"defaultProvider":{"@type":"Process","@id":"7d0aa695-184b-4ae1-9aa1-1d1d39244da3","name":"Mining \u0026 Preparation","category":"Case 1: Hydrogen Production (Cradle-to-gate 2) (MJ)/Stage 1: Mining \u0026 Preparation","processType":"UNIT_PROCESS","flowType":"PRODUCT_FLOW"}},{"@type":"Exchange","isAvoidedProduct":false,"isInput":true,"amount":1.0,"internalId":6,"flow":{"@type":"Flow","@id":"3ba1157e-3bc9-4552-8623-d565e4594a8e","name":"Hydrogen Production","flowType":"PRODUCT_FLOW","refUnit":"Item(s)"},"unit":{"@type":"Unit","@id":"6dabe201-aaac-4509-92f0-d00c26cb72ab","name":"Item(s)"},"flowProperty":{"@type":"FlowProperty","@id":"01846770-4cfe-4a25-8ad9-919d8d378345","name":"Number of items","category":"Technical flow properties","refUnit":"Item(s)"},"defaultProvider":{"@type":"Process","@id":"a4eb55ec-3c32-4562-ab86-bed21ec93370","name":"Hydrogen Production","category":"Case 1: Hydrogen Production (Cradle-to-gate 2) (MJ)/Stage 2: Hydrogen Production","processType":"UNIT_PROCESS","flowType":"PRODUCT_FLOW"}},{"@type":"Exchange","isAvoidedProduct":false,"isInput":true,"amount":1.0,"internalId":7,"flow":{"@type":"Flow","@id":"21df2c2b-25d8-4984-9a31-01d2af511f1c","name":"Hydrogen Purification","flowType":"PRODUCT_FLOW","refUnit":"Item(s)"},"unit":{"@type":"Unit","@id":"6dabe201-aaac-4509-92f0-d00c26cb72ab","name":"Item(s)"},"flowProperty":{"@type":"FlowProperty","@id":"01846770-4cfe-4a25-8ad9-919d8d378345","name":"Number of items","category":"Technical flow properties","refUnit":"Item(s)"},"defaultProvider":{"@type":"Process","@id":"37c227ec-6bc7-408b-a121-e9fa29cd7969","name":"Hydrogen Purification","category":"Case 1: Hydrogen Production (Cradle-to-gate 2) (MJ)/Stage 3: Hydrogen Purification","processType":"UNIT_PROCESS","flowType":"PRODUCT_FLOW"}}],"socialAspects":[],"allocationFactors":[]}