{"@type":"Process","@id":"c168e0bb-c498-4d37-862b-9b4216723a29","name":"Stage 7: Energy Consumption","description":"","category":"Case 1: Hydrogen Production (Cradle-to-gate 6) with CCS (kg)/Stage 7: Hydrogen Distribution","version":"00.00.000","lastChange":"2024-03-27T10:08:01.700Z","processType":"UNIT_PROCESS","isInfrastructureProcess":false,"processDocumentation":{"isCopyrightProtected":false,"creationDate":"2024-03-27T11:08:01.695"},"lastInternalId":1,"parameters":[],"exchanges":[{"@type":"Exchange","isAvoidedProduct":false,"isInput":false,"amount":1.0,"internalId":1,"flow":{"@type":"Flow","@id":"1401d9ac-e874-454d-91a1-ca13446409d4","name":"Stage 7: Energy Consumption","flowType":"PRODUCT_FLOW","refUnit":"Item(s)"},"unit":{"@type":"Unit","@id":"6dabe201-aaac-4509-92f0-d00c26cb72ab","name":"Item(s)"},"flowProperty":{"@type":"FlowProperty","@id":"01846770-4cfe-4a25-8ad9-919d8d378345","name":"Number of items","category":"Technical flow properties","refUnit":"Item(s)"},"isQuantitativeReference":true}],"socialAspects":[],"allocationFactors":[]}