{"@type":"Process","@id":"9305c1bf-9194-4f56-b851-2db0e70b1f18","name":"Hydrogen Production \u0026 Use for transportation","description":"","category":"Case 2: Hydrogen Use (Cradle-to-grave) for transportation (km)","version":"00.00.005","lastChange":"2023-10-05T12:46:27.658Z","processType":"UNIT_PROCESS","isInfrastructureProcess":false,"processDocumentation":{"isCopyrightProtected":false,"creationDate":"2023-08-16T14:58:14.362"},"lastInternalId":5,"parameters":[],"exchanges":[{"@type":"Exchange","isAvoidedProduct":false,"isInput":false,"amount":1.0,"internalId":1,"flow":{"@type":"Flow","@id":"dbdcd528-b727-4670-b0fe-678b6815fcdc","name":"Distance travelled","flowType":"PRODUCT_FLOW","refUnit":"m"},"unit":{"@type":"Unit","@id":"3d314eab-ef11-4ff3-a35e-9bc5cd858694","name":"m"},"flowProperty":{"@type":"FlowProperty","@id":"838aaa23-0117-11db-92e3-0800200c9a66","name":"Length","category":"Technical flow properties","refUnit":"m"},"isQuantitativeReference":true},{"@type":"Exchange","isAvoidedProduct":false,"isInput":false,"amount":1.0,"internalId":5,"flow":{"@type":"Flow","@id":"099dfddd-8d29-46b2-b6fd-b944edb6ceae","name":"Vehicle End-of-Life","flowType":"WASTE_FLOW","refUnit":"Item(s)"},"unit":{"@type":"Unit","@id":"6dabe201-aaac-4509-92f0-d00c26cb72ab","name":"Item(s)"},"flowProperty":{"@type":"FlowProperty","@id":"01846770-4cfe-4a25-8ad9-919d8d378345","name":"Number of items","category":"Technical flow properties","refUnit":"Item(s)"},"defaultProvider":{"@type":"Process","@id":"570a4bc3-4624-43d5-850c-ea16b96e0f7f","name":"Vehicle End-of-Life","category":"Case 2: Hydrogen Use (Cradle-to-grave) for transportation (km)/Vehicle End-of-life Stage","processType":"UNIT_PROCESS","flowType":"WASTE_FLOW"}},{"@type":"Exchange","isAvoidedProduct":false,"isInput":true,"amount":1.0,"internalId":2,"flow":{"@type":"Flow","@id":"052b6e2f-0d3b-4633-8f14-c37888a18937","name":"Vehicle Production","flowType":"PRODUCT_FLOW","refUnit":"Item(s)"},"unit":{"@type":"Unit","@id":"6dabe201-aaac-4509-92f0-d00c26cb72ab","name":"Item(s)"},"flowProperty":{"@type":"FlowProperty","@id":"01846770-4cfe-4a25-8ad9-919d8d378345","name":"Number of items","category":"Technical flow properties","refUnit":"Item(s)"},"defaultProvider":{"@type":"Process","@id":"a09ee3d2-8ae1-47ed-87df-3c8ae2d3aa14","name":"Vehicle Production","category":"Case 2: Hydrogen Use (Cradle-to-grave) for transportation (km)/Vehicle Production","processType":"UNIT_PROCESS","flowType":"PRODUCT_FLOW"}},{"@type":"Exchange","isAvoidedProduct":false,"isInput":true,"amount":1.0,"internalId":4,"flow":{"@type":"Flow","@id":"554c6b4f-5693-4b8a-9c29-18f8d598454e","name":"Use/Maintenance ","flowType":"PRODUCT_FLOW","refUnit":"Item(s)"},"unit":{"@type":"Unit","@id":"6dabe201-aaac-4509-92f0-d00c26cb72ab","name":"Item(s)"},"flowProperty":{"@type":"FlowProperty","@id":"01846770-4cfe-4a25-8ad9-919d8d378345","name":"Number of items","category":"Technical flow properties","refUnit":"Item(s)"},"defaultProvider":{"@type":"Process","@id":"e3c69586-e547-4a70-831c-11bedffa3d34","name":"Use/Maintenance ","category":"Case 2: Hydrogen Use (Cradle-to-grave) for transportation (km)/Vehicle Use Stage","processType":"UNIT_PROCESS","flowType":"PRODUCT_FLOW"}}],"socialAspects":[],"allocationFactors":[]}