{"@type":"Process","@id":"1a0e5567-c587-413e-835f-7d77b35d5939","name":"Vehicle Production: Powertrain","description":"","category":"Case 2: Hydrogen Use (Cradle-to-grave) for transportation (km)/Vehicle Production","version":"00.00.003","lastChange":"2023-08-16T14:29:58.532Z","processType":"UNIT_PROCESS","isInfrastructureProcess":false,"processDocumentation":{"isCopyrightProtected":false,"creationDate":"2023-08-16T15:08:22.434"},"lastInternalId":1,"parameters":[],"exchanges":[{"@type":"Exchange","isAvoidedProduct":false,"isInput":false,"amount":1.0,"internalId":1,"flow":{"@type":"Flow","@id":"b74711d4-796a-499a-9ba3-ef643b80a31f","name":"Vehicle Manufacturing: Raw Materials","flowType":"PRODUCT_FLOW","refUnit":"Item(s)"},"unit":{"@type":"Unit","@id":"6dabe201-aaac-4509-92f0-d00c26cb72ab","name":"Item(s)"},"flowProperty":{"@type":"FlowProperty","@id":"01846770-4cfe-4a25-8ad9-919d8d378345","name":"Number of items","category":"Technical flow properties","refUnit":"Item(s)"},"isQuantitativeReference":true}],"socialAspects":[],"allocationFactors":[]}