{"@type":"Process","@id":"589384fb-5083-40a3-9d76-19eb9245f94f","name":"End-of-Life: Sorting/Seperation","description":"","category":"Case 2: Hydrogen Use (Cradle-to-grave) for transportation (km)/Vehicle End-of-life Stage","version":"00.00.000","lastChange":"2023-08-16T15:04:34.954Z","processType":"UNIT_PROCESS","isInfrastructureProcess":false,"processDocumentation":{"isCopyrightProtected":false,"creationDate":"2023-08-16T17:04:34.949"},"lastInternalId":1,"parameters":[],"exchanges":[{"@type":"Exchange","isAvoidedProduct":false,"isInput":true,"amount":1.0,"internalId":1,"flow":{"@type":"Flow","@id":"f6589270-6aac-4d11-a9c6-ebb17b42b2ea","name":"End-of-Life: Sorting/Seperation","flowType":"WASTE_FLOW","refUnit":"Item(s)"},"unit":{"@type":"Unit","@id":"6dabe201-aaac-4509-92f0-d00c26cb72ab","name":"Item(s)"},"flowProperty":{"@type":"FlowProperty","@id":"01846770-4cfe-4a25-8ad9-919d8d378345","name":"Number of items","category":"Technical flow properties","refUnit":"Item(s)"},"isQuantitativeReference":true}],"socialAspects":[],"allocationFactors":[]}