{"@type":"Flow","@id":"3940c155-e8a8-4828-aea0-67b6d54ae2b7","name":"Vehicle dismantled to shredding process","description":"","version":"00.00.002","lastChange":"2023-06-23T06:25:11.944Z","flowType":"WASTE_FLOW","isInfrastructureFlow":false,"flowProperties":[{"@type":"FlowPropertyFactor","isRefFlowProperty":true,"flowProperty":{"@type":"FlowProperty","@id":"01846770-4cfe-4a25-8ad9-919d8d378345","name":"Number of items","category":"Technical flow properties","refUnit":"Item(s)"},"conversionFactor":1.0}]}