{"@type":"Flow","@id":"7c3b31d6-d277-4e5b-9f38-0631a735ab83","name":"SH2E Hydrogen (to conditionning and dispensing)","description":"","version":"00.00.001","lastChange":"2023-05-11T05:41:59.644Z","flowType":"PRODUCT_FLOW","isInfrastructureFlow":false,"flowProperties":[{"@type":"FlowPropertyFactor","isRefFlowProperty":true,"flowProperty":{"@type":"FlowProperty","@id":"93a60a56-a3c8-11da-a746-0800200b9a66","name":"Mass","category":"Technical flow properties","refUnit":"kg"},"conversionFactor":1.0}]}