{"@type":"Flow","@id":"7cf156a0-b402-411e-be7c-bbe389fccf0e","name":"Vehicle depolluted, to dismantling process","description":"","version":"00.00.001","lastChange":"2023-06-23T06:18:45.938Z","flowType":"WASTE_FLOW","isInfrastructureFlow":false,"flowProperties":[{"@type":"FlowPropertyFactor","isRefFlowProperty":true,"flowProperty":{"@type":"FlowProperty","@id":"01846770-4cfe-4a25-8ad9-919d8d378345","name":"Number of items","category":"Technical flow properties","refUnit":"Item(s)"},"conversionFactor":1.0}]}