{"@type":"Process","@id":"82eb3797-b6e9-4516-bad9-c55aba4af1bf","name":"CCS: Transportation","description":"","category":"Case 1: Hydrogen Production (Cradle-to-gate 6) with CCS (MJ)/Carbon capture and storage","version":"00.00.007","lastChange":"2023-08-16T10:17:32.526Z","processType":"UNIT_PROCESS","isInfrastructureProcess":false,"processDocumentation":{"isCopyrightProtected":false,"creationDate":"2023-08-15T13:15:18.745"},"lastInternalId":1,"parameters":[],"exchanges":[{"@type":"Exchange","isAvoidedProduct":false,"isInput":false,"amount":1.0,"internalId":1,"flow":{"@type":"Flow","@id":"c0ae6cec-04e2-410c-892e-52d5563cb4e9","name":"CCS: Transportation","flowType":"PRODUCT_FLOW","refUnit":"Item(s)"},"unit":{"@type":"Unit","@id":"6dabe201-aaac-4509-92f0-d00c26cb72ab","name":"Item(s)"},"flowProperty":{"@type":"FlowProperty","@id":"01846770-4cfe-4a25-8ad9-919d8d378345","name":"Number of items","category":"Technical flow properties","refUnit":"Item(s)"},"isQuantitativeReference":true}],"socialAspects":[],"allocationFactors":[]}