{"@type":"Process","@id":"e266c68d-f661-4051-9a53-08b425c51440","name":"Stage 7: Capital Goods","description":"","category":"Case 1: Hydrogen Production (Cradle-to-gate 6) with CCS (MJ)/Stage 7: Hydrogen Distribution","version":"00.00.003","lastChange":"2023-08-16T10:15:55.089Z","processType":"UNIT_PROCESS","isInfrastructureProcess":false,"processDocumentation":{"isCopyrightProtected":false,"creationDate":"2023-08-14T16:20:08.240"},"lastInternalId":1,"parameters":[],"exchanges":[{"@type":"Exchange","isAvoidedProduct":false,"isInput":false,"amount":1.0,"internalId":1,"flow":{"@type":"Flow","@id":"1c7572d3-1862-4e55-8f26-4ff166d983b8","name":"Stage 7: Capital Goods","flowType":"PRODUCT_FLOW","refUnit":"Item(s)"},"unit":{"@type":"Unit","@id":"6dabe201-aaac-4509-92f0-d00c26cb72ab","name":"Item(s)"},"flowProperty":{"@type":"FlowProperty","@id":"01846770-4cfe-4a25-8ad9-919d8d378345","name":"Number of items","category":"Technical flow properties","refUnit":"Item(s)"},"isQuantitativeReference":true}],"socialAspects":[],"allocationFactors":[]}