{"@type":"ProductSystem","@id":"579950a5-7b99-4624-a8b0-e1892ec6fce8","name":"Hydrogen Use: Fuel/Chemical Production ","description":"First created: 2023-09-28T13:43:38\nLinking approach during creation: Prefer default providers; Preferred process type: System process","version":"00.00.000","lastChange":"2023-09-28T11:43:38.845Z","refProcess":{"@type":"Process","@id":"573878fc-79a4-4db8-97b1-a50683f1a0c2","name":"Hydrogen Use: Fuel/Chemical Production ","category":"Case 2: Hydrogen Use (Cradle-to-grave) for fuel or chemcial production (kg)","processType":"UNIT_PROCESS","flowType":"PRODUCT_FLOW"},"refExchange":{"@type":"Exchange","internalId":1,"flow":{"@type":"Flow","@id":"9a456680-c7cf-4ee6-89c3-f42bea58ae99","name":"Fuel/Chemcial Production","flowType":"PRODUCT_FLOW","refUnit":"kg"}},"targetFlowProperty":{"@type":"FlowProperty","@id":"93a60a56-a3c8-11da-a746-0800200b9a66","name":"Mass","category":"Technical flow properties","refUnit":"kg"},"targetUnit":{"@type":"Unit","@id":"20aadc24-a391-41cf-b340-3e4529f44bde","name":"kg"},"targetAmount":1.0,"processes":[{"@type":"Process","@id":"074abf90-8087-4f54-aa92-11dcfbd1ca55","name":"Upstream Process: Energy Consumption","category":"Case 2: Hydrogen Use (Cradle-to-grave) for fuel or chemcial production (kg)/Upstream Processes (cradle-to-gate)","processType":"UNIT_PROCESS","flowType":"PRODUCT_FLOW"},{"@type":"Process","@id":"96140667-b3ca-45f8-a452-96ead9e3347f","name":"Upstream Process","category":"Case 2: Hydrogen Use (Cradle-to-grave) for fuel or chemcial production (kg)/Upstream Processes (cradle-to-gate)","processType":"UNIT_PROCESS","flowType":"PRODUCT_FLOW"},{"@type":"Process","@id":"573878fc-79a4-4db8-97b1-a50683f1a0c2","name":"Hydrogen Use: Fuel/Chemical Production ","category":"Case 2: Hydrogen Use (Cradle-to-grave) for fuel or chemcial production (kg)","processType":"UNIT_PROCESS","flowType":"PRODUCT_FLOW"},{"@type":"Process","@id":"2a84c5a7-7ed9-4309-a6c1-734a4a8ffc17","name":"Downstream Process: End-of-Life","category":"Case 2: Hydrogen Use (Cradle-to-grave) for fuel or chemcial production (kg)/Downstream Process (gate-to-grave)","processType":"UNIT_PROCESS","flowType":"WASTE_FLOW"},{"@type":"Process","@id":"c0999751-ab7b-48d9-a1a1-f9519507231e","name":"Core Process: Energy Consumption","category":"Case 2: Hydrogen Use (Cradle-to-grave) for fuel or chemcial production (kg)/Core Processes (gate-to-gate)","processType":"UNIT_PROCESS","flowType":"PRODUCT_FLOW"},{"@type":"Process","@id":"f5a9d33a-7802-4486-8a91-470064b612ce","name":"Downstream Process: Distribution","category":"Case 2: Hydrogen Use (Cradle-to-grave) for fuel or chemcial production (kg)/Downstream Process (gate-to-grave)","processType":"UNIT_PROCESS","flowType":"PRODUCT_FLOW"},{"@type":"Process","@id":"18d63c24-2a26-4b5f-9aed-40adcf6fb26e","name":"Core Process: Waste Treatment","category":"Case 2: Hydrogen Use (Cradle-to-grave) for fuel or chemcial production (kg)/Core Processes (gate-to-gate)","processType":"UNIT_PROCESS","flowType":"WASTE_FLOW"},{"@type":"Process","@id":"21d66c7c-514d-4743-baaa-789b3096e2b2","name":"Upstream Process: Raw Material Extraction","category":"Case 2: Hydrogen Use (Cradle-to-grave) for fuel or chemcial production (kg)/Upstream Processes (cradle-to-gate)","processType":"UNIT_PROCESS","flowType":"PRODUCT_FLOW"},{"@type":"Process","@id":"a4611b2d-1844-4dd5-a772-59ab563e39ab","name":"Downstream Process: Use","category":"Case 2: Hydrogen Use (Cradle-to-grave) for fuel or chemcial production (kg)/Downstream Process (gate-to-grave)","processType":"UNIT_PROCESS","flowType":"PRODUCT_FLOW"},{"@type":"Process","@id":"ea1009a7-ae36-466b-ba8f-87657f5bdab1","name":"Downstream Process","category":"Case 2: Hydrogen Use (Cradle-to-grave) for fuel or chemcial production (kg)/Downstream Process (gate-to-grave)","processType":"UNIT_PROCESS","flowType":"PRODUCT_FLOW"},{"@type":"Process","@id":"466202e0-517f-4d9b-8253-0df832186988","name":"Core Process: Capital Goods","category":"Case 2: Hydrogen Use (Cradle-to-grave) for fuel or chemcial production (kg)/Core Processes (gate-to-gate)","processType":"UNIT_PROCESS","flowType":"PRODUCT_FLOW"},{"@type":"Process","@id":"fe2a584d-4d1e-44ac-95db-a0e6813beb79","name":"Core Process","category":"Case 2: Hydrogen Use (Cradle-to-grave) for fuel or chemcial production (kg)/Core Processes (gate-to-gate)","processType":"UNIT_PROCESS","flowType":"PRODUCT_FLOW"},{"@type":"Process","@id":"114d016b-73a6-44fd-a749-11386ef0efa1","name":"Upstream Process: Capital Goods","category":"Case 2: Hydrogen Use (Cradle-to-grave) for fuel or chemcial production (kg)/Upstream Processes (cradle-to-gate)","processType":"UNIT_PROCESS","flowType":"PRODUCT_FLOW"},{"@type":"Process","@id":"e007c90d-60f3-4327-937f-3edebd5b44f8","name":"Upstream Process: Transportation to Gate","category":"Case 2: Hydrogen Use (Cradle-to-grave) for fuel or chemcial production (kg)/Upstream Processes (cradle-to-gate)","processType":"UNIT_PROCESS","flowType":"PRODUCT_FLOW"},{"@type":"Process","@id":"caf99b31-678c-4b0c-b0f8-4e0f20c6fb7a","name":"Core Process: Auxillary Materials","category":"Case 2: Hydrogen Use (Cradle-to-grave) for fuel or chemcial production (kg)/Core Processes (gate-to-gate)","processType":"UNIT_PROCESS","flowType":"PRODUCT_FLOW"},{"@type":"Process","@id":"86a86b40-1c8b-485b-9b1f-17f1d3d6056e","name":"Core Process: Storage","category":"Case 2: Hydrogen Use (Cradle-to-grave) for fuel or chemcial production (kg)/Core Processes (gate-to-gate)","processType":"UNIT_PROCESS","flowType":"PRODUCT_FLOW"}],"processLinks":[{"provider":{"@type":"Process","@id":"074abf90-8087-4f54-aa92-11dcfbd1ca55","name":"Upstream Process: Energy Consumption","category":"Case 2: Hydrogen Use (Cradle-to-grave) for fuel or chemcial production (kg)/Upstream Processes (cradle-to-gate)","processType":"UNIT_PROCESS","flowType":"PRODUCT_FLOW"},"flow":{"@type":"Flow","@id":"1fa63d02-e0d1-4a3d-a726-52c466fac35c","name":"Upstream Process: Energy Consumption","flowType":"PRODUCT_FLOW","refUnit":"Item(s)"},"process":{"@type":"Process","@id":"96140667-b3ca-45f8-a452-96ead9e3347f","name":"Upstream Process","category":"Case 2: Hydrogen Use (Cradle-to-grave) for fuel or chemcial production (kg)/Upstream Processes (cradle-to-gate)","processType":"UNIT_PROCESS","flowType":"PRODUCT_FLOW"},"exchange":{"@type":"Exchange","internalId":3}},{"provider":{"@type":"Process","@id":"ea1009a7-ae36-466b-ba8f-87657f5bdab1","name":"Downstream Process","category":"Case 2: Hydrogen Use (Cradle-to-grave) for fuel or chemcial production (kg)/Downstream Process (gate-to-grave)","processType":"UNIT_PROCESS","flowType":"PRODUCT_FLOW"},"flow":{"@type":"Flow","@id":"c7506cf9-6c3e-4f86-9248-dd6dd9a7979c","name":"Downstream Process","flowType":"PRODUCT_FLOW","refUnit":"Item(s)"},"process":{"@type":"Process","@id":"573878fc-79a4-4db8-97b1-a50683f1a0c2","name":"Hydrogen Use: Fuel/Chemical Production ","category":"Case 2: Hydrogen Use (Cradle-to-grave) for fuel or chemcial production (kg)","processType":"UNIT_PROCESS","flowType":"PRODUCT_FLOW"},"exchange":{"@type":"Exchange","internalId":4}},{"provider":{"@type":"Process","@id":"21d66c7c-514d-4743-baaa-789b3096e2b2","name":"Upstream Process: Raw Material Extraction","category":"Case 2: Hydrogen Use (Cradle-to-grave) for fuel or chemcial production (kg)/Upstream Processes (cradle-to-gate)","processType":"UNIT_PROCESS","flowType":"PRODUCT_FLOW"},"flow":{"@type":"Flow","@id":"e420ddcc-901a-4a95-9a96-1e2e285cbb75","name":"Upstream Process: Raw Material Extraction","flowType":"PRODUCT_FLOW","refUnit":"Item(s)"},"process":{"@type":"Process","@id":"96140667-b3ca-45f8-a452-96ead9e3347f","name":"Upstream Process","category":"Case 2: Hydrogen Use (Cradle-to-grave) for fuel or chemcial production (kg)/Upstream Processes (cradle-to-gate)","processType":"UNIT_PROCESS","flowType":"PRODUCT_FLOW"},"exchange":{"@type":"Exchange","internalId":4}},{"provider":{"@type":"Process","@id":"96140667-b3ca-45f8-a452-96ead9e3347f","name":"Upstream Process","category":"Case 2: Hydrogen Use (Cradle-to-grave) for fuel or chemcial production (kg)/Upstream Processes (cradle-to-gate)","processType":"UNIT_PROCESS","flowType":"PRODUCT_FLOW"},"flow":{"@type":"Flow","@id":"3e07e07a-2ee2-4e16-aac0-9ef84e148c45","name":"Upstream Process","flowType":"PRODUCT_FLOW","refUnit":"Item(s)"},"process":{"@type":"Process","@id":"573878fc-79a4-4db8-97b1-a50683f1a0c2","name":"Hydrogen Use: Fuel/Chemical Production ","category":"Case 2: Hydrogen Use (Cradle-to-grave) for fuel or chemcial production (kg)","processType":"UNIT_PROCESS","flowType":"PRODUCT_FLOW"},"exchange":{"@type":"Exchange","internalId":3}},{"provider":{"@type":"Process","@id":"e007c90d-60f3-4327-937f-3edebd5b44f8","name":"Upstream Process: Transportation to Gate","category":"Case 2: Hydrogen Use (Cradle-to-grave) for fuel or chemcial production (kg)/Upstream Processes (cradle-to-gate)","processType":"UNIT_PROCESS","flowType":"PRODUCT_FLOW"},"flow":{"@type":"Flow","@id":"a9ea2dce-312e-439c-b2f9-204d0d722089","name":"Upstream Process: Transportation to Gate","flowType":"PRODUCT_FLOW","refUnit":"Item(s)"},"process":{"@type":"Process","@id":"96140667-b3ca-45f8-a452-96ead9e3347f","name":"Upstream Process","category":"Case 2: Hydrogen Use (Cradle-to-grave) for fuel or chemcial production (kg)/Upstream Processes (cradle-to-gate)","processType":"UNIT_PROCESS","flowType":"PRODUCT_FLOW"},"exchange":{"@type":"Exchange","internalId":5}},{"provider":{"@type":"Process","@id":"fe2a584d-4d1e-44ac-95db-a0e6813beb79","name":"Core Process","category":"Case 2: Hydrogen Use (Cradle-to-grave) for fuel or chemcial production (kg)/Core Processes (gate-to-gate)","processType":"UNIT_PROCESS","flowType":"PRODUCT_FLOW"},"flow":{"@type":"Flow","@id":"d713078c-4f2b-4dc5-b230-27e85ad96eb9","name":"Core Process","flowType":"PRODUCT_FLOW","refUnit":"Item(s)"},"process":{"@type":"Process","@id":"573878fc-79a4-4db8-97b1-a50683f1a0c2","name":"Hydrogen Use: Fuel/Chemical Production ","category":"Case 2: Hydrogen Use (Cradle-to-grave) for fuel or chemcial production (kg)","processType":"UNIT_PROCESS","flowType":"PRODUCT_FLOW"},"exchange":{"@type":"Exchange","internalId":2}},{"provider":{"@type":"Process","@id":"114d016b-73a6-44fd-a749-11386ef0efa1","name":"Upstream Process: Capital Goods","category":"Case 2: Hydrogen Use (Cradle-to-grave) for fuel or chemcial production (kg)/Upstream Processes (cradle-to-gate)","processType":"UNIT_PROCESS","flowType":"PRODUCT_FLOW"},"flow":{"@type":"Flow","@id":"4eaabce8-5f0c-4f58-bdd9-8d072529f9fc","name":"Upstream Process: Capital Goods","flowType":"PRODUCT_FLOW","refUnit":"Item(s)"},"process":{"@type":"Process","@id":"96140667-b3ca-45f8-a452-96ead9e3347f","name":"Upstream Process","category":"Case 2: Hydrogen Use (Cradle-to-grave) for fuel or chemcial production (kg)/Upstream Processes (cradle-to-gate)","processType":"UNIT_PROCESS","flowType":"PRODUCT_FLOW"},"exchange":{"@type":"Exchange","internalId":2}},{"provider":{"@type":"Process","@id":"18d63c24-2a26-4b5f-9aed-40adcf6fb26e","name":"Core Process: Waste Treatment","category":"Case 2: Hydrogen Use (Cradle-to-grave) for fuel or chemcial production (kg)/Core Processes (gate-to-gate)","processType":"UNIT_PROCESS","flowType":"WASTE_FLOW"},"flow":{"@type":"Flow","@id":"fcb757ef-ab5e-4942-b991-aad99a302384","name":"Core Process: Waste Treatment","flowType":"WASTE_FLOW","refUnit":"Item(s)"},"process":{"@type":"Process","@id":"fe2a584d-4d1e-44ac-95db-a0e6813beb79","name":"Core Process","category":"Case 2: Hydrogen Use (Cradle-to-grave) for fuel or chemcial production (kg)/Core Processes (gate-to-gate)","processType":"UNIT_PROCESS","flowType":"PRODUCT_FLOW"},"exchange":{"@type":"Exchange","internalId":5}},{"provider":{"@type":"Process","@id":"86a86b40-1c8b-485b-9b1f-17f1d3d6056e","name":"Core Process: Storage","category":"Case 2: Hydrogen Use (Cradle-to-grave) for fuel or chemcial production (kg)/Core Processes (gate-to-gate)","processType":"UNIT_PROCESS","flowType":"PRODUCT_FLOW"},"flow":{"@type":"Flow","@id":"78cd2445-6e85-4083-b8e2-a412bb49a077","name":"Core Process: Storage","flowType":"PRODUCT_FLOW","refUnit":"Item(s)"},"process":{"@type":"Process","@id":"fe2a584d-4d1e-44ac-95db-a0e6813beb79","name":"Core Process","category":"Case 2: Hydrogen Use (Cradle-to-grave) for fuel or chemcial production (kg)/Core Processes (gate-to-gate)","processType":"UNIT_PROCESS","flowType":"PRODUCT_FLOW"},"exchange":{"@type":"Exchange","internalId":6}},{"provider":{"@type":"Process","@id":"466202e0-517f-4d9b-8253-0df832186988","name":"Core Process: Capital Goods","category":"Case 2: Hydrogen Use (Cradle-to-grave) for fuel or chemcial production (kg)/Core Processes (gate-to-gate)","processType":"UNIT_PROCESS","flowType":"PRODUCT_FLOW"},"flow":{"@type":"Flow","@id":"5694cbbb-f93a-4803-84a8-c4b55e32f833","name":"Core Process: Capital Goods","flowType":"PRODUCT_FLOW","refUnit":"Item(s)"},"process":{"@type":"Process","@id":"fe2a584d-4d1e-44ac-95db-a0e6813beb79","name":"Core Process","category":"Case 2: Hydrogen Use (Cradle-to-grave) for fuel or chemcial production (kg)/Core Processes (gate-to-gate)","processType":"UNIT_PROCESS","flowType":"PRODUCT_FLOW"},"exchange":{"@type":"Exchange","internalId":3}},{"provider":{"@type":"Process","@id":"f5a9d33a-7802-4486-8a91-470064b612ce","name":"Downstream Process: Distribution","category":"Case 2: Hydrogen Use (Cradle-to-grave) for fuel or chemcial production (kg)/Downstream Process (gate-to-grave)","processType":"UNIT_PROCESS","flowType":"PRODUCT_FLOW"},"flow":{"@type":"Flow","@id":"6d6f755b-387a-415c-aa21-8beb221054e7","name":"Downstream Process: Distribution","flowType":"PRODUCT_FLOW","refUnit":"Item(s)"},"process":{"@type":"Process","@id":"ea1009a7-ae36-466b-ba8f-87657f5bdab1","name":"Downstream Process","category":"Case 2: Hydrogen Use (Cradle-to-grave) for fuel or chemcial production (kg)/Downstream Process (gate-to-grave)","processType":"UNIT_PROCESS","flowType":"PRODUCT_FLOW"},"exchange":{"@type":"Exchange","internalId":2}},{"provider":{"@type":"Process","@id":"c0999751-ab7b-48d9-a1a1-f9519507231e","name":"Core Process: Energy Consumption","category":"Case 2: Hydrogen Use (Cradle-to-grave) for fuel or chemcial production (kg)/Core Processes (gate-to-gate)","processType":"UNIT_PROCESS","flowType":"PRODUCT_FLOW"},"flow":{"@type":"Flow","@id":"f5d66379-85aa-4dc7-8809-b4d467ffd282","name":"Core Process: Energy Consumption","flowType":"PRODUCT_FLOW","refUnit":"Item(s)"},"process":{"@type":"Process","@id":"fe2a584d-4d1e-44ac-95db-a0e6813beb79","name":"Core Process","category":"Case 2: Hydrogen Use (Cradle-to-grave) for fuel or chemcial production (kg)/Core Processes (gate-to-gate)","processType":"UNIT_PROCESS","flowType":"PRODUCT_FLOW"},"exchange":{"@type":"Exchange","internalId":4}},{"provider":{"@type":"Process","@id":"a4611b2d-1844-4dd5-a772-59ab563e39ab","name":"Downstream Process: Use","category":"Case 2: Hydrogen Use (Cradle-to-grave) for fuel or chemcial production (kg)/Downstream Process (gate-to-grave)","processType":"UNIT_PROCESS","flowType":"PRODUCT_FLOW"},"flow":{"@type":"Flow","@id":"bb0920ae-5e02-4285-90a0-0e6c93fe25ff","name":"Downstream Process: Use","flowType":"PRODUCT_FLOW","refUnit":"Item(s)"},"process":{"@type":"Process","@id":"ea1009a7-ae36-466b-ba8f-87657f5bdab1","name":"Downstream Process","category":"Case 2: Hydrogen Use (Cradle-to-grave) for fuel or chemcial production (kg)/Downstream Process (gate-to-grave)","processType":"UNIT_PROCESS","flowType":"PRODUCT_FLOW"},"exchange":{"@type":"Exchange","internalId":3}},{"provider":{"@type":"Process","@id":"caf99b31-678c-4b0c-b0f8-4e0f20c6fb7a","name":"Core Process: Auxillary Materials","category":"Case 2: Hydrogen Use (Cradle-to-grave) for fuel or chemcial production (kg)/Core Processes (gate-to-gate)","processType":"UNIT_PROCESS","flowType":"PRODUCT_FLOW"},"flow":{"@type":"Flow","@id":"0dcedfd9-1154-48c5-9f54-0093a3727e97","name":"Core Process: Auxillary Materials","flowType":"PRODUCT_FLOW","refUnit":"Item(s)"},"process":{"@type":"Process","@id":"fe2a584d-4d1e-44ac-95db-a0e6813beb79","name":"Core Process","category":"Case 2: Hydrogen Use (Cradle-to-grave) for fuel or chemcial production (kg)/Core Processes (gate-to-gate)","processType":"UNIT_PROCESS","flowType":"PRODUCT_FLOW"},"exchange":{"@type":"Exchange","internalId":2}},{"provider":{"@type":"Process","@id":"2a84c5a7-7ed9-4309-a6c1-734a4a8ffc17","name":"Downstream Process: End-of-Life","category":"Case 2: Hydrogen Use (Cradle-to-grave) for fuel or chemcial production (kg)/Downstream Process (gate-to-grave)","processType":"UNIT_PROCESS","flowType":"WASTE_FLOW"},"flow":{"@type":"Flow","@id":"b02bfda4-f830-4c7f-b672-10102e5d804f","name":"Downstream Process: End-of-Life","flowType":"WASTE_FLOW","refUnit":"Item(s)"},"process":{"@type":"Process","@id":"ea1009a7-ae36-466b-ba8f-87657f5bdab1","name":"Downstream Process","category":"Case 2: Hydrogen Use (Cradle-to-grave) for fuel or chemcial production (kg)/Downstream Process (gate-to-grave)","processType":"UNIT_PROCESS","flowType":"PRODUCT_FLOW"},"exchange":{"@type":"Exchange","internalId":4}}]}