{"@type":"Process","@id":"e3099b1a-f160-405a-a871-19758effeddd","name":"Manufacturing Stage: Transportation of Raw Materials","description":"","category":"Case 2: Hydrogen Use (Cradle-to-grave) for cogeneration (MJ)/Manufacturing Stage","version":"00.00.002","lastChange":"2023-08-21T12:26:08.049Z","processType":"UNIT_PROCESS","isInfrastructureProcess":false,"processDocumentation":{"isCopyrightProtected":false,"creationDate":"2023-08-21T14:06:16.804"},"lastInternalId":1,"parameters":[],"exchanges":[{"@type":"Exchange","isAvoidedProduct":false,"isInput":false,"amount":1.0,"internalId":1,"flow":{"@type":"Flow","@id":"6bd1dcd1-57e0-49bb-84e9-7f2a2ad00054","name":"Manufacturing Stage: End-of-life","flowType":"PRODUCT_FLOW","refUnit":"Item(s)"},"unit":{"@type":"Unit","@id":"6dabe201-aaac-4509-92f0-d00c26cb72ab","name":"Item(s)"},"flowProperty":{"@type":"FlowProperty","@id":"01846770-4cfe-4a25-8ad9-919d8d378345","name":"Number of items","category":"Technical flow properties","refUnit":"Item(s)"},"isQuantitativeReference":true}],"socialAspects":[],"allocationFactors":[]}