{"@type":"ProductSystem","@id":"44336b8d-5f39-4e40-a1e6-55088d264bf3","name":"Hydrogen Production (Cradle-to-gate 1) (MJ)","description":"First created: 2024-03-25T10:14:49\nLinking approach during creation: Prefer default providers; Preferred process type: System process","version":"00.00.000","lastChange":"2024-03-25T09:14:49.695Z","refProcess":{"@type":"Process","@id":"96d68f8c-26ab-4213-89cd-924903e73b96","name":"Hydrogen Production (Cradle-to-gate 1) (MJ)","category":"Case 1: Hydrogen Production (Cradle-to-gate 1) (MJ)","processType":"UNIT_PROCESS","flowType":"PRODUCT_FLOW"},"refExchange":{"@type":"Exchange","internalId":1,"flow":{"@type":"Flow","@id":"7cb81e16-f5b1-4d88-82bd-14ea2c0376f4","name":"Hydrogen Produced","flowType":"PRODUCT_FLOW","refUnit":"MJ"}},"targetFlowProperty":{"@type":"FlowProperty","@id":"f6811440-ee37-11de-8a39-0800200c9a66","name":"Energy","category":"Technical flow properties","refUnit":"MJ"},"targetUnit":{"@type":"Unit","@id":"52765a6c-3896-43c2-b2f4-c679acf13efe","name":"MJ"},"targetAmount":1.0,"processes":[{"@type":"Process","@id":"96d68f8c-26ab-4213-89cd-924903e73b96","name":"Hydrogen Production (Cradle-to-gate 1) (MJ)","category":"Case 1: Hydrogen Production (Cradle-to-gate 1) (MJ)","processType":"UNIT_PROCESS","flowType":"PRODUCT_FLOW"},{"@type":"Process","@id":"50db6b81-dcf1-4fa4-a480-f197a7888b4d","name":"Stage 2: Energy Consumption","category":"Case 1: Hydrogen Production (Cradle-to-gate 1) (MJ)/Stage 2: Hydrogen Production","processType":"UNIT_PROCESS","flowType":"PRODUCT_FLOW"},{"@type":"Process","@id":"fb457b0b-6f5f-440a-b30d-c0107e1c0f06","name":"Stage 2: Transportation","category":"Case 1: Hydrogen Production (Cradle-to-gate 1) (MJ)/Stage 2: Hydrogen Production","processType":"UNIT_PROCESS","flowType":"PRODUCT_FLOW"},{"@type":"Process","@id":"64363eee-0cd4-475b-9daa-bb2e017f8868","name":"Stage 2: Raw Materials","category":"Case 1: Hydrogen Production (Cradle-to-gate 1) (MJ)/Stage 2: Hydrogen Production","processType":"UNIT_PROCESS","flowType":"PRODUCT_FLOW"},{"@type":"Process","@id":"254b1f6f-647f-4047-ac0d-839c23120a2d","name":"Stage 2: Capital Goods","category":"Case 1: Hydrogen Production (Cradle-to-gate 1) (MJ)/Stage 2: Hydrogen Production","processType":"UNIT_PROCESS","flowType":"PRODUCT_FLOW"}],"processLinks":[{"provider":{"@type":"Process","@id":"254b1f6f-647f-4047-ac0d-839c23120a2d","name":"Stage 2: Capital Goods","category":"Case 1: Hydrogen Production (Cradle-to-gate 1) (MJ)/Stage 2: Hydrogen Production","processType":"UNIT_PROCESS","flowType":"PRODUCT_FLOW"},"flow":{"@type":"Flow","@id":"eb136cd4-a7a5-473d-abdf-75d3ca1866f6","name":"Stage 2: Capital Goods","flowType":"PRODUCT_FLOW","refUnit":"Item(s)"},"process":{"@type":"Process","@id":"96d68f8c-26ab-4213-89cd-924903e73b96","name":"Hydrogen Production (Cradle-to-gate 1) (MJ)","category":"Case 1: Hydrogen Production (Cradle-to-gate 1) (MJ)","processType":"UNIT_PROCESS","flowType":"PRODUCT_FLOW"},"exchange":{"@type":"Exchange","internalId":4}},{"provider":{"@type":"Process","@id":"50db6b81-dcf1-4fa4-a480-f197a7888b4d","name":"Stage 2: Energy Consumption","category":"Case 1: Hydrogen Production (Cradle-to-gate 1) (MJ)/Stage 2: Hydrogen Production","processType":"UNIT_PROCESS","flowType":"PRODUCT_FLOW"},"flow":{"@type":"Flow","@id":"22d3c391-f73f-4e75-be86-210e2f094fd3","name":"Stage 2: Energy Consumption","flowType":"PRODUCT_FLOW","refUnit":"Item(s)"},"process":{"@type":"Process","@id":"96d68f8c-26ab-4213-89cd-924903e73b96","name":"Hydrogen Production (Cradle-to-gate 1) (MJ)","category":"Case 1: Hydrogen Production (Cradle-to-gate 1) (MJ)","processType":"UNIT_PROCESS","flowType":"PRODUCT_FLOW"},"exchange":{"@type":"Exchange","internalId":5}},{"provider":{"@type":"Process","@id":"64363eee-0cd4-475b-9daa-bb2e017f8868","name":"Stage 2: Raw Materials","category":"Case 1: Hydrogen Production (Cradle-to-gate 1) (MJ)/Stage 2: Hydrogen Production","processType":"UNIT_PROCESS","flowType":"PRODUCT_FLOW"},"flow":{"@type":"Flow","@id":"364d87b5-99a3-4b87-b24a-1429225883da","name":"Stage 2: Raw Materials","flowType":"PRODUCT_FLOW","refUnit":"Item(s)"},"process":{"@type":"Process","@id":"96d68f8c-26ab-4213-89cd-924903e73b96","name":"Hydrogen Production (Cradle-to-gate 1) (MJ)","category":"Case 1: Hydrogen Production (Cradle-to-gate 1) (MJ)","processType":"UNIT_PROCESS","flowType":"PRODUCT_FLOW"},"exchange":{"@type":"Exchange","internalId":6}},{"provider":{"@type":"Process","@id":"fb457b0b-6f5f-440a-b30d-c0107e1c0f06","name":"Stage 2: Transportation","category":"Case 1: Hydrogen Production (Cradle-to-gate 1) (MJ)/Stage 2: Hydrogen Production","processType":"UNIT_PROCESS","flowType":"PRODUCT_FLOW"},"flow":{"@type":"Flow","@id":"54e0f1c1-8696-4a6e-93d3-d5460372c6fe","name":"Stage 2: Transportation","flowType":"PRODUCT_FLOW","refUnit":"Item(s)"},"process":{"@type":"Process","@id":"96d68f8c-26ab-4213-89cd-924903e73b96","name":"Hydrogen Production (Cradle-to-gate 1) (MJ)","category":"Case 1: Hydrogen Production (Cradle-to-gate 1) (MJ)","processType":"UNIT_PROCESS","flowType":"PRODUCT_FLOW"},"exchange":{"@type":"Exchange","internalId":7}}]}