{"@type":"ProductSystem","@id":"d73f81d3-33a2-42b5-9d04-a7de4d13bad4","name":"Hydrogen Production (Cradle-to-gate 1) (MJ)","description":"First created: 2023-10-02T10:35:55\nLinking approach during creation: Prefer default providers; Preferred process type: System process","version":"00.00.000","lastChange":"2023-10-02T08:35:55.535Z","refProcess":{"@type":"Process","@id":"96d68f8c-26ab-4213-89cd-924903e73b96","name":"Hydrogen Production (Cradle-to-gate 1) (MJ)","category":"Case 1: Hydrogen Production (Cradle-to-gate 1) (MJ)","processType":"UNIT_PROCESS","flowType":"PRODUCT_FLOW"},"refExchange":{"@type":"Exchange","internalId":1,"flow":{"@type":"Flow","@id":"7cb81e16-f5b1-4d88-82bd-14ea2c0376f4","name":"Hydrogen Produced","flowType":"PRODUCT_FLOW","refUnit":"MJ"}},"targetFlowProperty":{"@type":"FlowProperty","@id":"f6811440-ee37-11de-8a39-0800200c9a66","name":"Energy","category":"Technical flow properties","refUnit":"MJ"},"targetUnit":{"@type":"Unit","@id":"52765a6c-3896-43c2-b2f4-c679acf13efe","name":"MJ"},"targetAmount":1.0,"processes":[{"@type":"Process","@id":"77ef4998-01ea-4d26-9b93-b3dba168cbd0","name":"Mining \u0026 Preparation","category":"Case 1: Hydrogen Production (Cradle-to-gate 1) (MJ)/Stage 1: Mining \u0026 Preparation","processType":"UNIT_PROCESS","flowType":"PRODUCT_FLOW"},{"@type":"Process","@id":"96d68f8c-26ab-4213-89cd-924903e73b96","name":"Hydrogen Production (Cradle-to-gate 1) (MJ)","category":"Case 1: Hydrogen Production (Cradle-to-gate 1) (MJ)","processType":"UNIT_PROCESS","flowType":"PRODUCT_FLOW"},{"@type":"Process","@id":"eb7023d4-afa9-4d04-adcc-cc3f8a6f9eef","name":"Stage 1: Raw Materials","category":"Case 1: Hydrogen Production (Cradle-to-gate 1) (MJ)/Stage 1: Mining \u0026 Preparation","processType":"UNIT_PROCESS","flowType":"PRODUCT_FLOW"},{"@type":"Process","@id":"b813fd6d-4e04-4b23-baba-2d643ce61903","name":"Stage 1: Transportation","category":"Case 1: Hydrogen Production (Cradle-to-gate 1) (MJ)/Stage 1: Mining \u0026 Preparation","processType":"UNIT_PROCESS","flowType":"PRODUCT_FLOW"},{"@type":"Process","@id":"9a4e7638-db26-4afe-86af-fe2bbf1380f8","name":"Stage 1: Capital Goods","category":"Case 1: Hydrogen Production (Cradle-to-gate 1) (MJ)/Stage 1: Mining \u0026 Preparation","processType":"UNIT_PROCESS","flowType":"PRODUCT_FLOW"},{"@type":"Process","@id":"64363eee-0cd4-475b-9daa-bb2e017f8868","name":"Stage 2: Raw Materials","category":"Case 1: Hydrogen Production (Cradle-to-gate 1) (MJ)/Stage 2: Hydrogen Production","processType":"UNIT_PROCESS","flowType":"PRODUCT_FLOW"},{"@type":"Process","@id":"fb457b0b-6f5f-440a-b30d-c0107e1c0f06","name":"Stage 2: Transportation","category":"Case 1: Hydrogen Production (Cradle-to-gate 1) (MJ)/Stage 2: Hydrogen Production","processType":"UNIT_PROCESS","flowType":"PRODUCT_FLOW"},{"@type":"Process","@id":"bcc92d76-ee1c-4128-a0db-4ecc376a2bb8","name":"Stage 1: Energy Consumption","category":"Case 1: Hydrogen Production (Cradle-to-gate 1) (MJ)/Stage 1: Mining \u0026 Preparation","processType":"UNIT_PROCESS","flowType":"PRODUCT_FLOW"},{"@type":"Process","@id":"50db6b81-dcf1-4fa4-a480-f197a7888b4d","name":"Stage 2: Energy Consumption","category":"Case 1: Hydrogen Production (Cradle-to-gate 1) (MJ)/Stage 2: Hydrogen Production","processType":"UNIT_PROCESS","flowType":"PRODUCT_FLOW"},{"@type":"Process","@id":"254b1f6f-647f-4047-ac0d-839c23120a2d","name":"Stage 2: Capital Goods","category":"Case 1: Hydrogen Production (Cradle-to-gate 1) (MJ)/Stage 2: Hydrogen Production","processType":"UNIT_PROCESS","flowType":"PRODUCT_FLOW"},{"@type":"Process","@id":"a9a54adc-5d47-48f6-8679-0a648d52c186","name":"Hydrogen Production","category":"Case 1: Hydrogen Production (Cradle-to-gate 1) (MJ)/Stage 2: Hydrogen Production","processType":"UNIT_PROCESS","flowType":"PRODUCT_FLOW"}],"processLinks":[{"provider":{"@type":"Process","@id":"77ef4998-01ea-4d26-9b93-b3dba168cbd0","name":"Mining \u0026 Preparation","category":"Case 1: Hydrogen Production (Cradle-to-gate 1) (MJ)/Stage 1: Mining \u0026 Preparation","processType":"UNIT_PROCESS","flowType":"PRODUCT_FLOW"},"flow":{"@type":"Flow","@id":"2965a222-0609-4970-8464-592891d3be00","name":"Mining \u0026 Preparation","flowType":"PRODUCT_FLOW","refUnit":"Item(s)"},"process":{"@type":"Process","@id":"96d68f8c-26ab-4213-89cd-924903e73b96","name":"Hydrogen Production (Cradle-to-gate 1) (MJ)","category":"Case 1: Hydrogen Production (Cradle-to-gate 1) (MJ)","processType":"UNIT_PROCESS","flowType":"PRODUCT_FLOW"},"exchange":{"@type":"Exchange","internalId":3}},{"provider":{"@type":"Process","@id":"50db6b81-dcf1-4fa4-a480-f197a7888b4d","name":"Stage 2: Energy Consumption","category":"Case 1: Hydrogen Production (Cradle-to-gate 1) (MJ)/Stage 2: Hydrogen Production","processType":"UNIT_PROCESS","flowType":"PRODUCT_FLOW"},"flow":{"@type":"Flow","@id":"22d3c391-f73f-4e75-be86-210e2f094fd3","name":"Stage 2: Energy Consumption","flowType":"PRODUCT_FLOW","refUnit":"Item(s)"},"process":{"@type":"Process","@id":"a9a54adc-5d47-48f6-8679-0a648d52c186","name":"Hydrogen Production","category":"Case 1: Hydrogen Production (Cradle-to-gate 1) (MJ)/Stage 2: Hydrogen Production","processType":"UNIT_PROCESS","flowType":"PRODUCT_FLOW"},"exchange":{"@type":"Exchange","internalId":4}},{"provider":{"@type":"Process","@id":"bcc92d76-ee1c-4128-a0db-4ecc376a2bb8","name":"Stage 1: Energy Consumption","category":"Case 1: Hydrogen Production (Cradle-to-gate 1) (MJ)/Stage 1: Mining \u0026 Preparation","processType":"UNIT_PROCESS","flowType":"PRODUCT_FLOW"},"flow":{"@type":"Flow","@id":"f5914253-6230-4428-8301-e1fdb2151672","name":"Stage 1: Energy Consumption","flowType":"PRODUCT_FLOW","refUnit":"Item(s)"},"process":{"@type":"Process","@id":"77ef4998-01ea-4d26-9b93-b3dba168cbd0","name":"Mining \u0026 Preparation","category":"Case 1: Hydrogen Production (Cradle-to-gate 1) (MJ)/Stage 1: Mining \u0026 Preparation","processType":"UNIT_PROCESS","flowType":"PRODUCT_FLOW"},"exchange":{"@type":"Exchange","internalId":7}},{"provider":{"@type":"Process","@id":"9a4e7638-db26-4afe-86af-fe2bbf1380f8","name":"Stage 1: Capital Goods","category":"Case 1: Hydrogen Production (Cradle-to-gate 1) (MJ)/Stage 1: Mining \u0026 Preparation","processType":"UNIT_PROCESS","flowType":"PRODUCT_FLOW"},"flow":{"@type":"Flow","@id":"333efdd5-8db6-4efb-a00d-7365225786f1","name":"Stage 1: Capital Goods","flowType":"PRODUCT_FLOW","refUnit":"Item(s)"},"process":{"@type":"Process","@id":"77ef4998-01ea-4d26-9b93-b3dba168cbd0","name":"Mining \u0026 Preparation","category":"Case 1: Hydrogen Production (Cradle-to-gate 1) (MJ)/Stage 1: Mining \u0026 Preparation","processType":"UNIT_PROCESS","flowType":"PRODUCT_FLOW"},"exchange":{"@type":"Exchange","internalId":6}},{"provider":{"@type":"Process","@id":"254b1f6f-647f-4047-ac0d-839c23120a2d","name":"Stage 2: Capital Goods","category":"Case 1: Hydrogen Production (Cradle-to-gate 1) (MJ)/Stage 2: Hydrogen Production","processType":"UNIT_PROCESS","flowType":"PRODUCT_FLOW"},"flow":{"@type":"Flow","@id":"eb136cd4-a7a5-473d-abdf-75d3ca1866f6","name":"Stage 2: Capital Goods","flowType":"PRODUCT_FLOW","refUnit":"Item(s)"},"process":{"@type":"Process","@id":"a9a54adc-5d47-48f6-8679-0a648d52c186","name":"Hydrogen Production","category":"Case 1: Hydrogen Production (Cradle-to-gate 1) (MJ)/Stage 2: Hydrogen Production","processType":"UNIT_PROCESS","flowType":"PRODUCT_FLOW"},"exchange":{"@type":"Exchange","internalId":3}},{"provider":{"@type":"Process","@id":"64363eee-0cd4-475b-9daa-bb2e017f8868","name":"Stage 2: Raw Materials","category":"Case 1: Hydrogen Production (Cradle-to-gate 1) (MJ)/Stage 2: Hydrogen Production","processType":"UNIT_PROCESS","flowType":"PRODUCT_FLOW"},"flow":{"@type":"Flow","@id":"364d87b5-99a3-4b87-b24a-1429225883da","name":"Stage 2: Raw Materials","flowType":"PRODUCT_FLOW","refUnit":"Item(s)"},"process":{"@type":"Process","@id":"a9a54adc-5d47-48f6-8679-0a648d52c186","name":"Hydrogen Production","category":"Case 1: Hydrogen Production (Cradle-to-gate 1) (MJ)/Stage 2: Hydrogen Production","processType":"UNIT_PROCESS","flowType":"PRODUCT_FLOW"},"exchange":{"@type":"Exchange","internalId":2}},{"provider":{"@type":"Process","@id":"a9a54adc-5d47-48f6-8679-0a648d52c186","name":"Hydrogen Production","category":"Case 1: Hydrogen Production (Cradle-to-gate 1) (MJ)/Stage 2: Hydrogen Production","processType":"UNIT_PROCESS","flowType":"PRODUCT_FLOW"},"flow":{"@type":"Flow","@id":"3ba1157e-3bc9-4552-8623-d565e4594a8e","name":"Hydrogen Production","flowType":"PRODUCT_FLOW","refUnit":"Item(s)"},"process":{"@type":"Process","@id":"96d68f8c-26ab-4213-89cd-924903e73b96","name":"Hydrogen Production (Cradle-to-gate 1) (MJ)","category":"Case 1: Hydrogen Production (Cradle-to-gate 1) (MJ)","processType":"UNIT_PROCESS","flowType":"PRODUCT_FLOW"},"exchange":{"@type":"Exchange","internalId":2}},{"provider":{"@type":"Process","@id":"fb457b0b-6f5f-440a-b30d-c0107e1c0f06","name":"Stage 2: Transportation","category":"Case 1: Hydrogen Production (Cradle-to-gate 1) (MJ)/Stage 2: Hydrogen Production","processType":"UNIT_PROCESS","flowType":"PRODUCT_FLOW"},"flow":{"@type":"Flow","@id":"54e0f1c1-8696-4a6e-93d3-d5460372c6fe","name":"Stage 2: Transportation","flowType":"PRODUCT_FLOW","refUnit":"Item(s)"},"process":{"@type":"Process","@id":"a9a54adc-5d47-48f6-8679-0a648d52c186","name":"Hydrogen Production","category":"Case 1: Hydrogen Production (Cradle-to-gate 1) (MJ)/Stage 2: Hydrogen Production","processType":"UNIT_PROCESS","flowType":"PRODUCT_FLOW"},"exchange":{"@type":"Exchange","internalId":5}},{"provider":{"@type":"Process","@id":"b813fd6d-4e04-4b23-baba-2d643ce61903","name":"Stage 1: Transportation","category":"Case 1: Hydrogen Production (Cradle-to-gate 1) (MJ)/Stage 1: Mining \u0026 Preparation","processType":"UNIT_PROCESS","flowType":"PRODUCT_FLOW"},"flow":{"@type":"Flow","@id":"20273fa8-d1f9-4e21-a7e6-e35d468d9424","name":"Stage 1: Transportation","flowType":"PRODUCT_FLOW","refUnit":"Item(s)"},"process":{"@type":"Process","@id":"77ef4998-01ea-4d26-9b93-b3dba168cbd0","name":"Mining \u0026 Preparation","category":"Case 1: Hydrogen Production (Cradle-to-gate 1) (MJ)/Stage 1: Mining \u0026 Preparation","processType":"UNIT_PROCESS","flowType":"PRODUCT_FLOW"},"exchange":{"@type":"Exchange","internalId":9}},{"provider":{"@type":"Process","@id":"eb7023d4-afa9-4d04-adcc-cc3f8a6f9eef","name":"Stage 1: Raw Materials","category":"Case 1: Hydrogen Production (Cradle-to-gate 1) (MJ)/Stage 1: Mining \u0026 Preparation","processType":"UNIT_PROCESS","flowType":"PRODUCT_FLOW"},"flow":{"@type":"Flow","@id":"0356eda4-5b9d-4450-849a-08f1cc2a14da","name":"Stage 1: Raw Materials","flowType":"PRODUCT_FLOW","refUnit":"Item(s)"},"process":{"@type":"Process","@id":"77ef4998-01ea-4d26-9b93-b3dba168cbd0","name":"Mining \u0026 Preparation","category":"Case 1: Hydrogen Production (Cradle-to-gate 1) (MJ)/Stage 1: Mining \u0026 Preparation","processType":"UNIT_PROCESS","flowType":"PRODUCT_FLOW"},"exchange":{"@type":"Exchange","internalId":8}}]}