{"@type":"Process","@id":"44f61aa3-66e8-4e45-8d2f-209e05dc7746","name":"Hydrogen Production \u0026 Use for transportation","description":"","category":"Case 2: Hydrogen Use (Cradle-to-grave) for transportation (p.km)","version":"00.00.009","lastChange":"2023-10-05T12:49:32.718Z","processType":"UNIT_PROCESS","isInfrastructureProcess":false,"processDocumentation":{"isCopyrightProtected":false,"creationDate":"2023-08-16T16:24:22.757"},"lastInternalId":9,"parameters":[],"exchanges":[{"@type":"Exchange","isAvoidedProduct":false,"isInput":false,"amount":1.0,"internalId":1,"flow":{"@type":"Flow","@id":"4fe10019-2951-43ea-b00b-8ea8c337c5c2","name":"distance travelled ","flowType":"PRODUCT_FLOW","refUnit":"p*km"},"unit":{"@type":"Unit","@id":"fe8da65d-f0ea-4496-b13e-1955aaa412d7","name":"p*km"},"flowProperty":{"@type":"FlowProperty","@id":"8766e10f-9f41-4db0-8173-ad0d002a5b98","name":"Person transport","category":"Technical flow properties","refUnit":"p*km"},"isQuantitativeReference":true},{"@type":"Exchange","isAvoidedProduct":false,"isInput":false,"amount":1.0,"internalId":9,"flow":{"@type":"Flow","@id":"4cba3f15-f0b3-4c5a-9791-32a6228a8668","name":"Vehicle End-of-life","flowType":"WASTE_FLOW","refUnit":"Item(s)"},"unit":{"@type":"Unit","@id":"6dabe201-aaac-4509-92f0-d00c26cb72ab","name":"Item(s)"},"flowProperty":{"@type":"FlowProperty","@id":"01846770-4cfe-4a25-8ad9-919d8d378345","name":"Number of items","category":"Technical flow properties","refUnit":"Item(s)"},"defaultProvider":{"@type":"Process","@id":"e15815d1-fa34-411e-b0d1-75ae57ee9ae2","name":"Vehicle End-of-life","category":"Case 2: Hydrogen Use (Cradle-to-grave) for transportation (p.km)/Vehicle End-of-life Stage","processType":"UNIT_PROCESS","flowType":"WASTE_FLOW"}},{"@type":"Exchange","isAvoidedProduct":false,"isInput":true,"amount":1.0,"internalId":8,"flow":{"@type":"Flow","@id":"052b6e2f-0d3b-4633-8f14-c37888a18937","name":"Vehicle Production","flowType":"PRODUCT_FLOW","refUnit":"Item(s)"},"unit":{"@type":"Unit","@id":"6dabe201-aaac-4509-92f0-d00c26cb72ab","name":"Item(s)"},"flowProperty":{"@type":"FlowProperty","@id":"01846770-4cfe-4a25-8ad9-919d8d378345","name":"Number of items","category":"Technical flow properties","refUnit":"Item(s)"},"defaultProvider":{"@type":"Process","@id":"32c5e86a-3b57-46a0-b971-ced6440a24e9","name":"Vehicle Production","category":"Case 2: Hydrogen Use (Cradle-to-grave) for transportation (p.km)/Vehicle Production","processType":"UNIT_PROCESS","flowType":"PRODUCT_FLOW"}},{"@type":"Exchange","isAvoidedProduct":false,"isInput":true,"amount":1.0,"internalId":7,"flow":{"@type":"Flow","@id":"554c6b4f-5693-4b8a-9c29-18f8d598454e","name":"Use/Maintenance ","flowType":"PRODUCT_FLOW","refUnit":"Item(s)"},"unit":{"@type":"Unit","@id":"6dabe201-aaac-4509-92f0-d00c26cb72ab","name":"Item(s)"},"flowProperty":{"@type":"FlowProperty","@id":"01846770-4cfe-4a25-8ad9-919d8d378345","name":"Number of items","category":"Technical flow properties","refUnit":"Item(s)"},"defaultProvider":{"@type":"Process","@id":"7238b0c8-2a2e-4698-8299-3570cc7a4e4a","name":"Use/Maintenance","category":"Case 2: Hydrogen Use (Cradle-to-grave) for transportation (p.km)/Vehicle Use Stage","processType":"UNIT_PROCESS","flowType":"PRODUCT_FLOW"}}],"socialAspects":[],"allocationFactors":[]}