{"@type":"Process","@id":"144e5924-e576-42f8-bf75-ea96b378b752","name":"Stage 3: Transportation","description":"","category":"Case 1: Hydrogen Production (Cradle-to-gate 3) (kg)/Stage 3: Hydrogen Purification","version":"00.00.004","lastChange":"2023-08-11T11:52:36.497Z","processType":"UNIT_PROCESS","isInfrastructureProcess":false,"processDocumentation":{"isCopyrightProtected":false,"creationDate":"2023-08-11T12:52:19.140"},"lastInternalId":1,"parameters":[],"exchanges":[{"@type":"Exchange","isAvoidedProduct":false,"isInput":false,"amount":1.0,"internalId":1,"flow":{"@type":"Flow","@id":"9016044c-0b7a-4f53-88b2-65b93ba7394e","name":"Stage 3: Transportation","flowType":"PRODUCT_FLOW","refUnit":"Item(s)"},"unit":{"@type":"Unit","@id":"6dabe201-aaac-4509-92f0-d00c26cb72ab","name":"Item(s)"},"flowProperty":{"@type":"FlowProperty","@id":"01846770-4cfe-4a25-8ad9-919d8d378345","name":"Number of items","category":"Technical flow properties","refUnit":"Item(s)"},"isQuantitativeReference":true}],"socialAspects":[],"allocationFactors":[]}