{"@type":"Process","@id":"cc0af0d6-cf3c-45ca-b2c8-e3c5dc7440f2","name":"Stage 4: Transportation","description":"","category":"Case 1: Hydrogen Production (Cradle-to-gate 3) (kg)/Stage 4: Hydrogen Compression","version":"00.00.000","lastChange":"2023-08-11T12:06:00.268Z","processType":"UNIT_PROCESS","isInfrastructureProcess":false,"processDocumentation":{"isCopyrightProtected":false,"creationDate":"2023-08-11T14:06:00.263"},"lastInternalId":1,"parameters":[],"exchanges":[{"@type":"Exchange","isAvoidedProduct":false,"isInput":false,"amount":1.0,"internalId":1,"flow":{"@type":"Flow","@id":"ef6ad59a-275b-4032-821b-a57de476667e","name":"Stage 4: Transportation","flowType":"PRODUCT_FLOW","refUnit":"Item(s)"},"unit":{"@type":"Unit","@id":"6dabe201-aaac-4509-92f0-d00c26cb72ab","name":"Item(s)"},"flowProperty":{"@type":"FlowProperty","@id":"01846770-4cfe-4a25-8ad9-919d8d378345","name":"Number of items","category":"Technical flow properties","refUnit":"Item(s)"},"isQuantitativeReference":true}],"socialAspects":[],"allocationFactors":[]}