{"@type":"Process","@id":"28f4809d-20b7-44eb-afce-1fc03e682dfa","name":"Carbon capture and storage","description":"","category":"Case 1: Hydrogen Production (Cradle-to-gate 4) with CCS (MJ)/Carbon capture and storage","version":"00.00.009","lastChange":"2024-03-27T09:01:54.279Z","processType":"UNIT_PROCESS","isInfrastructureProcess":false,"processDocumentation":{"isCopyrightProtected":false,"creationDate":"2023-08-15T12:56:14.119"},"lastInternalId":13,"parameters":[],"exchanges":[{"@type":"Exchange","isAvoidedProduct":false,"isInput":false,"amount":1.0,"internalId":1,"flow":{"@type":"Flow","@id":"1bd5e8e5-0f95-4372-b076-975454963e8c","name":"Carbon capture and storage","flowType":"PRODUCT_FLOW","refUnit":"kg"},"unit":{"@type":"Unit","@id":"20aadc24-a391-41cf-b340-3e4529f44bde","name":"kg"},"flowProperty":{"@type":"FlowProperty","@id":"93a60a56-a3c8-11da-a746-0800200b9a66","name":"Mass","category":"Technical flow properties","refUnit":"kg"},"isQuantitativeReference":true},{"@type":"Exchange","isAvoidedProduct":false,"isInput":true,"amount":1.0,"internalId":13,"flow":{"@type":"Flow","@id":"c0ae6cec-04e2-410c-892e-52d5563cb4e9","name":"CCS: Transportation","flowType":"PRODUCT_FLOW","refUnit":"Item(s)"},"unit":{"@type":"Unit","@id":"6dabe201-aaac-4509-92f0-d00c26cb72ab","name":"Item(s)"},"flowProperty":{"@type":"FlowProperty","@id":"01846770-4cfe-4a25-8ad9-919d8d378345","name":"Number of items","category":"Technical flow properties","refUnit":"Item(s)"},"defaultProvider":{"@type":"Process","@id":"50a9119e-ef7d-4ff7-ac81-0089c3cff9ea","name":"CCS: Transportation","category":"Case 1: Hydrogen Production (Cradle-to-gate 4) with CCS (MJ)/Carbon capture and storage","processType":"UNIT_PROCESS","flowType":"PRODUCT_FLOW"}},{"@type":"Exchange","isAvoidedProduct":false,"isInput":true,"amount":1.0,"internalId":11,"flow":{"@type":"Flow","@id":"92f2350b-1764-43bb-adeb-179feb8c93c6","name":"CCS: Energy Consumption","flowType":"PRODUCT_FLOW","refUnit":"Item(s)"},"unit":{"@type":"Unit","@id":"6dabe201-aaac-4509-92f0-d00c26cb72ab","name":"Item(s)"},"flowProperty":{"@type":"FlowProperty","@id":"01846770-4cfe-4a25-8ad9-919d8d378345","name":"Number of items","category":"Technical flow properties","refUnit":"Item(s)"},"defaultProvider":{"@type":"Process","@id":"761d71fa-eac2-460b-bfdc-9231455b9140","name":"CCS: Energy Consumption","category":"Case 1: Hydrogen Production (Cradle-to-gate 4) with CCS (MJ)/Carbon capture and storage","processType":"UNIT_PROCESS","flowType":"PRODUCT_FLOW"}},{"@type":"Exchange","isAvoidedProduct":false,"isInput":true,"amount":1.0,"internalId":12,"flow":{"@type":"Flow","@id":"a480bd84-e195-4cba-8270-0f1cd3498dbe","name":"CCS: Raw Materials","flowType":"PRODUCT_FLOW","refUnit":"Item(s)"},"unit":{"@type":"Unit","@id":"6dabe201-aaac-4509-92f0-d00c26cb72ab","name":"Item(s)"},"flowProperty":{"@type":"FlowProperty","@id":"01846770-4cfe-4a25-8ad9-919d8d378345","name":"Number of items","category":"Technical flow properties","refUnit":"Item(s)"},"defaultProvider":{"@type":"Process","@id":"09ff32e9-a6f1-4ce4-b6a0-4fbc5eca7936","name":"CCS: Raw Materials","category":"Case 1: Hydrogen Production (Cradle-to-gate 4) with CCS (MJ)/Carbon capture and storage","processType":"UNIT_PROCESS","flowType":"PRODUCT_FLOW"}},{"@type":"Exchange","isAvoidedProduct":false,"isInput":true,"amount":1.0,"internalId":10,"flow":{"@type":"Flow","@id":"780f34b7-8c65-4224-b9e0-cff8a12a0072","name":"CCS: Capital Goods","flowType":"PRODUCT_FLOW","refUnit":"Item(s)"},"unit":{"@type":"Unit","@id":"6dabe201-aaac-4509-92f0-d00c26cb72ab","name":"Item(s)"},"flowProperty":{"@type":"FlowProperty","@id":"01846770-4cfe-4a25-8ad9-919d8d378345","name":"Number of items","category":"Technical flow properties","refUnit":"Item(s)"},"defaultProvider":{"@type":"Process","@id":"9f4f6f85-3ada-48f2-aabb-31f406bb5645","name":"CCS: Capital Goods","category":"Case 1: Hydrogen Production (Cradle-to-gate 4) with CCS (MJ)/Carbon capture and storage","processType":"UNIT_PROCESS","flowType":"PRODUCT_FLOW"}}],"socialAspects":[],"allocationFactors":[]}