{"@type":"Process","@id":"d87a1f23-9b5f-4b95-86d8-ca8562aae071","name":"Hydrogen Compression","description":"","category":"Case 1: Hydrogen Production (Cradle-to-gate 4) with CCS (MJ)/Stage 4: Hydrogen Compression","version":"00.00.007","lastChange":"2024-03-27T09:02:12.409Z","processType":"UNIT_PROCESS","isInfrastructureProcess":false,"processDocumentation":{"isCopyrightProtected":false,"creationDate":"2023-08-11T13:53:28.913"},"lastInternalId":9,"parameters":[],"exchanges":[{"@type":"Exchange","isAvoidedProduct":false,"isInput":false,"amount":1.0,"internalId":1,"flow":{"@type":"Flow","@id":"581291b9-1017-4cd6-80dc-48e6bb8a6152","name":"Hydrogen Compression","flowType":"PRODUCT_FLOW","refUnit":"kg"},"unit":{"@type":"Unit","@id":"20aadc24-a391-41cf-b340-3e4529f44bde","name":"kg"},"flowProperty":{"@type":"FlowProperty","@id":"93a60a56-a3c8-11da-a746-0800200b9a66","name":"Mass","category":"Technical flow properties","refUnit":"kg"},"isQuantitativeReference":true},{"@type":"Exchange","isAvoidedProduct":false,"isInput":true,"amount":1.0,"internalId":7,"flow":{"@type":"Flow","@id":"8f178ca4-a2d3-4cb8-a70b-1ca27570c0d9","name":"Stage 4: Energy Consumption","flowType":"PRODUCT_FLOW","refUnit":"Item(s)"},"unit":{"@type":"Unit","@id":"6dabe201-aaac-4509-92f0-d00c26cb72ab","name":"Item(s)"},"flowProperty":{"@type":"FlowProperty","@id":"01846770-4cfe-4a25-8ad9-919d8d378345","name":"Number of items","category":"Technical flow properties","refUnit":"Item(s)"},"defaultProvider":{"@type":"Process","@id":"d76173f5-a9d9-4d23-ba0e-217e40e37b0e","name":"Stage 4: Energy Consumption","category":"Case 1: Hydrogen Production (Cradle-to-gate 4) with CCS (MJ)/Stage 4: Hydrogen Compression","processType":"UNIT_PROCESS","flowType":"PRODUCT_FLOW"}},{"@type":"Exchange","isAvoidedProduct":false,"isInput":true,"amount":1.0,"internalId":8,"flow":{"@type":"Flow","@id":"9d88774f-2ef7-4f35-9ab0-82560f51cd8f","name":"Stage 4: Raw Materials","flowType":"PRODUCT_FLOW","refUnit":"Item(s)"},"unit":{"@type":"Unit","@id":"6dabe201-aaac-4509-92f0-d00c26cb72ab","name":"Item(s)"},"flowProperty":{"@type":"FlowProperty","@id":"01846770-4cfe-4a25-8ad9-919d8d378345","name":"Number of items","category":"Technical flow properties","refUnit":"Item(s)"},"defaultProvider":{"@type":"Process","@id":"972f9fbd-946d-4d78-93b2-60a21d8df7fd","name":"Stage 4: Raw Materials","category":"Case 1: Hydrogen Production (Cradle-to-gate 4) with CCS (MJ)/Stage 4: Hydrogen Compression","processType":"UNIT_PROCESS","flowType":"PRODUCT_FLOW"}},{"@type":"Exchange","isAvoidedProduct":false,"isInput":true,"amount":1.0,"internalId":6,"flow":{"@type":"Flow","@id":"debc9e81-39a2-4cb8-bd4a-962ac0a48fe2","name":"Stage 4: Capital Goods","flowType":"PRODUCT_FLOW","refUnit":"Item(s)"},"unit":{"@type":"Unit","@id":"6dabe201-aaac-4509-92f0-d00c26cb72ab","name":"Item(s)"},"flowProperty":{"@type":"FlowProperty","@id":"01846770-4cfe-4a25-8ad9-919d8d378345","name":"Number of items","category":"Technical flow properties","refUnit":"Item(s)"},"defaultProvider":{"@type":"Process","@id":"aa3d3684-b275-45b5-a61f-89450d0a85be","name":"Stage 4: Capital Goods","category":"Case 1: Hydrogen Production (Cradle-to-gate 4) with CCS (MJ)/Stage 4: Hydrogen Compression","processType":"UNIT_PROCESS","flowType":"PRODUCT_FLOW"}},{"@type":"Exchange","isAvoidedProduct":false,"isInput":true,"amount":1.0,"internalId":9,"flow":{"@type":"Flow","@id":"ef6ad59a-275b-4032-821b-a57de476667e","name":"Stage 4: Transportation","flowType":"PRODUCT_FLOW","refUnit":"Item(s)"},"unit":{"@type":"Unit","@id":"6dabe201-aaac-4509-92f0-d00c26cb72ab","name":"Item(s)"},"flowProperty":{"@type":"FlowProperty","@id":"01846770-4cfe-4a25-8ad9-919d8d378345","name":"Number of items","category":"Technical flow properties","refUnit":"Item(s)"},"defaultProvider":{"@type":"Process","@id":"a075e26a-f448-4e9f-9e09-beb0663465ba","name":"Stage 4: Transportation","category":"Case 1: Hydrogen Production (Cradle-to-gate 4) with CCS (MJ)/Stage 4: Hydrogen Compression","processType":"UNIT_PROCESS","flowType":"PRODUCT_FLOW"}}],"socialAspects":[],"allocationFactors":[]}