{"@type":"Process","@id":"e4c3a4cf-5c49-4ece-b9b4-38117ed0cef7","name":"Mining \u0026 Preparation ","description":"","category":"Case 1: Hydrogen Production (Cradle-to-gate 4) with CCS (MJ)/Stage 1: Mining \u0026 Preparation","version":"00.00.014","lastChange":"2023-10-04T09:09:56.596Z","processType":"UNIT_PROCESS","isInfrastructureProcess":false,"processDocumentation":{"isCopyrightProtected":false,"creationDate":"2023-08-09T12:19:07.334"},"lastInternalId":9,"parameters":[],"exchanges":[{"@type":"Exchange","isAvoidedProduct":false,"isInput":false,"amount":1.0,"internalId":1,"flow":{"@type":"Flow","@id":"2965a222-0609-4970-8464-592891d3be00","name":"Mining \u0026 Preparation","flowType":"PRODUCT_FLOW","refUnit":"Item(s)"},"unit":{"@type":"Unit","@id":"6dabe201-aaac-4509-92f0-d00c26cb72ab","name":"Item(s)"},"flowProperty":{"@type":"FlowProperty","@id":"01846770-4cfe-4a25-8ad9-919d8d378345","name":"Number of items","category":"Technical flow properties","refUnit":"Item(s)"},"isQuantitativeReference":true},{"@type":"Exchange","isAvoidedProduct":false,"isInput":true,"amount":1.0,"internalId":7,"flow":{"@type":"Flow","@id":"f5914253-6230-4428-8301-e1fdb2151672","name":"Stage 1: Energy Consumption","flowType":"PRODUCT_FLOW","refUnit":"Item(s)"},"unit":{"@type":"Unit","@id":"6dabe201-aaac-4509-92f0-d00c26cb72ab","name":"Item(s)"},"flowProperty":{"@type":"FlowProperty","@id":"01846770-4cfe-4a25-8ad9-919d8d378345","name":"Number of items","category":"Technical flow properties","refUnit":"Item(s)"},"defaultProvider":{"@type":"Process","@id":"2caf71ff-c863-49f8-889a-8d8a751f4228","name":"Stage 1: Energy Consumption ","category":"Case 1: Hydrogen Production (Cradle-to-gate 4) with CCS (MJ)/Stage 1: Mining \u0026 Preparation","processType":"UNIT_PROCESS","flowType":"PRODUCT_FLOW"}},{"@type":"Exchange","isAvoidedProduct":false,"isInput":true,"amount":1.0,"internalId":6,"flow":{"@type":"Flow","@id":"333efdd5-8db6-4efb-a00d-7365225786f1","name":"Stage 1: Capital Goods","flowType":"PRODUCT_FLOW","refUnit":"Item(s)"},"unit":{"@type":"Unit","@id":"6dabe201-aaac-4509-92f0-d00c26cb72ab","name":"Item(s)"},"flowProperty":{"@type":"FlowProperty","@id":"01846770-4cfe-4a25-8ad9-919d8d378345","name":"Number of items","category":"Technical flow properties","refUnit":"Item(s)"},"defaultProvider":{"@type":"Process","@id":"2f0fd3b9-a0ea-4e97-afe9-fe95731e836c","name":"Stage 1: Capital Goods ","category":"Case 1: Hydrogen Production (Cradle-to-gate 4) with CCS (MJ)/Stage 1: Mining \u0026 Preparation","processType":"UNIT_PROCESS","flowType":"PRODUCT_FLOW"}},{"@type":"Exchange","isAvoidedProduct":false,"isInput":true,"amount":1.0,"internalId":9,"flow":{"@type":"Flow","@id":"20273fa8-d1f9-4e21-a7e6-e35d468d9424","name":"Stage 1: Transportation","flowType":"PRODUCT_FLOW","refUnit":"Item(s)"},"unit":{"@type":"Unit","@id":"6dabe201-aaac-4509-92f0-d00c26cb72ab","name":"Item(s)"},"flowProperty":{"@type":"FlowProperty","@id":"01846770-4cfe-4a25-8ad9-919d8d378345","name":"Number of items","category":"Technical flow properties","refUnit":"Item(s)"},"defaultProvider":{"@type":"Process","@id":"e478ca2b-cd40-4415-abe4-ea7b2d9204f6","name":"Stage 1: Transportation","category":"Case 1: Hydrogen Production (Cradle-to-gate 4) with CCS (MJ)/Stage 1: Mining \u0026 Preparation","processType":"UNIT_PROCESS","flowType":"PRODUCT_FLOW"}},{"@type":"Exchange","isAvoidedProduct":false,"isInput":true,"amount":1.0,"internalId":8,"flow":{"@type":"Flow","@id":"0356eda4-5b9d-4450-849a-08f1cc2a14da","name":"Stage 1: Raw Materials","flowType":"PRODUCT_FLOW","refUnit":"Item(s)"},"unit":{"@type":"Unit","@id":"6dabe201-aaac-4509-92f0-d00c26cb72ab","name":"Item(s)"},"flowProperty":{"@type":"FlowProperty","@id":"01846770-4cfe-4a25-8ad9-919d8d378345","name":"Number of items","category":"Technical flow properties","refUnit":"Item(s)"},"defaultProvider":{"@type":"Process","@id":"df12edea-1fc1-4849-b2c2-df202bac7c3f","name":"Stage 1: Raw Materials","category":"Case 1: Hydrogen Production (Cradle-to-gate 4) with CCS (MJ)/Stage 1: Mining \u0026 Preparation","processType":"UNIT_PROCESS","flowType":"PRODUCT_FLOW"}}],"socialAspects":[],"allocationFactors":[]}