{"@type":"Process","@id":"83043ca0-2a30-4c8d-869a-5399f63ee308","name":"Hydrogen Production (Cradle-to-gate 6) with CCS (kg)","description":"","category":"Case 1: Hydrogen Production (Cradle-to-gate 6)  (kg)","version":"00.00.011","lastChange":"2024-03-27T10:12:33.017Z","processType":"UNIT_PROCESS","isInfrastructureProcess":false,"processDocumentation":{"isCopyrightProtected":false,"creationDate":"2023-08-14T16:38:18.471"},"lastInternalId":19,"parameters":[],"exchanges":[{"@type":"Exchange","isAvoidedProduct":false,"isInput":false,"amount":1.0,"internalId":1,"flow":{"@type":"Flow","@id":"5673ba3e-8255-4998-a21a-fcea77c6542e","name":"Hydrogen Produced","flowType":"PRODUCT_FLOW","refUnit":"kg"},"unit":{"@type":"Unit","@id":"20aadc24-a391-41cf-b340-3e4529f44bde","name":"kg"},"flowProperty":{"@type":"FlowProperty","@id":"93a60a56-a3c8-11da-a746-0800200b9a66","name":"Mass","category":"Technical flow properties","refUnit":"kg"},"isQuantitativeReference":true},{"@type":"Exchange","isAvoidedProduct":false,"isInput":true,"amount":1.0,"internalId":14,"flow":{"@type":"Flow","@id":"21df2c2b-25d8-4984-9a31-01d2af511f1c","name":"Hydrogen Purification","flowType":"PRODUCT_FLOW","refUnit":"kg"},"unit":{"@type":"Unit","@id":"20aadc24-a391-41cf-b340-3e4529f44bde","name":"kg"},"flowProperty":{"@type":"FlowProperty","@id":"93a60a56-a3c8-11da-a746-0800200b9a66","name":"Mass","category":"Technical flow properties","refUnit":"kg"},"defaultProvider":{"@type":"Process","@id":"29d027db-0929-42f7-938c-60d05d925f35","name":"Hydrogen Purification","category":"Case 1: Hydrogen Production (Cradle-to-gate 6)  (kg)/Stage 3: Hydrogen Purification","processType":"UNIT_PROCESS","flowType":"PRODUCT_FLOW"}},{"@type":"Exchange","isAvoidedProduct":false,"isInput":true,"amount":1.0,"internalId":15,"flow":{"@type":"Flow","@id":"581291b9-1017-4cd6-80dc-48e6bb8a6152","name":"Hydrogen Compression","flowType":"PRODUCT_FLOW","refUnit":"kg"},"unit":{"@type":"Unit","@id":"20aadc24-a391-41cf-b340-3e4529f44bde","name":"kg"},"flowProperty":{"@type":"FlowProperty","@id":"93a60a56-a3c8-11da-a746-0800200b9a66","name":"Mass","category":"Technical flow properties","refUnit":"kg"},"defaultProvider":{"@type":"Process","@id":"344b9e8b-344f-45db-a4b1-87601124c850","name":"Hydrogen Compression","category":"Case 1: Hydrogen Production (Cradle-to-gate 6)  (kg)/Stage 4: Hydrogen Compression","processType":"UNIT_PROCESS","flowType":"PRODUCT_FLOW"}},{"@type":"Exchange","isAvoidedProduct":false,"isInput":true,"amount":1.0,"internalId":16,"flow":{"@type":"Flow","@id":"195f4f2f-5d57-49cf-ab78-3dfc31f2d81b","name":"Transport of Compressed H2","flowType":"PRODUCT_FLOW","refUnit":"kg"},"unit":{"@type":"Unit","@id":"20aadc24-a391-41cf-b340-3e4529f44bde","name":"kg"},"flowProperty":{"@type":"FlowProperty","@id":"93a60a56-a3c8-11da-a746-0800200b9a66","name":"Mass","category":"Technical flow properties","refUnit":"kg"},"defaultProvider":{"@type":"Process","@id":"92721328-6b48-457e-baef-f19fac2d26f3","name":"Transport of Compressed H2","category":"Case 1: Hydrogen Production (Cradle-to-gate 6)  (kg)/Stage 5: Transportation","processType":"UNIT_PROCESS","flowType":"PRODUCT_FLOW"}},{"@type":"Exchange","isAvoidedProduct":false,"isInput":true,"amount":1.0,"internalId":17,"flow":{"@type":"Flow","@id":"ddcb3fc8-b182-4c3f-bc03-4adb918c9eb9","name":"Hydrogen Storage","flowType":"PRODUCT_FLOW","refUnit":"kg"},"unit":{"@type":"Unit","@id":"20aadc24-a391-41cf-b340-3e4529f44bde","name":"kg"},"flowProperty":{"@type":"FlowProperty","@id":"93a60a56-a3c8-11da-a746-0800200b9a66","name":"Mass","category":"Technical flow properties","refUnit":"kg"},"defaultProvider":{"@type":"Process","@id":"41d70b98-a339-40d2-b910-bff850e35488","name":"Hydrogen Storage","category":"Case 1: Hydrogen Production (Cradle-to-gate 6)  (kg)/Stage 6: Hydrogen Storage","processType":"UNIT_PROCESS","flowType":"PRODUCT_FLOW"}},{"@type":"Exchange","isAvoidedProduct":false,"isInput":true,"amount":1.0,"internalId":18,"flow":{"@type":"Flow","@id":"637ba1ed-dad9-4819-a3f1-3fdfa840b15d","name":"Hydrogen Distribution ","flowType":"PRODUCT_FLOW","refUnit":"kg"},"unit":{"@type":"Unit","@id":"20aadc24-a391-41cf-b340-3e4529f44bde","name":"kg"},"flowProperty":{"@type":"FlowProperty","@id":"93a60a56-a3c8-11da-a746-0800200b9a66","name":"Mass","category":"Technical flow properties","refUnit":"kg"},"defaultProvider":{"@type":"Process","@id":"d931581f-13bd-4402-8d20-8b7d4c89f5fb","name":"Hydrogen Distribution ","category":"Case 1: Hydrogen Production (Cradle-to-gate 6)  (kg)/Stage 7: Hydrogen Distribution","processType":"UNIT_PROCESS","flowType":"PRODUCT_FLOW"}},{"@type":"Exchange","isAvoidedProduct":false,"isInput":true,"amount":1.0,"internalId":13,"flow":{"@type":"Flow","@id":"3ba1157e-3bc9-4552-8623-d565e4594a8e","name":"Hydrogen Production","flowType":"PRODUCT_FLOW","refUnit":"kg"},"unit":{"@type":"Unit","@id":"20aadc24-a391-41cf-b340-3e4529f44bde","name":"kg"},"flowProperty":{"@type":"FlowProperty","@id":"93a60a56-a3c8-11da-a746-0800200b9a66","name":"Mass","category":"Technical flow properties","refUnit":"kg"},"defaultProvider":{"@type":"Process","@id":"4068cafd-9096-4233-b75a-f37e01ab4ea2","name":"Hydrogen Production","category":"Case 1: Hydrogen Production (Cradle-to-gate 6)  (kg)/Stage 2: Hydrogen Production","processType":"UNIT_PROCESS","flowType":"PRODUCT_FLOW"}}],"socialAspects":[],"allocationFactors":[]}