{"@type":"Process","@id":"92721328-6b48-457e-baef-f19fac2d26f3","name":"Transport of Compressed H2","description":"","category":"Case 1: Hydrogen Production (Cradle-to-gate 6)  (kg)/Stage 5: Transportation","version":"00.00.007","lastChange":"2024-03-27T10:12:33.015Z","processType":"UNIT_PROCESS","isInfrastructureProcess":false,"processDocumentation":{"isCopyrightProtected":false,"creationDate":"2023-08-11T17:32:42.776"},"lastInternalId":1,"parameters":[],"exchanges":[{"@type":"Exchange","isAvoidedProduct":false,"isInput":false,"amount":1.0,"internalId":1,"flow":{"@type":"Flow","@id":"195f4f2f-5d57-49cf-ab78-3dfc31f2d81b","name":"Transport of Compressed H2","flowType":"PRODUCT_FLOW","refUnit":"kg"},"unit":{"@type":"Unit","@id":"20aadc24-a391-41cf-b340-3e4529f44bde","name":"kg"},"flowProperty":{"@type":"FlowProperty","@id":"93a60a56-a3c8-11da-a746-0800200b9a66","name":"Mass","category":"Technical flow properties","refUnit":"kg"},"isQuantitativeReference":true}],"socialAspects":[],"allocationFactors":[]}