{"@type":"Process","@id":"96140667-b3ca-45f8-a452-96ead9e3347f","name":"Upstream Process","description":"","category":"Case 2: Hydrogen Use (Cradle-to-grave) for fuel or chemcial production (kg)/Upstream Processes (cradle-to-gate)","version":"00.00.001","lastChange":"2023-08-21T08:47:42.329Z","processType":"UNIT_PROCESS","isInfrastructureProcess":false,"processDocumentation":{"isCopyrightProtected":false,"creationDate":"2023-08-21T10:40:48.711"},"lastInternalId":5,"parameters":[],"exchanges":[{"@type":"Exchange","isAvoidedProduct":false,"isInput":false,"amount":1.0,"internalId":1,"flow":{"@type":"Flow","@id":"3e07e07a-2ee2-4e16-aac0-9ef84e148c45","name":"Upstream Process","flowType":"PRODUCT_FLOW","refUnit":"Item(s)"},"unit":{"@type":"Unit","@id":"6dabe201-aaac-4509-92f0-d00c26cb72ab","name":"Item(s)"},"flowProperty":{"@type":"FlowProperty","@id":"01846770-4cfe-4a25-8ad9-919d8d378345","name":"Number of items","category":"Technical flow properties","refUnit":"Item(s)"},"isQuantitativeReference":true},{"@type":"Exchange","isAvoidedProduct":false,"isInput":true,"amount":1.0,"internalId":2,"flow":{"@type":"Flow","@id":"4eaabce8-5f0c-4f58-bdd9-8d072529f9fc","name":"Upstream Process: Capital Goods","flowType":"PRODUCT_FLOW","refUnit":"Item(s)"},"unit":{"@type":"Unit","@id":"6dabe201-aaac-4509-92f0-d00c26cb72ab","name":"Item(s)"},"flowProperty":{"@type":"FlowProperty","@id":"01846770-4cfe-4a25-8ad9-919d8d378345","name":"Number of items","category":"Technical flow properties","refUnit":"Item(s)"},"defaultProvider":{"@type":"Process","@id":"114d016b-73a6-44fd-a749-11386ef0efa1","name":"Upstream Process: Capital Goods","category":"Case 2: Hydrogen Use (Cradle-to-grave) for fuel or chemcial production (kg)/Upstream Processes (cradle-to-gate)","processType":"UNIT_PROCESS","flowType":"PRODUCT_FLOW"}},{"@type":"Exchange","isAvoidedProduct":false,"isInput":true,"amount":1.0,"internalId":3,"flow":{"@type":"Flow","@id":"1fa63d02-e0d1-4a3d-a726-52c466fac35c","name":"Upstream Process: Energy Consumption","flowType":"PRODUCT_FLOW","refUnit":"Item(s)"},"unit":{"@type":"Unit","@id":"6dabe201-aaac-4509-92f0-d00c26cb72ab","name":"Item(s)"},"flowProperty":{"@type":"FlowProperty","@id":"01846770-4cfe-4a25-8ad9-919d8d378345","name":"Number of items","category":"Technical flow properties","refUnit":"Item(s)"},"defaultProvider":{"@type":"Process","@id":"074abf90-8087-4f54-aa92-11dcfbd1ca55","name":"Upstream Process: Energy Consumption","category":"Case 2: Hydrogen Use (Cradle-to-grave) for fuel or chemcial production (kg)/Upstream Processes (cradle-to-gate)","processType":"UNIT_PROCESS","flowType":"PRODUCT_FLOW"}},{"@type":"Exchange","isAvoidedProduct":false,"isInput":true,"amount":1.0,"internalId":5,"flow":{"@type":"Flow","@id":"a9ea2dce-312e-439c-b2f9-204d0d722089","name":"Upstream Process: Transportation to Gate","flowType":"PRODUCT_FLOW","refUnit":"Item(s)"},"unit":{"@type":"Unit","@id":"6dabe201-aaac-4509-92f0-d00c26cb72ab","name":"Item(s)"},"flowProperty":{"@type":"FlowProperty","@id":"01846770-4cfe-4a25-8ad9-919d8d378345","name":"Number of items","category":"Technical flow properties","refUnit":"Item(s)"},"defaultProvider":{"@type":"Process","@id":"e007c90d-60f3-4327-937f-3edebd5b44f8","name":"Upstream Process: Transportation to Gate","category":"Case 2: Hydrogen Use (Cradle-to-grave) for fuel or chemcial production (kg)/Upstream Processes (cradle-to-gate)","processType":"UNIT_PROCESS","flowType":"PRODUCT_FLOW"}},{"@type":"Exchange","isAvoidedProduct":false,"isInput":true,"amount":1.0,"internalId":4,"flow":{"@type":"Flow","@id":"e420ddcc-901a-4a95-9a96-1e2e285cbb75","name":"Upstream Process: Raw Material Extraction","flowType":"PRODUCT_FLOW","refUnit":"Item(s)"},"unit":{"@type":"Unit","@id":"6dabe201-aaac-4509-92f0-d00c26cb72ab","name":"Item(s)"},"flowProperty":{"@type":"FlowProperty","@id":"01846770-4cfe-4a25-8ad9-919d8d378345","name":"Number of items","category":"Technical flow properties","refUnit":"Item(s)"},"defaultProvider":{"@type":"Process","@id":"21d66c7c-514d-4743-baaa-789b3096e2b2","name":"Upstream Process: Raw Material Extraction","category":"Case 2: Hydrogen Use (Cradle-to-grave) for fuel or chemcial production (kg)/Upstream Processes (cradle-to-gate)","processType":"UNIT_PROCESS","flowType":"PRODUCT_FLOW"}}],"socialAspects":[],"allocationFactors":[]}