{"@type":"Process","@id":"8c8df7ff-4510-4d52-94f9-30d4ac89dad6","name":"CCS: Energy Consumption","description":"","category":"Case 1: Hydrogen Production (Cradle-to-gate 6) with CCS (kg)/Carbon capture and storage","version":"00.00.006","lastChange":"2023-08-16T10:16:09.221Z","processType":"UNIT_PROCESS","isInfrastructureProcess":false,"processDocumentation":{"isCopyrightProtected":false,"creationDate":"2023-08-15T12:57:39.656"},"lastInternalId":1,"parameters":[],"exchanges":[{"@type":"Exchange","isAvoidedProduct":false,"isInput":false,"amount":1.0,"internalId":1,"flow":{"@type":"Flow","@id":"92f2350b-1764-43bb-adeb-179feb8c93c6","name":"CCS: Energy Consumption","flowType":"PRODUCT_FLOW","refUnit":"Item(s)"},"unit":{"@type":"Unit","@id":"6dabe201-aaac-4509-92f0-d00c26cb72ab","name":"Item(s)"},"flowProperty":{"@type":"FlowProperty","@id":"01846770-4cfe-4a25-8ad9-919d8d378345","name":"Number of items","category":"Technical flow properties","refUnit":"Item(s)"},"isQuantitativeReference":true}],"socialAspects":[],"allocationFactors":[]}