{"@type":"ProductSystem","@id":"e7a35fdb-2200-4907-82bf-71194954807e","name":"Hydrogen Production (Cradle-to-gate 5) (kg)","description":"First created: 2024-03-25T12:13:26\nLinking approach during creation: Prefer default providers; Preferred process type: System process","version":"00.00.000","lastChange":"2024-03-25T11:13:26.660Z","refProcess":{"@type":"Process","@id":"46d092fa-5bab-4d7a-9470-bc950e08f8dc","name":"Hydrogen Production (Cradle-to-gate 5) (kg)","category":"Case 1: Hydrogen Production (Cradle-to-gate 5) (kg)","processType":"UNIT_PROCESS","flowType":"PRODUCT_FLOW"},"refExchange":{"@type":"Exchange","internalId":1,"flow":{"@type":"Flow","@id":"bb40b70f-e5f1-418a-aa9f-1844c6a48966","name":"Hydrogen Produced","flowType":"PRODUCT_FLOW","refUnit":"kg"}},"targetFlowProperty":{"@type":"FlowProperty","@id":"93a60a56-a3c8-11da-a746-0800200b9a66","name":"Mass","category":"Technical flow properties","refUnit":"kg"},"targetUnit":{"@type":"Unit","@id":"20aadc24-a391-41cf-b340-3e4529f44bde","name":"kg"},"targetAmount":1.0,"processes":[{"@type":"Process","@id":"2fe4e102-b726-491c-ad31-a42340adb5ab","name":"Stage 3: Capital Goods","category":"Case 1: Hydrogen Production (Cradle-to-gate 5) (kg)/Stage 3: Hydrogen Purification","processType":"UNIT_PROCESS","flowType":"PRODUCT_FLOW"},{"@type":"Process","@id":"f57b5413-8758-4c6b-b668-0ed6397f2269","name":"Stage 4: Energy Consumption","category":"Case 1: Hydrogen Production (Cradle-to-gate 5) (kg)/Stage 4: Hydrogen Compression","processType":"UNIT_PROCESS","flowType":"PRODUCT_FLOW"},{"@type":"Process","@id":"2da4ef6f-7a68-40e9-8909-b5a89a308283","name":"Stage 3: Energy Consumption","category":"Case 1: Hydrogen Production (Cradle-to-gate 5) (kg)/Stage 3: Hydrogen Purification","processType":"UNIT_PROCESS","flowType":"PRODUCT_FLOW"},{"@type":"Process","@id":"5b0941ff-7a13-4026-8db1-3ce59c5638fd","name":"Stage 3: Transportation","category":"Case 1: Hydrogen Production (Cradle-to-gate 5) (kg)/Stage 3: Hydrogen Purification","processType":"UNIT_PROCESS","flowType":"PRODUCT_FLOW"},{"@type":"Process","@id":"91dace47-d55c-458a-bbef-05a48db210ef","name":"Stage 2: Capital Goods","category":"Case 1: Hydrogen Production (Cradle-to-gate 5) (kg)/Stage 2: Hydrogen Production","processType":"UNIT_PROCESS","flowType":"PRODUCT_FLOW"},{"@type":"Process","@id":"46d092fa-5bab-4d7a-9470-bc950e08f8dc","name":"Hydrogen Production (Cradle-to-gate 5) (kg)","category":"Case 1: Hydrogen Production (Cradle-to-gate 5) (kg)","processType":"UNIT_PROCESS","flowType":"PRODUCT_FLOW"},{"@type":"Process","@id":"9c662fdb-4628-422a-b0e2-9467e24bf1c8","name":"Stage 4: Capital Goods","category":"Case 1: Hydrogen Production (Cradle-to-gate 5) (kg)/Stage 4: Hydrogen Compression","processType":"UNIT_PROCESS","flowType":"PRODUCT_FLOW"},{"@type":"Process","@id":"09865b19-622c-4492-89db-1112702cf976","name":"Stage 3: Raw Materials","category":"Case 1: Hydrogen Production (Cradle-to-gate 5) (kg)/Stage 3: Hydrogen Purification","processType":"UNIT_PROCESS","flowType":"PRODUCT_FLOW"},{"@type":"Process","@id":"49385099-d94a-4d5d-8de7-d94ec0895d34","name":"Hydrogen Production","category":"Case 1: Hydrogen Production (Cradle-to-gate 5) (kg)/Stage 2: Hydrogen Production","processType":"UNIT_PROCESS","flowType":"PRODUCT_FLOW"},{"@type":"Process","@id":"05fb4e55-b2c7-4015-ae25-3561db95022f","name":"Stage 2: Energy Consumption","category":"Case 1: Hydrogen Production (Cradle-to-gate 5) (kg)/Stage 2: Hydrogen Production","processType":"UNIT_PROCESS","flowType":"PRODUCT_FLOW"},{"@type":"Process","@id":"b1ce77fc-0d80-4915-83f2-f4df5461834b","name":"Stage 4: Transportation","category":"Case 1: Hydrogen Production (Cradle-to-gate 5) (kg)/Stage 4: Hydrogen Compression","processType":"UNIT_PROCESS","flowType":"PRODUCT_FLOW"},{"@type":"Process","@id":"44dd4df2-8b21-4d61-b818-5e1d8baa00c5","name":"Stage 6: Energy Consumption","category":"Case 1: Hydrogen Production (Cradle-to-gate 5) (kg)/Stage 6: Hydrogen Storage","processType":"UNIT_PROCESS","flowType":"PRODUCT_FLOW"},{"@type":"Process","@id":"1b5cbcbd-e917-4b31-8010-7af973163b33","name":"Stage 2: Transportation","category":"Case 1: Hydrogen Production (Cradle-to-gate 5) (kg)/Stage 2: Hydrogen Production","processType":"UNIT_PROCESS","flowType":"PRODUCT_FLOW"},{"@type":"Process","@id":"6ce95680-64bd-4d31-95d7-e95d3d49373f","name":"Stage 6: Transportation","category":"Case 1: Hydrogen Production (Cradle-to-gate 5) (kg)/Stage 6: Hydrogen Storage","processType":"UNIT_PROCESS","flowType":"PRODUCT_FLOW"},{"@type":"Process","@id":"b6121c6c-2485-455c-bb17-0548261300b2","name":"Stage 4: Raw Materials","category":"Case 1: Hydrogen Production (Cradle-to-gate 5) (kg)/Stage 4: Hydrogen Compression","processType":"UNIT_PROCESS","flowType":"PRODUCT_FLOW"},{"@type":"Process","@id":"7994f668-1514-4e1f-a0ba-178022bcf249","name":"Hydrogen Purification","category":"Case 1: Hydrogen Production (Cradle-to-gate 5) (kg)/Stage 3: Hydrogen Purification","processType":"UNIT_PROCESS","flowType":"PRODUCT_FLOW"},{"@type":"Process","@id":"8fb91d2d-7091-4315-9546-0a06a3894468","name":"Transport of Compressed H2","category":"Case 1: Hydrogen Production (Cradle-to-gate 5) (kg)/Stage 5: Transportation","processType":"UNIT_PROCESS","flowType":"PRODUCT_FLOW"},{"@type":"Process","@id":"b4b16519-eabf-4168-8a08-088258dde185","name":"Stage 2: Raw Materials","category":"Case 1: Hydrogen Production (Cradle-to-gate 5) (kg)/Stage 2: Hydrogen Production","processType":"UNIT_PROCESS","flowType":"PRODUCT_FLOW"},{"@type":"Process","@id":"30c3eeca-5496-4692-a07c-9ba03d479953","name":"Stage 6: Raw Material","category":"Case 1: Hydrogen Production (Cradle-to-gate 5) (kg)/Stage 6: Hydrogen Storage","processType":"UNIT_PROCESS","flowType":"PRODUCT_FLOW"},{"@type":"Process","@id":"b79a0239-0062-4134-9d3a-544e51847c98","name":"Hydrogen Compression","category":"Case 1: Hydrogen Production (Cradle-to-gate 5) (kg)/Stage 4: Hydrogen Compression","processType":"UNIT_PROCESS","flowType":"PRODUCT_FLOW"},{"@type":"Process","@id":"eab6dcff-ccba-414b-8438-022e6ba0cb1f","name":"Stage 6: Capital Goods","category":"Case 1: Hydrogen Production (Cradle-to-gate 5) (kg)/Stage 6: Hydrogen Storage","processType":"UNIT_PROCESS","flowType":"PRODUCT_FLOW"},{"@type":"Process","@id":"176fce08-35a4-47c4-80be-2746ea056341","name":"Hydrogen Storage","category":"Case 1: Hydrogen Production (Cradle-to-gate 5) (kg)/Stage 6: Hydrogen Storage","processType":"UNIT_PROCESS","flowType":"PRODUCT_FLOW"}],"processLinks":[{"provider":{"@type":"Process","@id":"09865b19-622c-4492-89db-1112702cf976","name":"Stage 3: Raw Materials","category":"Case 1: Hydrogen Production (Cradle-to-gate 5) (kg)/Stage 3: Hydrogen Purification","processType":"UNIT_PROCESS","flowType":"PRODUCT_FLOW"},"flow":{"@type":"Flow","@id":"31d416e0-4fa1-4cf0-a139-ef4ccbba3351","name":"Stage 3: Raw Materials","flowType":"PRODUCT_FLOW","refUnit":"Item(s)"},"process":{"@type":"Process","@id":"7994f668-1514-4e1f-a0ba-178022bcf249","name":"Hydrogen Purification","category":"Case 1: Hydrogen Production (Cradle-to-gate 5) (kg)/Stage 3: Hydrogen Purification","processType":"UNIT_PROCESS","flowType":"PRODUCT_FLOW"},"exchange":{"@type":"Exchange","internalId":8}},{"provider":{"@type":"Process","@id":"5b0941ff-7a13-4026-8db1-3ce59c5638fd","name":"Stage 3: Transportation","category":"Case 1: Hydrogen Production (Cradle-to-gate 5) (kg)/Stage 3: Hydrogen Purification","processType":"UNIT_PROCESS","flowType":"PRODUCT_FLOW"},"flow":{"@type":"Flow","@id":"9016044c-0b7a-4f53-88b2-65b93ba7394e","name":"Stage 3: Transportation","flowType":"PRODUCT_FLOW","refUnit":"Item(s)"},"process":{"@type":"Process","@id":"7994f668-1514-4e1f-a0ba-178022bcf249","name":"Hydrogen Purification","category":"Case 1: Hydrogen Production (Cradle-to-gate 5) (kg)/Stage 3: Hydrogen Purification","processType":"UNIT_PROCESS","flowType":"PRODUCT_FLOW"},"exchange":{"@type":"Exchange","internalId":9}},{"provider":{"@type":"Process","@id":"2fe4e102-b726-491c-ad31-a42340adb5ab","name":"Stage 3: Capital Goods","category":"Case 1: Hydrogen Production (Cradle-to-gate 5) (kg)/Stage 3: Hydrogen Purification","processType":"UNIT_PROCESS","flowType":"PRODUCT_FLOW"},"flow":{"@type":"Flow","@id":"7510368d-3662-4d40-b937-36f998d84391","name":"Stage 3: Capital Goods","flowType":"PRODUCT_FLOW","refUnit":"Item(s)"},"process":{"@type":"Process","@id":"7994f668-1514-4e1f-a0ba-178022bcf249","name":"Hydrogen Purification","category":"Case 1: Hydrogen Production (Cradle-to-gate 5) (kg)/Stage 3: Hydrogen Purification","processType":"UNIT_PROCESS","flowType":"PRODUCT_FLOW"},"exchange":{"@type":"Exchange","internalId":6}},{"provider":{"@type":"Process","@id":"2da4ef6f-7a68-40e9-8909-b5a89a308283","name":"Stage 3: Energy Consumption","category":"Case 1: Hydrogen Production (Cradle-to-gate 5) (kg)/Stage 3: Hydrogen Purification","processType":"UNIT_PROCESS","flowType":"PRODUCT_FLOW"},"flow":{"@type":"Flow","@id":"c4f2aa43-1d3a-40fa-b829-ca5e1dc155ab","name":"Stage 3: Energy Consumption","flowType":"PRODUCT_FLOW","refUnit":"Item(s)"},"process":{"@type":"Process","@id":"7994f668-1514-4e1f-a0ba-178022bcf249","name":"Hydrogen Purification","category":"Case 1: Hydrogen Production (Cradle-to-gate 5) (kg)/Stage 3: Hydrogen Purification","processType":"UNIT_PROCESS","flowType":"PRODUCT_FLOW"},"exchange":{"@type":"Exchange","internalId":7}},{"provider":{"@type":"Process","@id":"8fb91d2d-7091-4315-9546-0a06a3894468","name":"Transport of Compressed H2","category":"Case 1: Hydrogen Production (Cradle-to-gate 5) (kg)/Stage 5: Transportation","processType":"UNIT_PROCESS","flowType":"PRODUCT_FLOW"},"flow":{"@type":"Flow","@id":"195f4f2f-5d57-49cf-ab78-3dfc31f2d81b","name":"Transport of Compressed H2","flowType":"PRODUCT_FLOW","refUnit":"kg"},"process":{"@type":"Process","@id":"46d092fa-5bab-4d7a-9470-bc950e08f8dc","name":"Hydrogen Production (Cradle-to-gate 5) (kg)","category":"Case 1: Hydrogen Production (Cradle-to-gate 5) (kg)","processType":"UNIT_PROCESS","flowType":"PRODUCT_FLOW"},"exchange":{"@type":"Exchange","internalId":12}},{"provider":{"@type":"Process","@id":"6ce95680-64bd-4d31-95d7-e95d3d49373f","name":"Stage 6: Transportation","category":"Case 1: Hydrogen Production (Cradle-to-gate 5) (kg)/Stage 6: Hydrogen Storage","processType":"UNIT_PROCESS","flowType":"PRODUCT_FLOW"},"flow":{"@type":"Flow","@id":"ebf7d24c-1ef1-45db-873e-a613ba25658f","name":"Stage 6: Transportation","flowType":"PRODUCT_FLOW","refUnit":"Item(s)"},"process":{"@type":"Process","@id":"176fce08-35a4-47c4-80be-2746ea056341","name":"Hydrogen Storage","category":"Case 1: Hydrogen Production (Cradle-to-gate 5) (kg)/Stage 6: Hydrogen Storage","processType":"UNIT_PROCESS","flowType":"PRODUCT_FLOW"},"exchange":{"@type":"Exchange","internalId":6}},{"provider":{"@type":"Process","@id":"05fb4e55-b2c7-4015-ae25-3561db95022f","name":"Stage 2: Energy Consumption","category":"Case 1: Hydrogen Production (Cradle-to-gate 5) (kg)/Stage 2: Hydrogen Production","processType":"UNIT_PROCESS","flowType":"PRODUCT_FLOW"},"flow":{"@type":"Flow","@id":"22d3c391-f73f-4e75-be86-210e2f094fd3","name":"Stage 2: Energy Consumption","flowType":"PRODUCT_FLOW","refUnit":"Item(s)"},"process":{"@type":"Process","@id":"49385099-d94a-4d5d-8de7-d94ec0895d34","name":"Hydrogen Production","category":"Case 1: Hydrogen Production (Cradle-to-gate 5) (kg)/Stage 2: Hydrogen Production","processType":"UNIT_PROCESS","flowType":"PRODUCT_FLOW"},"exchange":{"@type":"Exchange","internalId":7}},{"provider":{"@type":"Process","@id":"b6121c6c-2485-455c-bb17-0548261300b2","name":"Stage 4: Raw Materials","category":"Case 1: Hydrogen Production (Cradle-to-gate 5) (kg)/Stage 4: Hydrogen Compression","processType":"UNIT_PROCESS","flowType":"PRODUCT_FLOW"},"flow":{"@type":"Flow","@id":"9d88774f-2ef7-4f35-9ab0-82560f51cd8f","name":"Stage 4: Raw Materials","flowType":"PRODUCT_FLOW","refUnit":"Item(s)"},"process":{"@type":"Process","@id":"b79a0239-0062-4134-9d3a-544e51847c98","name":"Hydrogen Compression","category":"Case 1: Hydrogen Production (Cradle-to-gate 5) (kg)/Stage 4: Hydrogen Compression","processType":"UNIT_PROCESS","flowType":"PRODUCT_FLOW"},"exchange":{"@type":"Exchange","internalId":4}},{"provider":{"@type":"Process","@id":"7994f668-1514-4e1f-a0ba-178022bcf249","name":"Hydrogen Purification","category":"Case 1: Hydrogen Production (Cradle-to-gate 5) (kg)/Stage 3: Hydrogen Purification","processType":"UNIT_PROCESS","flowType":"PRODUCT_FLOW"},"flow":{"@type":"Flow","@id":"21df2c2b-25d8-4984-9a31-01d2af511f1c","name":"Hydrogen Purification","flowType":"PRODUCT_FLOW","refUnit":"kg"},"process":{"@type":"Process","@id":"46d092fa-5bab-4d7a-9470-bc950e08f8dc","name":"Hydrogen Production (Cradle-to-gate 5) (kg)","category":"Case 1: Hydrogen Production (Cradle-to-gate 5) (kg)","processType":"UNIT_PROCESS","flowType":"PRODUCT_FLOW"},"exchange":{"@type":"Exchange","internalId":10}},{"provider":{"@type":"Process","@id":"44dd4df2-8b21-4d61-b818-5e1d8baa00c5","name":"Stage 6: Energy Consumption","category":"Case 1: Hydrogen Production (Cradle-to-gate 5) (kg)/Stage 6: Hydrogen Storage","processType":"UNIT_PROCESS","flowType":"PRODUCT_FLOW"},"flow":{"@type":"Flow","@id":"9fb43c79-3aff-4bd4-8e3f-2627746a4b4e","name":"Stage 6: Energy Consumption","flowType":"PRODUCT_FLOW","refUnit":"Item(s)"},"process":{"@type":"Process","@id":"176fce08-35a4-47c4-80be-2746ea056341","name":"Hydrogen Storage","category":"Case 1: Hydrogen Production (Cradle-to-gate 5) (kg)/Stage 6: Hydrogen Storage","processType":"UNIT_PROCESS","flowType":"PRODUCT_FLOW"},"exchange":{"@type":"Exchange","internalId":3}},{"provider":{"@type":"Process","@id":"1b5cbcbd-e917-4b31-8010-7af973163b33","name":"Stage 2: Transportation","category":"Case 1: Hydrogen Production (Cradle-to-gate 5) (kg)/Stage 2: Hydrogen Production","processType":"UNIT_PROCESS","flowType":"PRODUCT_FLOW"},"flow":{"@type":"Flow","@id":"54e0f1c1-8696-4a6e-93d3-d5460372c6fe","name":"Stage 2: Transportation","flowType":"PRODUCT_FLOW","refUnit":"Item(s)"},"process":{"@type":"Process","@id":"49385099-d94a-4d5d-8de7-d94ec0895d34","name":"Hydrogen Production","category":"Case 1: Hydrogen Production (Cradle-to-gate 5) (kg)/Stage 2: Hydrogen Production","processType":"UNIT_PROCESS","flowType":"PRODUCT_FLOW"},"exchange":{"@type":"Exchange","internalId":9}},{"provider":{"@type":"Process","@id":"9c662fdb-4628-422a-b0e2-9467e24bf1c8","name":"Stage 4: Capital Goods","category":"Case 1: Hydrogen Production (Cradle-to-gate 5) (kg)/Stage 4: Hydrogen Compression","processType":"UNIT_PROCESS","flowType":"PRODUCT_FLOW"},"flow":{"@type":"Flow","@id":"debc9e81-39a2-4cb8-bd4a-962ac0a48fe2","name":"Stage 4: Capital Goods","flowType":"PRODUCT_FLOW","refUnit":"Item(s)"},"process":{"@type":"Process","@id":"b79a0239-0062-4134-9d3a-544e51847c98","name":"Hydrogen Compression","category":"Case 1: Hydrogen Production (Cradle-to-gate 5) (kg)/Stage 4: Hydrogen Compression","processType":"UNIT_PROCESS","flowType":"PRODUCT_FLOW"},"exchange":{"@type":"Exchange","internalId":2}},{"provider":{"@type":"Process","@id":"49385099-d94a-4d5d-8de7-d94ec0895d34","name":"Hydrogen Production","category":"Case 1: Hydrogen Production (Cradle-to-gate 5) (kg)/Stage 2: Hydrogen Production","processType":"UNIT_PROCESS","flowType":"PRODUCT_FLOW"},"flow":{"@type":"Flow","@id":"3ba1157e-3bc9-4552-8623-d565e4594a8e","name":"Hydrogen Production","flowType":"PRODUCT_FLOW","refUnit":"kg"},"process":{"@type":"Process","@id":"46d092fa-5bab-4d7a-9470-bc950e08f8dc","name":"Hydrogen Production (Cradle-to-gate 5) (kg)","category":"Case 1: Hydrogen Production (Cradle-to-gate 5) (kg)","processType":"UNIT_PROCESS","flowType":"PRODUCT_FLOW"},"exchange":{"@type":"Exchange","internalId":9}},{"provider":{"@type":"Process","@id":"30c3eeca-5496-4692-a07c-9ba03d479953","name":"Stage 6: Raw Material","category":"Case 1: Hydrogen Production (Cradle-to-gate 5) (kg)/Stage 6: Hydrogen Storage","processType":"UNIT_PROCESS","flowType":"PRODUCT_FLOW"},"flow":{"@type":"Flow","@id":"2466b18c-d6f6-4a8d-b4a8-0a15d4eee5d8","name":"Stage 6: Raw Material","flowType":"PRODUCT_FLOW","refUnit":"Item(s)"},"process":{"@type":"Process","@id":"176fce08-35a4-47c4-80be-2746ea056341","name":"Hydrogen Storage","category":"Case 1: Hydrogen Production (Cradle-to-gate 5) (kg)/Stage 6: Hydrogen Storage","processType":"UNIT_PROCESS","flowType":"PRODUCT_FLOW"},"exchange":{"@type":"Exchange","internalId":4}},{"provider":{"@type":"Process","@id":"b4b16519-eabf-4168-8a08-088258dde185","name":"Stage 2: Raw Materials","category":"Case 1: Hydrogen Production (Cradle-to-gate 5) (kg)/Stage 2: Hydrogen Production","processType":"UNIT_PROCESS","flowType":"PRODUCT_FLOW"},"flow":{"@type":"Flow","@id":"364d87b5-99a3-4b87-b24a-1429225883da","name":"Stage 2: Raw Materials","flowType":"PRODUCT_FLOW","refUnit":"Item(s)"},"process":{"@type":"Process","@id":"49385099-d94a-4d5d-8de7-d94ec0895d34","name":"Hydrogen Production","category":"Case 1: Hydrogen Production (Cradle-to-gate 5) (kg)/Stage 2: Hydrogen Production","processType":"UNIT_PROCESS","flowType":"PRODUCT_FLOW"},"exchange":{"@type":"Exchange","internalId":8}},{"provider":{"@type":"Process","@id":"b1ce77fc-0d80-4915-83f2-f4df5461834b","name":"Stage 4: Transportation","category":"Case 1: Hydrogen Production (Cradle-to-gate 5) (kg)/Stage 4: Hydrogen Compression","processType":"UNIT_PROCESS","flowType":"PRODUCT_FLOW"},"flow":{"@type":"Flow","@id":"ef6ad59a-275b-4032-821b-a57de476667e","name":"Stage 4: Transportation","flowType":"PRODUCT_FLOW","refUnit":"Item(s)"},"process":{"@type":"Process","@id":"b79a0239-0062-4134-9d3a-544e51847c98","name":"Hydrogen Compression","category":"Case 1: Hydrogen Production (Cradle-to-gate 5) (kg)/Stage 4: Hydrogen Compression","processType":"UNIT_PROCESS","flowType":"PRODUCT_FLOW"},"exchange":{"@type":"Exchange","internalId":5}},{"provider":{"@type":"Process","@id":"eab6dcff-ccba-414b-8438-022e6ba0cb1f","name":"Stage 6: Capital Goods","category":"Case 1: Hydrogen Production (Cradle-to-gate 5) (kg)/Stage 6: Hydrogen Storage","processType":"UNIT_PROCESS","flowType":"PRODUCT_FLOW"},"flow":{"@type":"Flow","@id":"3ba22990-3d38-4d35-a7dc-14390d8402bb","name":"Stage 6: Capital Goods","flowType":"PRODUCT_FLOW","refUnit":"Item(s)"},"process":{"@type":"Process","@id":"176fce08-35a4-47c4-80be-2746ea056341","name":"Hydrogen Storage","category":"Case 1: Hydrogen Production (Cradle-to-gate 5) (kg)/Stage 6: Hydrogen Storage","processType":"UNIT_PROCESS","flowType":"PRODUCT_FLOW"},"exchange":{"@type":"Exchange","internalId":2}},{"provider":{"@type":"Process","@id":"91dace47-d55c-458a-bbef-05a48db210ef","name":"Stage 2: Capital Goods","category":"Case 1: Hydrogen Production (Cradle-to-gate 5) (kg)/Stage 2: Hydrogen Production","processType":"UNIT_PROCESS","flowType":"PRODUCT_FLOW"},"flow":{"@type":"Flow","@id":"eb136cd4-a7a5-473d-abdf-75d3ca1866f6","name":"Stage 2: Capital Goods","flowType":"PRODUCT_FLOW","refUnit":"Item(s)"},"process":{"@type":"Process","@id":"49385099-d94a-4d5d-8de7-d94ec0895d34","name":"Hydrogen Production","category":"Case 1: Hydrogen Production (Cradle-to-gate 5) (kg)/Stage 2: Hydrogen Production","processType":"UNIT_PROCESS","flowType":"PRODUCT_FLOW"},"exchange":{"@type":"Exchange","internalId":6}},{"provider":{"@type":"Process","@id":"f57b5413-8758-4c6b-b668-0ed6397f2269","name":"Stage 4: Energy Consumption","category":"Case 1: Hydrogen Production (Cradle-to-gate 5) (kg)/Stage 4: Hydrogen Compression","processType":"UNIT_PROCESS","flowType":"PRODUCT_FLOW"},"flow":{"@type":"Flow","@id":"8f178ca4-a2d3-4cb8-a70b-1ca27570c0d9","name":"Stage 4: Energy Consumption","flowType":"PRODUCT_FLOW","refUnit":"Item(s)"},"process":{"@type":"Process","@id":"b79a0239-0062-4134-9d3a-544e51847c98","name":"Hydrogen Compression","category":"Case 1: Hydrogen Production (Cradle-to-gate 5) (kg)/Stage 4: Hydrogen Compression","processType":"UNIT_PROCESS","flowType":"PRODUCT_FLOW"},"exchange":{"@type":"Exchange","internalId":3}},{"provider":{"@type":"Process","@id":"b79a0239-0062-4134-9d3a-544e51847c98","name":"Hydrogen Compression","category":"Case 1: Hydrogen Production (Cradle-to-gate 5) (kg)/Stage 4: Hydrogen Compression","processType":"UNIT_PROCESS","flowType":"PRODUCT_FLOW"},"flow":{"@type":"Flow","@id":"581291b9-1017-4cd6-80dc-48e6bb8a6152","name":"Hydrogen Compression","flowType":"PRODUCT_FLOW","refUnit":"kg"},"process":{"@type":"Process","@id":"46d092fa-5bab-4d7a-9470-bc950e08f8dc","name":"Hydrogen Production (Cradle-to-gate 5) (kg)","category":"Case 1: Hydrogen Production (Cradle-to-gate 5) (kg)","processType":"UNIT_PROCESS","flowType":"PRODUCT_FLOW"},"exchange":{"@type":"Exchange","internalId":11}},{"provider":{"@type":"Process","@id":"176fce08-35a4-47c4-80be-2746ea056341","name":"Hydrogen Storage","category":"Case 1: Hydrogen Production (Cradle-to-gate 5) (kg)/Stage 6: Hydrogen Storage","processType":"UNIT_PROCESS","flowType":"PRODUCT_FLOW"},"flow":{"@type":"Flow","@id":"ddcb3fc8-b182-4c3f-bc03-4adb918c9eb9","name":"Hydrogen Storage","flowType":"PRODUCT_FLOW","refUnit":"kg"},"process":{"@type":"Process","@id":"46d092fa-5bab-4d7a-9470-bc950e08f8dc","name":"Hydrogen Production (Cradle-to-gate 5) (kg)","category":"Case 1: Hydrogen Production (Cradle-to-gate 5) (kg)","processType":"UNIT_PROCESS","flowType":"PRODUCT_FLOW"},"exchange":{"@type":"Exchange","internalId":13}}]}