{"@type":"Process","@id":"114d016b-73a6-44fd-a749-11386ef0efa1","name":"Upstream Process: Capital Goods","description":"","category":"Case 2: Hydrogen Use (Cradle-to-grave) for fuel or chemcial production (kg)/Upstream Processes (cradle-to-gate)","version":"00.00.000","lastChange":"2023-08-21T08:42:13.149Z","processType":"UNIT_PROCESS","isInfrastructureProcess":false,"processDocumentation":{"isCopyrightProtected":false,"creationDate":"2023-08-21T10:42:13.141"},"lastInternalId":1,"parameters":[],"exchanges":[{"@type":"Exchange","isAvoidedProduct":false,"isInput":false,"amount":1.0,"internalId":1,"flow":{"@type":"Flow","@id":"4eaabce8-5f0c-4f58-bdd9-8d072529f9fc","name":"Upstream Process: Capital Goods","flowType":"PRODUCT_FLOW","refUnit":"Item(s)"},"unit":{"@type":"Unit","@id":"6dabe201-aaac-4509-92f0-d00c26cb72ab","name":"Item(s)"},"flowProperty":{"@type":"FlowProperty","@id":"01846770-4cfe-4a25-8ad9-919d8d378345","name":"Number of items","category":"Technical flow properties","refUnit":"Item(s)"},"isQuantitativeReference":true}],"socialAspects":[],"allocationFactors":[]}