{"@type":"ProductSystem","@id":"39632c0b-487a-4674-a291-54f2a37a1d44","name":"Hydrogen Production \u0026 Use for Fuel/Chemical Production ","description":"First created: 2023-10-05T15:23:22\nLinking approach during creation: Prefer default providers; Preferred process type: System process","version":"00.00.000","lastChange":"2023-10-05T13:23:22.708Z","refProcess":{"@type":"Process","@id":"573878fc-79a4-4db8-97b1-a50683f1a0c2","name":"Hydrogen Production \u0026 Use for Fuel/Chemical Production ","category":"Case 2: Hydrogen Use (Cradle-to-grave) for fuel or chemcial production (kg)","processType":"UNIT_PROCESS","flowType":"PRODUCT_FLOW"},"refExchange":{"@type":"Exchange","internalId":1,"flow":{"@type":"Flow","@id":"9a456680-c7cf-4ee6-89c3-f42bea58ae99","name":"Fuel/Chemcial Production","flowType":"PRODUCT_FLOW","refUnit":"kg"}},"targetFlowProperty":{"@type":"FlowProperty","@id":"93a60a56-a3c8-11da-a746-0800200b9a66","name":"Mass","category":"Technical flow properties","refUnit":"kg"},"targetUnit":{"@type":"Unit","@id":"20aadc24-a391-41cf-b340-3e4529f44bde","name":"kg"},"targetAmount":1.0,"processes":[{"@type":"Process","@id":"33ac3b3c-78b6-41fe-90ee-65644534c7fa","name":"Stage 3: Transportation","category":"Case 1: Hydrogen Production (Cradle-to-gate 6) with CCS (kg)/Stage 3: Hydrogen Purification","processType":"UNIT_PROCESS","flowType":"PRODUCT_FLOW"},{"@type":"Process","@id":"83043ca0-2a30-4c8d-869a-5399f63ee308","name":"Hydrogen Production (Cradle-to-gate 6) with CCS (kg)","category":"Case 1: Hydrogen Production (Cradle-to-gate 6) with CCS (kg)","processType":"UNIT_PROCESS","flowType":"PRODUCT_FLOW"},{"@type":"Process","@id":"46544a51-e254-495c-b047-5aa98f324a34","name":"Stage 3: Raw Materials","category":"Case 1: Hydrogen Production (Cradle-to-gate 6) with CCS (kg)/Stage 3: Hydrogen Purification","processType":"UNIT_PROCESS","flowType":"PRODUCT_FLOW"},{"@type":"Process","@id":"c0a5c7d9-7701-4f44-86e4-ff661efdc7b3","name":"Stage 3: Capital Goods","category":"Case 1: Hydrogen Production (Cradle-to-gate 6) with CCS (kg)/Stage 3: Hydrogen Purification","processType":"UNIT_PROCESS","flowType":"PRODUCT_FLOW"},{"@type":"Process","@id":"e8730664-4fd1-4ec6-b41f-cc071d017401","name":"Stage 6: Capital Goods","category":"Case 1: Hydrogen Production (Cradle-to-gate 6) with CCS (kg)/Stage 6: Hydrogen Storage","processType":"UNIT_PROCESS","flowType":"PRODUCT_FLOW"},{"@type":"Process","@id":"3b5faa7f-f94c-453f-ac0f-4b59cf72fadc","name":"Stage 4: Energy Consumption","category":"Case 1: Hydrogen Production (Cradle-to-gate 6) with CCS (kg)/Stage 4: Hydrogen Compression","processType":"UNIT_PROCESS","flowType":"PRODUCT_FLOW"},{"@type":"Process","@id":"05af087b-776c-4226-b4c6-165a0de526ba","name":"Stage 2: Transportation","category":"Case 1: Hydrogen Production (Cradle-to-gate 6) with CCS (kg)/Stage 2: Hydrogen Production","processType":"UNIT_PROCESS","flowType":"PRODUCT_FLOW"},{"@type":"Process","@id":"99531a28-f408-4a11-8b6e-0e4bab7aae77","name":"Stage 2: Capital Goods","category":"Case 1: Hydrogen Production (Cradle-to-gate 6) with CCS (kg)/Stage 2: Hydrogen Production","processType":"UNIT_PROCESS","flowType":"PRODUCT_FLOW"},{"@type":"Process","@id":"cccff4c8-576f-407b-bf03-98b0b585002b","name":"Stage 7: Raw Materials ","category":"Case 1: Hydrogen Production (Cradle-to-gate 6) with CCS (kg)/Stage 7: Hydrogen Distribution","processType":"UNIT_PROCESS","flowType":"PRODUCT_FLOW"},{"@type":"Process","@id":"ebf1b2c8-f6eb-43c4-aad0-c7f97f3fb720","name":"Mining \u0026 Preparation","category":"Case 1: Hydrogen Production (Cradle-to-gate 6) with CCS (kg)/Stage 1: Mining \u0026 Preparation","processType":"UNIT_PROCESS","flowType":"PRODUCT_FLOW"},{"@type":"Process","@id":"99b84a8c-d450-491d-af1d-c6ffbe090041","name":"Stage 1: Capital Goods","category":"Case 1: Hydrogen Production (Cradle-to-gate 6) with CCS (kg)/Stage 1: Mining \u0026 Preparation","processType":"UNIT_PROCESS","flowType":"PRODUCT_FLOW"},{"@type":"Process","@id":"05443449-fc4b-45c5-b365-a179eef3df6a","name":"Stage 7: Capital Goods","category":"Case 1: Hydrogen Production (Cradle-to-gate 6) with CCS (kg)/Stage 7: Hydrogen Distribution","processType":"UNIT_PROCESS","flowType":"PRODUCT_FLOW"},{"@type":"Process","@id":"e00fd827-7584-4c60-aa21-04e65b4bbfeb","name":"Stage 2: Energy Consumption","category":"Case 1: Hydrogen Production (Cradle-to-gate 6) with CCS (kg)/Stage 2: Hydrogen Production","processType":"UNIT_PROCESS","flowType":"PRODUCT_FLOW"},{"@type":"Process","@id":"4114cb76-6ea9-426d-b4f9-a4a80def19c2","name":"CCS: Raw Materials","category":"Case 1: Hydrogen Production (Cradle-to-gate 6) with CCS (kg)/Carbon capture and storage","processType":"UNIT_PROCESS","flowType":"PRODUCT_FLOW"},{"@type":"Process","@id":"29d027db-0929-42f7-938c-60d05d925f35","name":"Hydrogen Purification","category":"Case 1: Hydrogen Production (Cradle-to-gate 6) with CCS (kg)/Stage 3: Hydrogen Purification","processType":"UNIT_PROCESS","flowType":"PRODUCT_FLOW"},{"@type":"Process","@id":"96702663-c06d-4a5e-bb01-331d9c57c91d","name":"Stage 6: Transportation","category":"Case 1: Hydrogen Production (Cradle-to-gate 6) with CCS (kg)/Stage 6: Hydrogen Storage","processType":"UNIT_PROCESS","flowType":"PRODUCT_FLOW"},{"@type":"Process","@id":"5c6ab926-4700-430f-a993-288812129252","name":"Stage 1: Transportation","category":"Case 1: Hydrogen Production (Cradle-to-gate 6) with CCS (kg)/Stage 1: Mining \u0026 Preparation","processType":"UNIT_PROCESS","flowType":"PRODUCT_FLOW"},{"@type":"Process","@id":"074abf90-8087-4f54-aa92-11dcfbd1ca55","name":"Upstream Process: Energy Consumption","category":"Case 2: Hydrogen Use (Cradle-to-grave) for fuel or chemcial production (kg)/Upstream Processes (cradle-to-gate)","processType":"UNIT_PROCESS","flowType":"PRODUCT_FLOW"},{"@type":"Process","@id":"92721328-6b48-457e-baef-f19fac2d26f3","name":"Transport of Compressed H2","category":"Case 1: Hydrogen Production (Cradle-to-gate 6) with CCS (kg)/Stage 5: Transportation","processType":"UNIT_PROCESS","flowType":"PRODUCT_FLOW"},{"@type":"Process","@id":"caf99b31-678c-4b0c-b0f8-4e0f20c6fb7a","name":"Core Process: Auxillary Materials","category":"Case 2: Hydrogen Use (Cradle-to-grave) for fuel or chemcial production (kg)/Core Processes (gate-to-gate)","processType":"UNIT_PROCESS","flowType":"PRODUCT_FLOW"},{"@type":"Process","@id":"94035ac0-e3d1-4e30-b838-21af0a102818","name":"Stage 3: Energy Consumption","category":"Case 1: Hydrogen Production (Cradle-to-gate 6) with CCS (kg)/Stage 3: Hydrogen Purification","processType":"UNIT_PROCESS","flowType":"PRODUCT_FLOW"},{"@type":"Process","@id":"114d016b-73a6-44fd-a749-11386ef0efa1","name":"Upstream Process: Capital Goods","category":"Case 2: Hydrogen Use (Cradle-to-grave) for fuel or chemcial production (kg)/Upstream Processes (cradle-to-gate)","processType":"UNIT_PROCESS","flowType":"PRODUCT_FLOW"},{"@type":"Process","@id":"1b2a06ec-9023-4c23-bfdd-aa34d13f3bd0","name":"Stage 4: Capital Goods","category":"Case 1: Hydrogen Production (Cradle-to-gate 6) with CCS (kg)/Stage 4: Hydrogen Compression","processType":"UNIT_PROCESS","flowType":"PRODUCT_FLOW"},{"@type":"Process","@id":"c0999751-ab7b-48d9-a1a1-f9519507231e","name":"Core Process: Energy Consumption","category":"Case 2: Hydrogen Use (Cradle-to-grave) for fuel or chemcial production (kg)/Core Processes (gate-to-gate)","processType":"UNIT_PROCESS","flowType":"PRODUCT_FLOW"},{"@type":"Process","@id":"69a33e03-a3f7-460b-805b-e47c8a789a76","name":"Stage 6: Raw Material","category":"Case 1: Hydrogen Production (Cradle-to-gate 6) with CCS (kg)/Stage 6: Hydrogen Storage","processType":"UNIT_PROCESS","flowType":"PRODUCT_FLOW"},{"@type":"Process","@id":"41598df5-2eb6-4f2a-bb8d-c12b3094a8c0","name":"CCS: Capital Goods","category":"Case 1: Hydrogen Production (Cradle-to-gate 6) with CCS (kg)/Carbon capture and storage","processType":"UNIT_PROCESS","flowType":"PRODUCT_FLOW"},{"@type":"Process","@id":"96140667-b3ca-45f8-a452-96ead9e3347f","name":"Upstream Process","category":"Case 2: Hydrogen Use (Cradle-to-grave) for fuel or chemcial production (kg)/Upstream Processes (cradle-to-gate)","processType":"UNIT_PROCESS","flowType":"PRODUCT_FLOW"},{"@type":"Process","@id":"c006c570-5240-4f70-a9ee-5056858fa808","name":"Stage 6: Energy Consumption","category":"Case 1: Hydrogen Production (Cradle-to-gate 6) with CCS (kg)/Stage 6: Hydrogen Storage","processType":"UNIT_PROCESS","flowType":"PRODUCT_FLOW"},{"@type":"Process","@id":"92df5051-2fae-4e87-8009-b66dd7473fbb","name":"Carbon capture and storage","category":"Case 1: Hydrogen Production (Cradle-to-gate 6) with CCS (kg)/Carbon capture and storage","processType":"UNIT_PROCESS","flowType":"PRODUCT_FLOW"},{"@type":"Process","@id":"573878fc-79a4-4db8-97b1-a50683f1a0c2","name":"Hydrogen Production \u0026 Use for Fuel/Chemical Production ","category":"Case 2: Hydrogen Use (Cradle-to-grave) for fuel or chemcial production (kg)","processType":"UNIT_PROCESS","flowType":"PRODUCT_FLOW"},{"@type":"Process","@id":"344b9e8b-344f-45db-a4b1-87601124c850","name":"Hydrogen Compression","category":"Case 1: Hydrogen Production (Cradle-to-gate 6) with CCS (kg)/Stage 4: Hydrogen Compression","processType":"UNIT_PROCESS","flowType":"PRODUCT_FLOW"},{"@type":"Process","@id":"ea1009a7-ae36-466b-ba8f-87657f5bdab1","name":"Downstream Process","category":"Case 2: Hydrogen Use (Cradle-to-grave) for fuel or chemcial production (kg)/Downstream Process (gate-to-grave)","processType":"UNIT_PROCESS","flowType":"PRODUCT_FLOW"},{"@type":"Process","@id":"a4611b2d-1844-4dd5-a772-59ab563e39ab","name":"Downstream Process: Use","category":"Case 2: Hydrogen Use (Cradle-to-grave) for fuel or chemcial production (kg)/Downstream Process (gate-to-grave)","processType":"UNIT_PROCESS","flowType":"PRODUCT_FLOW"},{"@type":"Process","@id":"61fee52b-6f83-4a84-bb31-da56b785a8c1","name":"Stage 4: Transportation","category":"Case 1: Hydrogen Production (Cradle-to-gate 6) with CCS (kg)/Stage 4: Hydrogen Compression","processType":"UNIT_PROCESS","flowType":"PRODUCT_FLOW"},{"@type":"Process","@id":"466202e0-517f-4d9b-8253-0df832186988","name":"Core Process: Capital Goods","category":"Case 2: Hydrogen Use (Cradle-to-grave) for fuel or chemcial production (kg)/Core Processes (gate-to-gate)","processType":"UNIT_PROCESS","flowType":"PRODUCT_FLOW"},{"@type":"Process","@id":"cf2de6ce-ddb8-45c5-a053-7a5f5717efe2","name":"Stage 1: Energy Consumption","category":"Case 1: Hydrogen Production (Cradle-to-gate 6) with CCS (kg)/Stage 1: Mining \u0026 Preparation","processType":"UNIT_PROCESS","flowType":"PRODUCT_FLOW"},{"@type":"Process","@id":"21d66c7c-514d-4743-baaa-789b3096e2b2","name":"Upstream Process: Raw Material Extraction","category":"Case 2: Hydrogen Use (Cradle-to-grave) for fuel or chemcial production (kg)/Upstream Processes (cradle-to-gate)","processType":"UNIT_PROCESS","flowType":"PRODUCT_FLOW"},{"@type":"Process","@id":"949c6879-5b56-473d-8c1a-3b716ad3f396","name":"Stage 7: Transportation","category":"Case 1: Hydrogen Production (Cradle-to-gate 6) with CCS (kg)/Stage 7: Hydrogen Distribution","processType":"UNIT_PROCESS","flowType":"PRODUCT_FLOW"},{"@type":"Process","@id":"2a84c5a7-7ed9-4309-a6c1-734a4a8ffc17","name":"Downstream Process: End-of-Life","category":"Case 2: Hydrogen Use (Cradle-to-grave) for fuel or chemcial production (kg)/Downstream Process (gate-to-grave)","processType":"UNIT_PROCESS","flowType":"WASTE_FLOW"},{"@type":"Process","@id":"d931581f-13bd-4402-8d20-8b7d4c89f5fb","name":"Hydrogen Distribution ","category":"Case 1: Hydrogen Production (Cradle-to-gate 6) with CCS (kg)/Stage 7: Hydrogen Distribution","processType":"UNIT_PROCESS","flowType":"PRODUCT_FLOW"},{"@type":"Process","@id":"e007c90d-60f3-4327-937f-3edebd5b44f8","name":"Upstream Process: Transportation to Gate","category":"Case 2: Hydrogen Use (Cradle-to-grave) for fuel or chemcial production (kg)/Upstream Processes (cradle-to-gate)","processType":"UNIT_PROCESS","flowType":"PRODUCT_FLOW"},{"@type":"Process","@id":"86a86b40-1c8b-485b-9b1f-17f1d3d6056e","name":"Core Process: Storage","category":"Case 2: Hydrogen Use (Cradle-to-grave) for fuel or chemcial production (kg)/Core Processes (gate-to-gate)","processType":"UNIT_PROCESS","flowType":"PRODUCT_FLOW"},{"@type":"Process","@id":"a81c4338-032d-4f2a-8ca6-4a575818766c","name":"CCS: Transportation","category":"Case 1: Hydrogen Production (Cradle-to-gate 6) with CCS (kg)/Carbon capture and storage","processType":"UNIT_PROCESS","flowType":"PRODUCT_FLOW"},{"@type":"Process","@id":"fe2a584d-4d1e-44ac-95db-a0e6813beb79","name":"Core Process","category":"Case 2: Hydrogen Use (Cradle-to-grave) for fuel or chemcial production (kg)/Core Processes (gate-to-gate)","processType":"UNIT_PROCESS","flowType":"PRODUCT_FLOW"},{"@type":"Process","@id":"4068cafd-9096-4233-b75a-f37e01ab4ea2","name":"Hydrogen Production","category":"Case 1: Hydrogen Production (Cradle-to-gate 6) with CCS (kg)/Stage 2: Hydrogen Production","processType":"UNIT_PROCESS","flowType":"PRODUCT_FLOW"},{"@type":"Process","@id":"f5a9d33a-7802-4486-8a91-470064b612ce","name":"Downstream Process: Distribution","category":"Case 2: Hydrogen Use (Cradle-to-grave) for fuel or chemcial production (kg)/Downstream Process (gate-to-grave)","processType":"UNIT_PROCESS","flowType":"PRODUCT_FLOW"},{"@type":"Process","@id":"41d70b98-a339-40d2-b910-bff850e35488","name":"Hydrogen Storage","category":"Case 1: Hydrogen Production (Cradle-to-gate 6) with CCS (kg)/Stage 6: Hydrogen Storage","processType":"UNIT_PROCESS","flowType":"PRODUCT_FLOW"},{"@type":"Process","@id":"18d63c24-2a26-4b5f-9aed-40adcf6fb26e","name":"Core Process: Waste Treatment","category":"Case 2: Hydrogen Use (Cradle-to-grave) for fuel or chemcial production (kg)/Core Processes (gate-to-gate)","processType":"UNIT_PROCESS","flowType":"WASTE_FLOW"},{"@type":"Process","@id":"483c6e2c-cb5f-440a-95da-590dccf8ca2a","name":"Stage 1: Raw Materials","category":"Case 1: Hydrogen Production (Cradle-to-gate 6) with CCS (kg)/Stage 1: Mining \u0026 Preparation","processType":"UNIT_PROCESS","flowType":"PRODUCT_FLOW"},{"@type":"Process","@id":"6ec40471-677e-46bd-9273-f34fd20fac57","name":"Stage 4: Raw Materials","category":"Case 1: Hydrogen Production (Cradle-to-gate 6) with CCS (kg)/Stage 4: Hydrogen Compression","processType":"UNIT_PROCESS","flowType":"PRODUCT_FLOW"},{"@type":"Process","@id":"8c8df7ff-4510-4d52-94f9-30d4ac89dad6","name":"CCS: Energy Consumption","category":"Case 1: Hydrogen Production (Cradle-to-gate 6) with CCS (kg)/Carbon capture and storage","processType":"UNIT_PROCESS","flowType":"PRODUCT_FLOW"},{"@type":"Process","@id":"db5f540c-e653-491a-a9c4-3823221a5303","name":"Stage 7: Energy Consumption","category":"Case 1: Hydrogen Production (Cradle-to-gate 6) with CCS (kg)/Stage 7: Hydrogen Distribution","processType":"UNIT_PROCESS","flowType":"PRODUCT_FLOW"},{"@type":"Process","@id":"0873cce7-137d-4119-a3f2-d97c44e14323","name":"Stage 2: Raw Materials","category":"Case 1: Hydrogen Production (Cradle-to-gate 6) with CCS (kg)/Stage 2: Hydrogen Production","processType":"UNIT_PROCESS","flowType":"PRODUCT_FLOW"}],"processLinks":[{"provider":{"@type":"Process","@id":"83043ca0-2a30-4c8d-869a-5399f63ee308","name":"Hydrogen Production (Cradle-to-gate 6) with CCS (kg)","category":"Case 1: Hydrogen Production (Cradle-to-gate 6) with CCS (kg)","processType":"UNIT_PROCESS","flowType":"PRODUCT_FLOW"},"flow":{"@type":"Flow","@id":"5673ba3e-8255-4998-a21a-fcea77c6542e","name":"Hydrogen Produced","flowType":"PRODUCT_FLOW","refUnit":"kg"},"process":{"@type":"Process","@id":"c0999751-ab7b-48d9-a1a1-f9519507231e","name":"Core Process: Energy Consumption","category":"Case 2: Hydrogen Use (Cradle-to-grave) for fuel or chemcial production (kg)/Core Processes (gate-to-gate)","processType":"UNIT_PROCESS","flowType":"PRODUCT_FLOW"},"exchange":{"@type":"Exchange","internalId":3}},{"provider":{"@type":"Process","@id":"114d016b-73a6-44fd-a749-11386ef0efa1","name":"Upstream Process: Capital Goods","category":"Case 2: Hydrogen Use (Cradle-to-grave) for fuel or chemcial production (kg)/Upstream Processes (cradle-to-gate)","processType":"UNIT_PROCESS","flowType":"PRODUCT_FLOW"},"flow":{"@type":"Flow","@id":"4eaabce8-5f0c-4f58-bdd9-8d072529f9fc","name":"Upstream Process: Capital Goods","flowType":"PRODUCT_FLOW","refUnit":"Item(s)"},"process":{"@type":"Process","@id":"96140667-b3ca-45f8-a452-96ead9e3347f","name":"Upstream Process","category":"Case 2: Hydrogen Use (Cradle-to-grave) for fuel or chemcial production (kg)/Upstream Processes (cradle-to-gate)","processType":"UNIT_PROCESS","flowType":"PRODUCT_FLOW"},"exchange":{"@type":"Exchange","internalId":2}},{"provider":{"@type":"Process","@id":"5c6ab926-4700-430f-a993-288812129252","name":"Stage 1: Transportation","category":"Case 1: Hydrogen Production (Cradle-to-gate 6) with CCS (kg)/Stage 1: Mining \u0026 Preparation","processType":"UNIT_PROCESS","flowType":"PRODUCT_FLOW"},"flow":{"@type":"Flow","@id":"20273fa8-d1f9-4e21-a7e6-e35d468d9424","name":"Stage 1: Transportation","flowType":"PRODUCT_FLOW","refUnit":"Item(s)"},"process":{"@type":"Process","@id":"ebf1b2c8-f6eb-43c4-aad0-c7f97f3fb720","name":"Mining \u0026 Preparation","category":"Case 1: Hydrogen Production (Cradle-to-gate 6) with CCS (kg)/Stage 1: Mining \u0026 Preparation","processType":"UNIT_PROCESS","flowType":"PRODUCT_FLOW"},"exchange":{"@type":"Exchange","internalId":9}},{"provider":{"@type":"Process","@id":"e007c90d-60f3-4327-937f-3edebd5b44f8","name":"Upstream Process: Transportation to Gate","category":"Case 2: Hydrogen Use (Cradle-to-grave) for fuel or chemcial production (kg)/Upstream Processes (cradle-to-gate)","processType":"UNIT_PROCESS","flowType":"PRODUCT_FLOW"},"flow":{"@type":"Flow","@id":"a9ea2dce-312e-439c-b2f9-204d0d722089","name":"Upstream Process: Transportation to Gate","flowType":"PRODUCT_FLOW","refUnit":"Item(s)"},"process":{"@type":"Process","@id":"96140667-b3ca-45f8-a452-96ead9e3347f","name":"Upstream Process","category":"Case 2: Hydrogen Use (Cradle-to-grave) for fuel or chemcial production (kg)/Upstream Processes (cradle-to-gate)","processType":"UNIT_PROCESS","flowType":"PRODUCT_FLOW"},"exchange":{"@type":"Exchange","internalId":5}},{"provider":{"@type":"Process","@id":"cf2de6ce-ddb8-45c5-a053-7a5f5717efe2","name":"Stage 1: Energy Consumption","category":"Case 1: Hydrogen Production (Cradle-to-gate 6) with CCS (kg)/Stage 1: Mining \u0026 Preparation","processType":"UNIT_PROCESS","flowType":"PRODUCT_FLOW"},"flow":{"@type":"Flow","@id":"f5914253-6230-4428-8301-e1fdb2151672","name":"Stage 1: Energy Consumption","flowType":"PRODUCT_FLOW","refUnit":"Item(s)"},"process":{"@type":"Process","@id":"ebf1b2c8-f6eb-43c4-aad0-c7f97f3fb720","name":"Mining \u0026 Preparation","category":"Case 1: Hydrogen Production (Cradle-to-gate 6) with CCS (kg)/Stage 1: Mining \u0026 Preparation","processType":"UNIT_PROCESS","flowType":"PRODUCT_FLOW"},"exchange":{"@type":"Exchange","internalId":7}},{"provider":{"@type":"Process","@id":"074abf90-8087-4f54-aa92-11dcfbd1ca55","name":"Upstream Process: Energy Consumption","category":"Case 2: Hydrogen Use (Cradle-to-grave) for fuel or chemcial production (kg)/Upstream Processes (cradle-to-gate)","processType":"UNIT_PROCESS","flowType":"PRODUCT_FLOW"},"flow":{"@type":"Flow","@id":"1fa63d02-e0d1-4a3d-a726-52c466fac35c","name":"Upstream Process: Energy Consumption","flowType":"PRODUCT_FLOW","refUnit":"Item(s)"},"process":{"@type":"Process","@id":"96140667-b3ca-45f8-a452-96ead9e3347f","name":"Upstream Process","category":"Case 2: Hydrogen Use (Cradle-to-grave) for fuel or chemcial production (kg)/Upstream Processes (cradle-to-gate)","processType":"UNIT_PROCESS","flowType":"PRODUCT_FLOW"},"exchange":{"@type":"Exchange","internalId":3}},{"provider":{"@type":"Process","@id":"483c6e2c-cb5f-440a-95da-590dccf8ca2a","name":"Stage 1: Raw Materials","category":"Case 1: Hydrogen Production (Cradle-to-gate 6) with CCS (kg)/Stage 1: Mining \u0026 Preparation","processType":"UNIT_PROCESS","flowType":"PRODUCT_FLOW"},"flow":{"@type":"Flow","@id":"0356eda4-5b9d-4450-849a-08f1cc2a14da","name":"Stage 1: Raw Materials","flowType":"PRODUCT_FLOW","refUnit":"Item(s)"},"process":{"@type":"Process","@id":"ebf1b2c8-f6eb-43c4-aad0-c7f97f3fb720","name":"Mining \u0026 Preparation","category":"Case 1: Hydrogen Production (Cradle-to-gate 6) with CCS (kg)/Stage 1: Mining \u0026 Preparation","processType":"UNIT_PROCESS","flowType":"PRODUCT_FLOW"},"exchange":{"@type":"Exchange","internalId":8}},{"provider":{"@type":"Process","@id":"21d66c7c-514d-4743-baaa-789b3096e2b2","name":"Upstream Process: Raw Material Extraction","category":"Case 2: Hydrogen Use (Cradle-to-grave) for fuel or chemcial production (kg)/Upstream Processes (cradle-to-gate)","processType":"UNIT_PROCESS","flowType":"PRODUCT_FLOW"},"flow":{"@type":"Flow","@id":"e420ddcc-901a-4a95-9a96-1e2e285cbb75","name":"Upstream Process: Raw Material Extraction","flowType":"PRODUCT_FLOW","refUnit":"Item(s)"},"process":{"@type":"Process","@id":"96140667-b3ca-45f8-a452-96ead9e3347f","name":"Upstream Process","category":"Case 2: Hydrogen Use (Cradle-to-grave) for fuel or chemcial production (kg)/Upstream Processes (cradle-to-gate)","processType":"UNIT_PROCESS","flowType":"PRODUCT_FLOW"},"exchange":{"@type":"Exchange","internalId":4}},{"provider":{"@type":"Process","@id":"99b84a8c-d450-491d-af1d-c6ffbe090041","name":"Stage 1: Capital Goods","category":"Case 1: Hydrogen Production (Cradle-to-gate 6) with CCS (kg)/Stage 1: Mining \u0026 Preparation","processType":"UNIT_PROCESS","flowType":"PRODUCT_FLOW"},"flow":{"@type":"Flow","@id":"333efdd5-8db6-4efb-a00d-7365225786f1","name":"Stage 1: Capital Goods","flowType":"PRODUCT_FLOW","refUnit":"Item(s)"},"process":{"@type":"Process","@id":"ebf1b2c8-f6eb-43c4-aad0-c7f97f3fb720","name":"Mining \u0026 Preparation","category":"Case 1: Hydrogen Production (Cradle-to-gate 6) with CCS (kg)/Stage 1: Mining \u0026 Preparation","processType":"UNIT_PROCESS","flowType":"PRODUCT_FLOW"},"exchange":{"@type":"Exchange","internalId":6}},{"provider":{"@type":"Process","@id":"2a84c5a7-7ed9-4309-a6c1-734a4a8ffc17","name":"Downstream Process: End-of-Life","category":"Case 2: Hydrogen Use (Cradle-to-grave) for fuel or chemcial production (kg)/Downstream Process (gate-to-grave)","processType":"UNIT_PROCESS","flowType":"WASTE_FLOW"},"flow":{"@type":"Flow","@id":"b02bfda4-f830-4c7f-b672-10102e5d804f","name":"Downstream Process: End-of-Life","flowType":"WASTE_FLOW","refUnit":"Item(s)"},"process":{"@type":"Process","@id":"ea1009a7-ae36-466b-ba8f-87657f5bdab1","name":"Downstream Process","category":"Case 2: Hydrogen Use (Cradle-to-grave) for fuel or chemcial production (kg)/Downstream Process (gate-to-grave)","processType":"UNIT_PROCESS","flowType":"PRODUCT_FLOW"},"exchange":{"@type":"Exchange","internalId":4}},{"provider":{"@type":"Process","@id":"18d63c24-2a26-4b5f-9aed-40adcf6fb26e","name":"Core Process: Waste Treatment","category":"Case 2: Hydrogen Use (Cradle-to-grave) for fuel or chemcial production (kg)/Core Processes (gate-to-gate)","processType":"UNIT_PROCESS","flowType":"WASTE_FLOW"},"flow":{"@type":"Flow","@id":"fcb757ef-ab5e-4942-b991-aad99a302384","name":"Core Process: Waste Treatment","flowType":"WASTE_FLOW","refUnit":"Item(s)"},"process":{"@type":"Process","@id":"fe2a584d-4d1e-44ac-95db-a0e6813beb79","name":"Core Process","category":"Case 2: Hydrogen Use (Cradle-to-grave) for fuel or chemcial production (kg)/Core Processes (gate-to-gate)","processType":"UNIT_PROCESS","flowType":"PRODUCT_FLOW"},"exchange":{"@type":"Exchange","internalId":5}},{"provider":{"@type":"Process","@id":"1b2a06ec-9023-4c23-bfdd-aa34d13f3bd0","name":"Stage 4: Capital Goods","category":"Case 1: Hydrogen Production (Cradle-to-gate 6) with CCS (kg)/Stage 4: Hydrogen Compression","processType":"UNIT_PROCESS","flowType":"PRODUCT_FLOW"},"flow":{"@type":"Flow","@id":"debc9e81-39a2-4cb8-bd4a-962ac0a48fe2","name":"Stage 4: Capital Goods","flowType":"PRODUCT_FLOW","refUnit":"Item(s)"},"process":{"@type":"Process","@id":"344b9e8b-344f-45db-a4b1-87601124c850","name":"Hydrogen Compression","category":"Case 1: Hydrogen Production (Cradle-to-gate 6) with CCS (kg)/Stage 4: Hydrogen Compression","processType":"UNIT_PROCESS","flowType":"PRODUCT_FLOW"},"exchange":{"@type":"Exchange","internalId":6}},{"provider":{"@type":"Process","@id":"05443449-fc4b-45c5-b365-a179eef3df6a","name":"Stage 7: Capital Goods","category":"Case 1: Hydrogen Production (Cradle-to-gate 6) with CCS (kg)/Stage 7: Hydrogen Distribution","processType":"UNIT_PROCESS","flowType":"PRODUCT_FLOW"},"flow":{"@type":"Flow","@id":"1c7572d3-1862-4e55-8f26-4ff166d983b8","name":"Stage 7: Capital Goods","flowType":"PRODUCT_FLOW","refUnit":"Item(s)"},"process":{"@type":"Process","@id":"d931581f-13bd-4402-8d20-8b7d4c89f5fb","name":"Hydrogen Distribution ","category":"Case 1: Hydrogen Production (Cradle-to-gate 6) with CCS (kg)/Stage 7: Hydrogen Distribution","processType":"UNIT_PROCESS","flowType":"PRODUCT_FLOW"},"exchange":{"@type":"Exchange","internalId":6}},{"provider":{"@type":"Process","@id":"a4611b2d-1844-4dd5-a772-59ab563e39ab","name":"Downstream Process: Use","category":"Case 2: Hydrogen Use (Cradle-to-grave) for fuel or chemcial production (kg)/Downstream Process (gate-to-grave)","processType":"UNIT_PROCESS","flowType":"PRODUCT_FLOW"},"flow":{"@type":"Flow","@id":"bb0920ae-5e02-4285-90a0-0e6c93fe25ff","name":"Downstream Process: Use","flowType":"PRODUCT_FLOW","refUnit":"Item(s)"},"process":{"@type":"Process","@id":"ea1009a7-ae36-466b-ba8f-87657f5bdab1","name":"Downstream Process","category":"Case 2: Hydrogen Use (Cradle-to-grave) for fuel or chemcial production (kg)/Downstream Process (gate-to-grave)","processType":"UNIT_PROCESS","flowType":"PRODUCT_FLOW"},"exchange":{"@type":"Exchange","internalId":3}},{"provider":{"@type":"Process","@id":"caf99b31-678c-4b0c-b0f8-4e0f20c6fb7a","name":"Core Process: Auxillary Materials","category":"Case 2: Hydrogen Use (Cradle-to-grave) for fuel or chemcial production (kg)/Core Processes (gate-to-gate)","processType":"UNIT_PROCESS","flowType":"PRODUCT_FLOW"},"flow":{"@type":"Flow","@id":"0dcedfd9-1154-48c5-9f54-0093a3727e97","name":"Core Process: Auxillary Materials","flowType":"PRODUCT_FLOW","refUnit":"Item(s)"},"process":{"@type":"Process","@id":"fe2a584d-4d1e-44ac-95db-a0e6813beb79","name":"Core Process","category":"Case 2: Hydrogen Use (Cradle-to-grave) for fuel or chemcial production (kg)/Core Processes (gate-to-gate)","processType":"UNIT_PROCESS","flowType":"PRODUCT_FLOW"},"exchange":{"@type":"Exchange","internalId":2}},{"provider":{"@type":"Process","@id":"3b5faa7f-f94c-453f-ac0f-4b59cf72fadc","name":"Stage 4: Energy Consumption","category":"Case 1: Hydrogen Production (Cradle-to-gate 6) with CCS (kg)/Stage 4: Hydrogen Compression","processType":"UNIT_PROCESS","flowType":"PRODUCT_FLOW"},"flow":{"@type":"Flow","@id":"8f178ca4-a2d3-4cb8-a70b-1ca27570c0d9","name":"Stage 4: Energy Consumption","flowType":"PRODUCT_FLOW","refUnit":"Item(s)"},"process":{"@type":"Process","@id":"344b9e8b-344f-45db-a4b1-87601124c850","name":"Hydrogen Compression","category":"Case 1: Hydrogen Production (Cradle-to-gate 6) with CCS (kg)/Stage 4: Hydrogen Compression","processType":"UNIT_PROCESS","flowType":"PRODUCT_FLOW"},"exchange":{"@type":"Exchange","internalId":7}},{"provider":{"@type":"Process","@id":"cccff4c8-576f-407b-bf03-98b0b585002b","name":"Stage 7: Raw Materials ","category":"Case 1: Hydrogen Production (Cradle-to-gate 6) with CCS (kg)/Stage 7: Hydrogen Distribution","processType":"UNIT_PROCESS","flowType":"PRODUCT_FLOW"},"flow":{"@type":"Flow","@id":"90f419bb-3ae2-4979-9b23-c7a718e2a753","name":"Stage 7: Raw Materials ","flowType":"PRODUCT_FLOW","refUnit":"Item(s)"},"process":{"@type":"Process","@id":"d931581f-13bd-4402-8d20-8b7d4c89f5fb","name":"Hydrogen Distribution ","category":"Case 1: Hydrogen Production (Cradle-to-gate 6) with CCS (kg)/Stage 7: Hydrogen Distribution","processType":"UNIT_PROCESS","flowType":"PRODUCT_FLOW"},"exchange":{"@type":"Exchange","internalId":8}},{"provider":{"@type":"Process","@id":"f5a9d33a-7802-4486-8a91-470064b612ce","name":"Downstream Process: Distribution","category":"Case 2: Hydrogen Use (Cradle-to-grave) for fuel or chemcial production (kg)/Downstream Process (gate-to-grave)","processType":"UNIT_PROCESS","flowType":"PRODUCT_FLOW"},"flow":{"@type":"Flow","@id":"6d6f755b-387a-415c-aa21-8beb221054e7","name":"Downstream Process: Distribution","flowType":"PRODUCT_FLOW","refUnit":"Item(s)"},"process":{"@type":"Process","@id":"ea1009a7-ae36-466b-ba8f-87657f5bdab1","name":"Downstream Process","category":"Case 2: Hydrogen Use (Cradle-to-grave) for fuel or chemcial production (kg)/Downstream Process (gate-to-grave)","processType":"UNIT_PROCESS","flowType":"PRODUCT_FLOW"},"exchange":{"@type":"Exchange","internalId":2}},{"provider":{"@type":"Process","@id":"86a86b40-1c8b-485b-9b1f-17f1d3d6056e","name":"Core Process: Storage","category":"Case 2: Hydrogen Use (Cradle-to-grave) for fuel or chemcial production (kg)/Core Processes (gate-to-gate)","processType":"UNIT_PROCESS","flowType":"PRODUCT_FLOW"},"flow":{"@type":"Flow","@id":"78cd2445-6e85-4083-b8e2-a412bb49a077","name":"Core Process: Storage","flowType":"PRODUCT_FLOW","refUnit":"Item(s)"},"process":{"@type":"Process","@id":"fe2a584d-4d1e-44ac-95db-a0e6813beb79","name":"Core Process","category":"Case 2: Hydrogen Use (Cradle-to-grave) for fuel or chemcial production (kg)/Core Processes (gate-to-gate)","processType":"UNIT_PROCESS","flowType":"PRODUCT_FLOW"},"exchange":{"@type":"Exchange","internalId":6}},{"provider":{"@type":"Process","@id":"61fee52b-6f83-4a84-bb31-da56b785a8c1","name":"Stage 4: Transportation","category":"Case 1: Hydrogen Production (Cradle-to-gate 6) with CCS (kg)/Stage 4: Hydrogen Compression","processType":"UNIT_PROCESS","flowType":"PRODUCT_FLOW"},"flow":{"@type":"Flow","@id":"ef6ad59a-275b-4032-821b-a57de476667e","name":"Stage 4: Transportation","flowType":"PRODUCT_FLOW","refUnit":"Item(s)"},"process":{"@type":"Process","@id":"344b9e8b-344f-45db-a4b1-87601124c850","name":"Hydrogen Compression","category":"Case 1: Hydrogen Production (Cradle-to-gate 6) with CCS (kg)/Stage 4: Hydrogen Compression","processType":"UNIT_PROCESS","flowType":"PRODUCT_FLOW"},"exchange":{"@type":"Exchange","internalId":9}},{"provider":{"@type":"Process","@id":"949c6879-5b56-473d-8c1a-3b716ad3f396","name":"Stage 7: Transportation","category":"Case 1: Hydrogen Production (Cradle-to-gate 6) with CCS (kg)/Stage 7: Hydrogen Distribution","processType":"UNIT_PROCESS","flowType":"PRODUCT_FLOW"},"flow":{"@type":"Flow","@id":"1730447f-f3fa-4bd1-84c6-816628a196ca","name":"Stage 7: Transportation","flowType":"PRODUCT_FLOW","refUnit":"Item(s)"},"process":{"@type":"Process","@id":"d931581f-13bd-4402-8d20-8b7d4c89f5fb","name":"Hydrogen Distribution ","category":"Case 1: Hydrogen Production (Cradle-to-gate 6) with CCS (kg)/Stage 7: Hydrogen Distribution","processType":"UNIT_PROCESS","flowType":"PRODUCT_FLOW"},"exchange":{"@type":"Exchange","internalId":9}},{"provider":{"@type":"Process","@id":"c0999751-ab7b-48d9-a1a1-f9519507231e","name":"Core Process: Energy Consumption","category":"Case 2: Hydrogen Use (Cradle-to-grave) for fuel or chemcial production (kg)/Core Processes (gate-to-gate)","processType":"UNIT_PROCESS","flowType":"PRODUCT_FLOW"},"flow":{"@type":"Flow","@id":"f5d66379-85aa-4dc7-8809-b4d467ffd282","name":"Core Process: Energy Consumption","flowType":"PRODUCT_FLOW","refUnit":"Item(s)"},"process":{"@type":"Process","@id":"fe2a584d-4d1e-44ac-95db-a0e6813beb79","name":"Core Process","category":"Case 2: Hydrogen Use (Cradle-to-grave) for fuel or chemcial production (kg)/Core Processes (gate-to-gate)","processType":"UNIT_PROCESS","flowType":"PRODUCT_FLOW"},"exchange":{"@type":"Exchange","internalId":4}},{"provider":{"@type":"Process","@id":"466202e0-517f-4d9b-8253-0df832186988","name":"Core Process: Capital Goods","category":"Case 2: Hydrogen Use (Cradle-to-grave) for fuel or chemcial production (kg)/Core Processes (gate-to-gate)","processType":"UNIT_PROCESS","flowType":"PRODUCT_FLOW"},"flow":{"@type":"Flow","@id":"5694cbbb-f93a-4803-84a8-c4b55e32f833","name":"Core Process: Capital Goods","flowType":"PRODUCT_FLOW","refUnit":"Item(s)"},"process":{"@type":"Process","@id":"fe2a584d-4d1e-44ac-95db-a0e6813beb79","name":"Core Process","category":"Case 2: Hydrogen Use (Cradle-to-grave) for fuel or chemcial production (kg)/Core Processes (gate-to-gate)","processType":"UNIT_PROCESS","flowType":"PRODUCT_FLOW"},"exchange":{"@type":"Exchange","internalId":3}},{"provider":{"@type":"Process","@id":"6ec40471-677e-46bd-9273-f34fd20fac57","name":"Stage 4: Raw Materials","category":"Case 1: Hydrogen Production (Cradle-to-gate 6) with CCS (kg)/Stage 4: Hydrogen Compression","processType":"UNIT_PROCESS","flowType":"PRODUCT_FLOW"},"flow":{"@type":"Flow","@id":"9d88774f-2ef7-4f35-9ab0-82560f51cd8f","name":"Stage 4: Raw Materials","flowType":"PRODUCT_FLOW","refUnit":"Item(s)"},"process":{"@type":"Process","@id":"344b9e8b-344f-45db-a4b1-87601124c850","name":"Hydrogen Compression","category":"Case 1: Hydrogen Production (Cradle-to-gate 6) with CCS (kg)/Stage 4: Hydrogen Compression","processType":"UNIT_PROCESS","flowType":"PRODUCT_FLOW"},"exchange":{"@type":"Exchange","internalId":8}},{"provider":{"@type":"Process","@id":"db5f540c-e653-491a-a9c4-3823221a5303","name":"Stage 7: Energy Consumption","category":"Case 1: Hydrogen Production (Cradle-to-gate 6) with CCS (kg)/Stage 7: Hydrogen Distribution","processType":"UNIT_PROCESS","flowType":"PRODUCT_FLOW"},"flow":{"@type":"Flow","@id":"1401d9ac-e874-454d-91a1-ca13446409d4","name":"Stage 7: Energy Consumption","flowType":"PRODUCT_FLOW","refUnit":"Item(s)"},"process":{"@type":"Process","@id":"d931581f-13bd-4402-8d20-8b7d4c89f5fb","name":"Hydrogen Distribution ","category":"Case 1: Hydrogen Production (Cradle-to-gate 6) with CCS (kg)/Stage 7: Hydrogen Distribution","processType":"UNIT_PROCESS","flowType":"PRODUCT_FLOW"},"exchange":{"@type":"Exchange","internalId":7}},{"provider":{"@type":"Process","@id":"ea1009a7-ae36-466b-ba8f-87657f5bdab1","name":"Downstream Process","category":"Case 2: Hydrogen Use (Cradle-to-grave) for fuel or chemcial production (kg)/Downstream Process (gate-to-grave)","processType":"UNIT_PROCESS","flowType":"PRODUCT_FLOW"},"flow":{"@type":"Flow","@id":"c7506cf9-6c3e-4f86-9248-dd6dd9a7979c","name":"Downstream Process","flowType":"PRODUCT_FLOW","refUnit":"Item(s)"},"process":{"@type":"Process","@id":"573878fc-79a4-4db8-97b1-a50683f1a0c2","name":"Hydrogen Production \u0026 Use for Fuel/Chemical Production ","category":"Case 2: Hydrogen Use (Cradle-to-grave) for fuel or chemcial production (kg)","processType":"UNIT_PROCESS","flowType":"PRODUCT_FLOW"},"exchange":{"@type":"Exchange","internalId":4}},{"provider":{"@type":"Process","@id":"344b9e8b-344f-45db-a4b1-87601124c850","name":"Hydrogen Compression","category":"Case 1: Hydrogen Production (Cradle-to-gate 6) with CCS (kg)/Stage 4: Hydrogen Compression","processType":"UNIT_PROCESS","flowType":"PRODUCT_FLOW"},"flow":{"@type":"Flow","@id":"581291b9-1017-4cd6-80dc-48e6bb8a6152","name":"Hydrogen Compression","flowType":"PRODUCT_FLOW","refUnit":"Item(s)"},"process":{"@type":"Process","@id":"83043ca0-2a30-4c8d-869a-5399f63ee308","name":"Hydrogen Production (Cradle-to-gate 6) with CCS (kg)","category":"Case 1: Hydrogen Production (Cradle-to-gate 6) with CCS (kg)","processType":"UNIT_PROCESS","flowType":"PRODUCT_FLOW"},"exchange":{"@type":"Exchange","internalId":15}},{"provider":{"@type":"Process","@id":"33ac3b3c-78b6-41fe-90ee-65644534c7fa","name":"Stage 3: Transportation","category":"Case 1: Hydrogen Production (Cradle-to-gate 6) with CCS (kg)/Stage 3: Hydrogen Purification","processType":"UNIT_PROCESS","flowType":"PRODUCT_FLOW"},"flow":{"@type":"Flow","@id":"9016044c-0b7a-4f53-88b2-65b93ba7394e","name":"Stage 3: Transportation","flowType":"PRODUCT_FLOW","refUnit":"Item(s)"},"process":{"@type":"Process","@id":"29d027db-0929-42f7-938c-60d05d925f35","name":"Hydrogen Purification","category":"Case 1: Hydrogen Production (Cradle-to-gate 6) with CCS (kg)/Stage 3: Hydrogen Purification","processType":"UNIT_PROCESS","flowType":"PRODUCT_FLOW"},"exchange":{"@type":"Exchange","internalId":9}},{"provider":{"@type":"Process","@id":"e00fd827-7584-4c60-aa21-04e65b4bbfeb","name":"Stage 2: Energy Consumption","category":"Case 1: Hydrogen Production (Cradle-to-gate 6) with CCS (kg)/Stage 2: Hydrogen Production","processType":"UNIT_PROCESS","flowType":"PRODUCT_FLOW"},"flow":{"@type":"Flow","@id":"22d3c391-f73f-4e75-be86-210e2f094fd3","name":"Stage 2: Energy Consumption","flowType":"PRODUCT_FLOW","refUnit":"Item(s)"},"process":{"@type":"Process","@id":"4068cafd-9096-4233-b75a-f37e01ab4ea2","name":"Hydrogen Production","category":"Case 1: Hydrogen Production (Cradle-to-gate 6) with CCS (kg)/Stage 2: Hydrogen Production","processType":"UNIT_PROCESS","flowType":"PRODUCT_FLOW"},"exchange":{"@type":"Exchange","internalId":7}},{"provider":{"@type":"Process","@id":"96140667-b3ca-45f8-a452-96ead9e3347f","name":"Upstream Process","category":"Case 2: Hydrogen Use (Cradle-to-grave) for fuel or chemcial production (kg)/Upstream Processes (cradle-to-gate)","processType":"UNIT_PROCESS","flowType":"PRODUCT_FLOW"},"flow":{"@type":"Flow","@id":"3e07e07a-2ee2-4e16-aac0-9ef84e148c45","name":"Upstream Process","flowType":"PRODUCT_FLOW","refUnit":"Item(s)"},"process":{"@type":"Process","@id":"573878fc-79a4-4db8-97b1-a50683f1a0c2","name":"Hydrogen Production \u0026 Use for Fuel/Chemical Production ","category":"Case 2: Hydrogen Use (Cradle-to-grave) for fuel or chemcial production (kg)","processType":"UNIT_PROCESS","flowType":"PRODUCT_FLOW"},"exchange":{"@type":"Exchange","internalId":3}},{"provider":{"@type":"Process","@id":"92df5051-2fae-4e87-8009-b66dd7473fbb","name":"Carbon capture and storage","category":"Case 1: Hydrogen Production (Cradle-to-gate 6) with CCS (kg)/Carbon capture and storage","processType":"UNIT_PROCESS","flowType":"PRODUCT_FLOW"},"flow":{"@type":"Flow","@id":"1bd5e8e5-0f95-4372-b076-975454963e8c","name":"Carbon capture and storage","flowType":"PRODUCT_FLOW","refUnit":"Item(s)"},"process":{"@type":"Process","@id":"83043ca0-2a30-4c8d-869a-5399f63ee308","name":"Hydrogen Production (Cradle-to-gate 6) with CCS (kg)","category":"Case 1: Hydrogen Production (Cradle-to-gate 6) with CCS (kg)","processType":"UNIT_PROCESS","flowType":"PRODUCT_FLOW"},"exchange":{"@type":"Exchange","internalId":11}},{"provider":{"@type":"Process","@id":"94035ac0-e3d1-4e30-b838-21af0a102818","name":"Stage 3: Energy Consumption","category":"Case 1: Hydrogen Production (Cradle-to-gate 6) with CCS (kg)/Stage 3: Hydrogen Purification","processType":"UNIT_PROCESS","flowType":"PRODUCT_FLOW"},"flow":{"@type":"Flow","@id":"c4f2aa43-1d3a-40fa-b829-ca5e1dc155ab","name":"Stage 3: Energy Consumption","flowType":"PRODUCT_FLOW","refUnit":"Item(s)"},"process":{"@type":"Process","@id":"29d027db-0929-42f7-938c-60d05d925f35","name":"Hydrogen Purification","category":"Case 1: Hydrogen Production (Cradle-to-gate 6) with CCS (kg)/Stage 3: Hydrogen Purification","processType":"UNIT_PROCESS","flowType":"PRODUCT_FLOW"},"exchange":{"@type":"Exchange","internalId":7}},{"provider":{"@type":"Process","@id":"99531a28-f408-4a11-8b6e-0e4bab7aae77","name":"Stage 2: Capital Goods","category":"Case 1: Hydrogen Production (Cradle-to-gate 6) with CCS (kg)/Stage 2: Hydrogen Production","processType":"UNIT_PROCESS","flowType":"PRODUCT_FLOW"},"flow":{"@type":"Flow","@id":"eb136cd4-a7a5-473d-abdf-75d3ca1866f6","name":"Stage 2: Capital Goods","flowType":"PRODUCT_FLOW","refUnit":"Item(s)"},"process":{"@type":"Process","@id":"4068cafd-9096-4233-b75a-f37e01ab4ea2","name":"Hydrogen Production","category":"Case 1: Hydrogen Production (Cradle-to-gate 6) with CCS (kg)/Stage 2: Hydrogen Production","processType":"UNIT_PROCESS","flowType":"PRODUCT_FLOW"},"exchange":{"@type":"Exchange","internalId":6}},{"provider":{"@type":"Process","@id":"fe2a584d-4d1e-44ac-95db-a0e6813beb79","name":"Core Process","category":"Case 2: Hydrogen Use (Cradle-to-grave) for fuel or chemcial production (kg)/Core Processes (gate-to-gate)","processType":"UNIT_PROCESS","flowType":"PRODUCT_FLOW"},"flow":{"@type":"Flow","@id":"d713078c-4f2b-4dc5-b230-27e85ad96eb9","name":"Core Process","flowType":"PRODUCT_FLOW","refUnit":"Item(s)"},"process":{"@type":"Process","@id":"573878fc-79a4-4db8-97b1-a50683f1a0c2","name":"Hydrogen Production \u0026 Use for Fuel/Chemical Production ","category":"Case 2: Hydrogen Use (Cradle-to-grave) for fuel or chemcial production (kg)","processType":"UNIT_PROCESS","flowType":"PRODUCT_FLOW"},"exchange":{"@type":"Exchange","internalId":2}},{"provider":{"@type":"Process","@id":"d931581f-13bd-4402-8d20-8b7d4c89f5fb","name":"Hydrogen Distribution ","category":"Case 1: Hydrogen Production (Cradle-to-gate 6) with CCS (kg)/Stage 7: Hydrogen Distribution","processType":"UNIT_PROCESS","flowType":"PRODUCT_FLOW"},"flow":{"@type":"Flow","@id":"637ba1ed-dad9-4819-a3f1-3fdfa840b15d","name":"Hydrogen Distribution ","flowType":"PRODUCT_FLOW","refUnit":"Item(s)"},"process":{"@type":"Process","@id":"83043ca0-2a30-4c8d-869a-5399f63ee308","name":"Hydrogen Production (Cradle-to-gate 6) with CCS (kg)","category":"Case 1: Hydrogen Production (Cradle-to-gate 6) with CCS (kg)","processType":"UNIT_PROCESS","flowType":"PRODUCT_FLOW"},"exchange":{"@type":"Exchange","internalId":18}},{"provider":{"@type":"Process","@id":"46544a51-e254-495c-b047-5aa98f324a34","name":"Stage 3: Raw Materials","category":"Case 1: Hydrogen Production (Cradle-to-gate 6) with CCS (kg)/Stage 3: Hydrogen Purification","processType":"UNIT_PROCESS","flowType":"PRODUCT_FLOW"},"flow":{"@type":"Flow","@id":"31d416e0-4fa1-4cf0-a139-ef4ccbba3351","name":"Stage 3: Raw Materials","flowType":"PRODUCT_FLOW","refUnit":"Item(s)"},"process":{"@type":"Process","@id":"29d027db-0929-42f7-938c-60d05d925f35","name":"Hydrogen Purification","category":"Case 1: Hydrogen Production (Cradle-to-gate 6) with CCS (kg)/Stage 3: Hydrogen Purification","processType":"UNIT_PROCESS","flowType":"PRODUCT_FLOW"},"exchange":{"@type":"Exchange","internalId":8}},{"provider":{"@type":"Process","@id":"05af087b-776c-4226-b4c6-165a0de526ba","name":"Stage 2: Transportation","category":"Case 1: Hydrogen Production (Cradle-to-gate 6) with CCS (kg)/Stage 2: Hydrogen Production","processType":"UNIT_PROCESS","flowType":"PRODUCT_FLOW"},"flow":{"@type":"Flow","@id":"54e0f1c1-8696-4a6e-93d3-d5460372c6fe","name":"Stage 2: Transportation","flowType":"PRODUCT_FLOW","refUnit":"Item(s)"},"process":{"@type":"Process","@id":"4068cafd-9096-4233-b75a-f37e01ab4ea2","name":"Hydrogen Production","category":"Case 1: Hydrogen Production (Cradle-to-gate 6) with CCS (kg)/Stage 2: Hydrogen Production","processType":"UNIT_PROCESS","flowType":"PRODUCT_FLOW"},"exchange":{"@type":"Exchange","internalId":9}},{"provider":{"@type":"Process","@id":"ebf1b2c8-f6eb-43c4-aad0-c7f97f3fb720","name":"Mining \u0026 Preparation","category":"Case 1: Hydrogen Production (Cradle-to-gate 6) with CCS (kg)/Stage 1: Mining \u0026 Preparation","processType":"UNIT_PROCESS","flowType":"PRODUCT_FLOW"},"flow":{"@type":"Flow","@id":"2965a222-0609-4970-8464-592891d3be00","name":"Mining \u0026 Preparation","flowType":"PRODUCT_FLOW","refUnit":"Item(s)"},"process":{"@type":"Process","@id":"83043ca0-2a30-4c8d-869a-5399f63ee308","name":"Hydrogen Production (Cradle-to-gate 6) with CCS (kg)","category":"Case 1: Hydrogen Production (Cradle-to-gate 6) with CCS (kg)","processType":"UNIT_PROCESS","flowType":"PRODUCT_FLOW"},"exchange":{"@type":"Exchange","internalId":12}},{"provider":{"@type":"Process","@id":"92721328-6b48-457e-baef-f19fac2d26f3","name":"Transport of Compressed H2","category":"Case 1: Hydrogen Production (Cradle-to-gate 6) with CCS (kg)/Stage 5: Transportation","processType":"UNIT_PROCESS","flowType":"PRODUCT_FLOW"},"flow":{"@type":"Flow","@id":"195f4f2f-5d57-49cf-ab78-3dfc31f2d81b","name":"Stage 5: Transport of Compressed H2","flowType":"PRODUCT_FLOW","refUnit":"Item(s)"},"process":{"@type":"Process","@id":"83043ca0-2a30-4c8d-869a-5399f63ee308","name":"Hydrogen Production (Cradle-to-gate 6) with CCS (kg)","category":"Case 1: Hydrogen Production (Cradle-to-gate 6) with CCS (kg)","processType":"UNIT_PROCESS","flowType":"PRODUCT_FLOW"},"exchange":{"@type":"Exchange","internalId":16}},{"provider":{"@type":"Process","@id":"c0a5c7d9-7701-4f44-86e4-ff661efdc7b3","name":"Stage 3: Capital Goods","category":"Case 1: Hydrogen Production (Cradle-to-gate 6) with CCS (kg)/Stage 3: Hydrogen Purification","processType":"UNIT_PROCESS","flowType":"PRODUCT_FLOW"},"flow":{"@type":"Flow","@id":"7510368d-3662-4d40-b937-36f998d84391","name":"Stage 3: Capital Goods","flowType":"PRODUCT_FLOW","refUnit":"Item(s)"},"process":{"@type":"Process","@id":"29d027db-0929-42f7-938c-60d05d925f35","name":"Hydrogen Purification","category":"Case 1: Hydrogen Production (Cradle-to-gate 6) with CCS (kg)/Stage 3: Hydrogen Purification","processType":"UNIT_PROCESS","flowType":"PRODUCT_FLOW"},"exchange":{"@type":"Exchange","internalId":6}},{"provider":{"@type":"Process","@id":"0873cce7-137d-4119-a3f2-d97c44e14323","name":"Stage 2: Raw Materials","category":"Case 1: Hydrogen Production (Cradle-to-gate 6) with CCS (kg)/Stage 2: Hydrogen Production","processType":"UNIT_PROCESS","flowType":"PRODUCT_FLOW"},"flow":{"@type":"Flow","@id":"364d87b5-99a3-4b87-b24a-1429225883da","name":"Stage 2: Raw Materials","flowType":"PRODUCT_FLOW","refUnit":"Item(s)"},"process":{"@type":"Process","@id":"4068cafd-9096-4233-b75a-f37e01ab4ea2","name":"Hydrogen Production","category":"Case 1: Hydrogen Production (Cradle-to-gate 6) with CCS (kg)/Stage 2: Hydrogen Production","processType":"UNIT_PROCESS","flowType":"PRODUCT_FLOW"},"exchange":{"@type":"Exchange","internalId":8}},{"provider":{"@type":"Process","@id":"29d027db-0929-42f7-938c-60d05d925f35","name":"Hydrogen Purification","category":"Case 1: Hydrogen Production (Cradle-to-gate 6) with CCS (kg)/Stage 3: Hydrogen Purification","processType":"UNIT_PROCESS","flowType":"PRODUCT_FLOW"},"flow":{"@type":"Flow","@id":"21df2c2b-25d8-4984-9a31-01d2af511f1c","name":"Hydrogen Purification","flowType":"PRODUCT_FLOW","refUnit":"Item(s)"},"process":{"@type":"Process","@id":"83043ca0-2a30-4c8d-869a-5399f63ee308","name":"Hydrogen Production (Cradle-to-gate 6) with CCS (kg)","category":"Case 1: Hydrogen Production (Cradle-to-gate 6) with CCS (kg)","processType":"UNIT_PROCESS","flowType":"PRODUCT_FLOW"},"exchange":{"@type":"Exchange","internalId":14}},{"provider":{"@type":"Process","@id":"41d70b98-a339-40d2-b910-bff850e35488","name":"Hydrogen Storage","category":"Case 1: Hydrogen Production (Cradle-to-gate 6) with CCS (kg)/Stage 6: Hydrogen Storage","processType":"UNIT_PROCESS","flowType":"PRODUCT_FLOW"},"flow":{"@type":"Flow","@id":"ddcb3fc8-b182-4c3f-bc03-4adb918c9eb9","name":"Hyrogen Storage","flowType":"PRODUCT_FLOW","refUnit":"Item(s)"},"process":{"@type":"Process","@id":"83043ca0-2a30-4c8d-869a-5399f63ee308","name":"Hydrogen Production (Cradle-to-gate 6) with CCS (kg)","category":"Case 1: Hydrogen Production (Cradle-to-gate 6) with CCS (kg)","processType":"UNIT_PROCESS","flowType":"PRODUCT_FLOW"},"exchange":{"@type":"Exchange","internalId":17}},{"provider":{"@type":"Process","@id":"4068cafd-9096-4233-b75a-f37e01ab4ea2","name":"Hydrogen Production","category":"Case 1: Hydrogen Production (Cradle-to-gate 6) with CCS (kg)/Stage 2: Hydrogen Production","processType":"UNIT_PROCESS","flowType":"PRODUCT_FLOW"},"flow":{"@type":"Flow","@id":"3ba1157e-3bc9-4552-8623-d565e4594a8e","name":"Hydrogen Production","flowType":"PRODUCT_FLOW","refUnit":"Item(s)"},"process":{"@type":"Process","@id":"83043ca0-2a30-4c8d-869a-5399f63ee308","name":"Hydrogen Production (Cradle-to-gate 6) with CCS (kg)","category":"Case 1: Hydrogen Production (Cradle-to-gate 6) with CCS (kg)","processType":"UNIT_PROCESS","flowType":"PRODUCT_FLOW"},"exchange":{"@type":"Exchange","internalId":13}},{"provider":{"@type":"Process","@id":"83043ca0-2a30-4c8d-869a-5399f63ee308","name":"Hydrogen Production (Cradle-to-gate 6) with CCS (kg)","category":"Case 1: Hydrogen Production (Cradle-to-gate 6) with CCS (kg)","processType":"UNIT_PROCESS","flowType":"PRODUCT_FLOW"},"flow":{"@type":"Flow","@id":"5673ba3e-8255-4998-a21a-fcea77c6542e","name":"Hydrogen Produced","flowType":"PRODUCT_FLOW","refUnit":"kg"},"process":{"@type":"Process","@id":"c0999751-ab7b-48d9-a1a1-f9519507231e","name":"Core Process: Energy Consumption","category":"Case 2: Hydrogen Use (Cradle-to-grave) for fuel or chemcial production (kg)/Core Processes (gate-to-gate)","processType":"UNIT_PROCESS","flowType":"PRODUCT_FLOW"},"exchange":{"@type":"Exchange","internalId":2}},{"provider":{"@type":"Process","@id":"8c8df7ff-4510-4d52-94f9-30d4ac89dad6","name":"CCS: Energy Consumption","category":"Case 1: Hydrogen Production (Cradle-to-gate 6) with CCS (kg)/Carbon capture and storage","processType":"UNIT_PROCESS","flowType":"PRODUCT_FLOW"},"flow":{"@type":"Flow","@id":"92f2350b-1764-43bb-adeb-179feb8c93c6","name":"CCS: Energy Consumption","flowType":"PRODUCT_FLOW","refUnit":"Item(s)"},"process":{"@type":"Process","@id":"92df5051-2fae-4e87-8009-b66dd7473fbb","name":"Carbon capture and storage","category":"Case 1: Hydrogen Production (Cradle-to-gate 6) with CCS (kg)/Carbon capture and storage","processType":"UNIT_PROCESS","flowType":"PRODUCT_FLOW"},"exchange":{"@type":"Exchange","internalId":7}},{"provider":{"@type":"Process","@id":"c006c570-5240-4f70-a9ee-5056858fa808","name":"Stage 6: Energy Consumption","category":"Case 1: Hydrogen Production (Cradle-to-gate 6) with CCS (kg)/Stage 6: Hydrogen Storage","processType":"UNIT_PROCESS","flowType":"PRODUCT_FLOW"},"flow":{"@type":"Flow","@id":"9fb43c79-3aff-4bd4-8e3f-2627746a4b4e","name":"Stage 6: Energy Consumption","flowType":"PRODUCT_FLOW","refUnit":"Item(s)"},"process":{"@type":"Process","@id":"41d70b98-a339-40d2-b910-bff850e35488","name":"Hydrogen Storage","category":"Case 1: Hydrogen Production (Cradle-to-gate 6) with CCS (kg)/Stage 6: Hydrogen Storage","processType":"UNIT_PROCESS","flowType":"PRODUCT_FLOW"},"exchange":{"@type":"Exchange","internalId":8}},{"provider":{"@type":"Process","@id":"a81c4338-032d-4f2a-8ca6-4a575818766c","name":"CCS: Transportation","category":"Case 1: Hydrogen Production (Cradle-to-gate 6) with CCS (kg)/Carbon capture and storage","processType":"UNIT_PROCESS","flowType":"PRODUCT_FLOW"},"flow":{"@type":"Flow","@id":"c0ae6cec-04e2-410c-892e-52d5563cb4e9","name":"CCS: Transportation","flowType":"PRODUCT_FLOW","refUnit":"Item(s)"},"process":{"@type":"Process","@id":"92df5051-2fae-4e87-8009-b66dd7473fbb","name":"Carbon capture and storage","category":"Case 1: Hydrogen Production (Cradle-to-gate 6) with CCS (kg)/Carbon capture and storage","processType":"UNIT_PROCESS","flowType":"PRODUCT_FLOW"},"exchange":{"@type":"Exchange","internalId":9}},{"provider":{"@type":"Process","@id":"e8730664-4fd1-4ec6-b41f-cc071d017401","name":"Stage 6: Capital Goods","category":"Case 1: Hydrogen Production (Cradle-to-gate 6) with CCS (kg)/Stage 6: Hydrogen Storage","processType":"UNIT_PROCESS","flowType":"PRODUCT_FLOW"},"flow":{"@type":"Flow","@id":"3ba22990-3d38-4d35-a7dc-14390d8402bb","name":"Stage 6: Capital Goods","flowType":"PRODUCT_FLOW","refUnit":"Item(s)"},"process":{"@type":"Process","@id":"41d70b98-a339-40d2-b910-bff850e35488","name":"Hydrogen Storage","category":"Case 1: Hydrogen Production (Cradle-to-gate 6) with CCS (kg)/Stage 6: Hydrogen Storage","processType":"UNIT_PROCESS","flowType":"PRODUCT_FLOW"},"exchange":{"@type":"Exchange","internalId":7}},{"provider":{"@type":"Process","@id":"41598df5-2eb6-4f2a-bb8d-c12b3094a8c0","name":"CCS: Capital Goods","category":"Case 1: Hydrogen Production (Cradle-to-gate 6) with CCS (kg)/Carbon capture and storage","processType":"UNIT_PROCESS","flowType":"PRODUCT_FLOW"},"flow":{"@type":"Flow","@id":"780f34b7-8c65-4224-b9e0-cff8a12a0072","name":"CCS: Capital Goods","flowType":"PRODUCT_FLOW","refUnit":"Item(s)"},"process":{"@type":"Process","@id":"92df5051-2fae-4e87-8009-b66dd7473fbb","name":"Carbon capture and storage","category":"Case 1: Hydrogen Production (Cradle-to-gate 6) with CCS (kg)/Carbon capture and storage","processType":"UNIT_PROCESS","flowType":"PRODUCT_FLOW"},"exchange":{"@type":"Exchange","internalId":6}},{"provider":{"@type":"Process","@id":"69a33e03-a3f7-460b-805b-e47c8a789a76","name":"Stage 6: Raw Material","category":"Case 1: Hydrogen Production (Cradle-to-gate 6) with CCS (kg)/Stage 6: Hydrogen Storage","processType":"UNIT_PROCESS","flowType":"PRODUCT_FLOW"},"flow":{"@type":"Flow","@id":"2466b18c-d6f6-4a8d-b4a8-0a15d4eee5d8","name":"Stage 6: Raw Material","flowType":"PRODUCT_FLOW","refUnit":"Item(s)"},"process":{"@type":"Process","@id":"41d70b98-a339-40d2-b910-bff850e35488","name":"Hydrogen Storage","category":"Case 1: Hydrogen Production (Cradle-to-gate 6) with CCS (kg)/Stage 6: Hydrogen Storage","processType":"UNIT_PROCESS","flowType":"PRODUCT_FLOW"},"exchange":{"@type":"Exchange","internalId":9}},{"provider":{"@type":"Process","@id":"4114cb76-6ea9-426d-b4f9-a4a80def19c2","name":"CCS: Raw Materials","category":"Case 1: Hydrogen Production (Cradle-to-gate 6) with CCS (kg)/Carbon capture and storage","processType":"UNIT_PROCESS","flowType":"PRODUCT_FLOW"},"flow":{"@type":"Flow","@id":"a480bd84-e195-4cba-8270-0f1cd3498dbe","name":"CCS: Raw Materials","flowType":"PRODUCT_FLOW","refUnit":"Item(s)"},"process":{"@type":"Process","@id":"92df5051-2fae-4e87-8009-b66dd7473fbb","name":"Carbon capture and storage","category":"Case 1: Hydrogen Production (Cradle-to-gate 6) with CCS (kg)/Carbon capture and storage","processType":"UNIT_PROCESS","flowType":"PRODUCT_FLOW"},"exchange":{"@type":"Exchange","internalId":8}},{"provider":{"@type":"Process","@id":"96702663-c06d-4a5e-bb01-331d9c57c91d","name":"Stage 6: Transportation","category":"Case 1: Hydrogen Production (Cradle-to-gate 6) with CCS (kg)/Stage 6: Hydrogen Storage","processType":"UNIT_PROCESS","flowType":"PRODUCT_FLOW"},"flow":{"@type":"Flow","@id":"ebf7d24c-1ef1-45db-873e-a613ba25658f","name":"Stage 6: Transportation","flowType":"PRODUCT_FLOW","refUnit":"Item(s)"},"process":{"@type":"Process","@id":"41d70b98-a339-40d2-b910-bff850e35488","name":"Hydrogen Storage","category":"Case 1: Hydrogen Production (Cradle-to-gate 6) with CCS (kg)/Stage 6: Hydrogen Storage","processType":"UNIT_PROCESS","flowType":"PRODUCT_FLOW"},"exchange":{"@type":"Exchange","internalId":10}}]}