{"@type":"Process","@id":"07a2f3f4-7033-44c0-8fa4-57e10887beef","name":"Stage 1: Raw Materials","description":"","category":"Case 1: Hydrogen Production (Cradle-to-gate 1) with CCS (kg)/Stage 1: Mining \u0026 Preparation","version":"00.00.003","lastChange":"2023-08-15T10:45:11.820Z","processType":"UNIT_PROCESS","isInfrastructureProcess":false,"processDocumentation":{"isCopyrightProtected":false,"creationDate":"2023-08-09T12:15:31.611"},"lastInternalId":1,"parameters":[],"exchanges":[{"@type":"Exchange","isAvoidedProduct":false,"isInput":false,"amount":1.0,"internalId":1,"flow":{"@type":"Flow","@id":"0356eda4-5b9d-4450-849a-08f1cc2a14da","name":"Stage 1: Raw Materials","flowType":"PRODUCT_FLOW","refUnit":"Item(s)"},"unit":{"@type":"Unit","@id":"6dabe201-aaac-4509-92f0-d00c26cb72ab","name":"Item(s)"},"flowProperty":{"@type":"FlowProperty","@id":"01846770-4cfe-4a25-8ad9-919d8d378345","name":"Number of items","category":"Technical flow properties","refUnit":"Item(s)"},"isQuantitativeReference":true}],"socialAspects":[],"allocationFactors":[]}