{"@type":"Process","@id":"0f91f42a-ef06-4200-90e2-0069073e325a","name":"Hydrogen Use (Cradle-to-grave) for transportation","description":"","category":"Case 2: Hydrogen Use (Cradle-to-grave) for transportation (t.km)","version":"00.00.002","lastChange":"2023-08-21T07:47:34.463Z","processType":"UNIT_PROCESS","isInfrastructureProcess":false,"processDocumentation":{"isCopyrightProtected":false,"creationDate":"2023-08-18T16:40:24.369"},"lastInternalId":5,"parameters":[],"exchanges":[{"@type":"Exchange","isAvoidedProduct":false,"isInput":false,"amount":1.0,"internalId":1,"flow":{"@type":"Flow","@id":"6f2fb7db-1e52-4fcd-98e7-5dcd9dcbf0dd","name":"Distance Travelled","flowType":"PRODUCT_FLOW","refUnit":"t*km"},"unit":{"@type":"Unit","@id":"0dea4ed8-bb6b-4049-b2b4-b2c413ef2180","name":"t*km"},"flowProperty":{"@type":"FlowProperty","@id":"838aaa20-0117-11db-92e3-0800200c9a66","name":"Goods transport (mass*distance)","category":"Technical flow properties","refUnit":"t*km"},"isQuantitativeReference":true},{"@type":"Exchange","isAvoidedProduct":false,"isInput":false,"amount":1.0,"internalId":2,"flow":{"@type":"Flow","@id":"4cba3f15-f0b3-4c5a-9791-32a6228a8668","name":"Vehicle End-of-life","flowType":"WASTE_FLOW","refUnit":"Item(s)"},"unit":{"@type":"Unit","@id":"6dabe201-aaac-4509-92f0-d00c26cb72ab","name":"Item(s)"},"flowProperty":{"@type":"FlowProperty","@id":"01846770-4cfe-4a25-8ad9-919d8d378345","name":"Number of items","category":"Technical flow properties","refUnit":"Item(s)"},"defaultProvider":{"@type":"Process","@id":"41de3765-1879-4191-835b-b0aef7c37068","name":"Vehicle End-of-life","category":"Case 2: Hydrogen Use (Cradle-to-grave) for transportation (t.km)/Vehicle End-of-life Stage","processType":"UNIT_PROCESS","flowType":"WASTE_FLOW"}},{"@type":"Exchange","isAvoidedProduct":false,"isInput":true,"amount":1.0,"internalId":3,"flow":{"@type":"Flow","@id":"052b6e2f-0d3b-4633-8f14-c37888a18937","name":"Vehicle Production","flowType":"PRODUCT_FLOW","refUnit":"Item(s)"},"unit":{"@type":"Unit","@id":"6dabe201-aaac-4509-92f0-d00c26cb72ab","name":"Item(s)"},"flowProperty":{"@type":"FlowProperty","@id":"01846770-4cfe-4a25-8ad9-919d8d378345","name":"Number of items","category":"Technical flow properties","refUnit":"Item(s)"},"defaultProvider":{"@type":"Process","@id":"bf4b666c-6c0d-42a1-b83a-12c112ada804","name":"Vehicle Production","category":"Case 2: Hydrogen Use (Cradle-to-grave) for transportation (t.km)/Vehicle Production","processType":"UNIT_PROCESS","flowType":"PRODUCT_FLOW"}},{"@type":"Exchange","isAvoidedProduct":false,"isInput":true,"amount":1.0,"internalId":5,"flow":{"@type":"Flow","@id":"554c6b4f-5693-4b8a-9c29-18f8d598454e","name":"Use/Maintenance ","flowType":"PRODUCT_FLOW","refUnit":"Item(s)"},"unit":{"@type":"Unit","@id":"6dabe201-aaac-4509-92f0-d00c26cb72ab","name":"Item(s)"},"flowProperty":{"@type":"FlowProperty","@id":"01846770-4cfe-4a25-8ad9-919d8d378345","name":"Number of items","category":"Technical flow properties","refUnit":"Item(s)"},"defaultProvider":{"@type":"Process","@id":"f98bdddf-fdfd-458d-ab7a-a1a348cfce30","name":"Use/Maintenance","category":"Case 2: Hydrogen Use (Cradle-to-grave) for transportation (t.km)/Vehicle Use Stage","processType":"UNIT_PROCESS","flowType":"PRODUCT_FLOW"}}],"socialAspects":[],"allocationFactors":[]}