{"@type":"Process","@id":"f98bdddf-fdfd-458d-ab7a-a1a348cfce30","name":"Use/Maintenance","description":"","category":"Case 2: Hydrogen Use (Cradle-to-grave) for transportation (t.km)/Vehicle Use Stage","version":"00.00.002","lastChange":"2023-08-18T14:38:45.557Z","processType":"UNIT_PROCESS","isInfrastructureProcess":false,"processDocumentation":{"isCopyrightProtected":false,"creationDate":"2023-08-16T16:15:16.848"},"lastInternalId":1,"parameters":[],"exchanges":[{"@type":"Exchange","isAvoidedProduct":false,"isInput":false,"amount":1.0,"internalId":1,"flow":{"@type":"Flow","@id":"554c6b4f-5693-4b8a-9c29-18f8d598454e","name":"Use/Maintenance ","flowType":"PRODUCT_FLOW","refUnit":"Item(s)"},"unit":{"@type":"Unit","@id":"6dabe201-aaac-4509-92f0-d00c26cb72ab","name":"Item(s)"},"flowProperty":{"@type":"FlowProperty","@id":"01846770-4cfe-4a25-8ad9-919d8d378345","name":"Number of items","category":"Technical flow properties","refUnit":"Item(s)"},"isQuantitativeReference":true}],"socialAspects":[],"allocationFactors":[]}