{"@type":"Process","@id":"db28f9b1-2f95-446c-bfac-cd47977cf008","name":"CCS: Transportation","description":"","category":"Case 1: Hydrogen Production (Cradle-to-gate 3) with CCS (kg)/Carbon capture and storage","version":"00.00.003","lastChange":"2023-08-16T09:55:37.141Z","processType":"UNIT_PROCESS","isInfrastructureProcess":false,"processDocumentation":{"isCopyrightProtected":false,"creationDate":"2023-08-15T13:15:18.745"},"lastInternalId":1,"parameters":[],"exchanges":[{"@type":"Exchange","isAvoidedProduct":false,"isInput":false,"amount":1.0,"internalId":1,"flow":{"@type":"Flow","@id":"c0ae6cec-04e2-410c-892e-52d5563cb4e9","name":"CCS: Transportation","flowType":"PRODUCT_FLOW","refUnit":"Item(s)"},"unit":{"@type":"Unit","@id":"6dabe201-aaac-4509-92f0-d00c26cb72ab","name":"Item(s)"},"flowProperty":{"@type":"FlowProperty","@id":"01846770-4cfe-4a25-8ad9-919d8d378345","name":"Number of items","category":"Technical flow properties","refUnit":"Item(s)"},"isQuantitativeReference":true}],"socialAspects":[],"allocationFactors":[]}