{"@type":"Process","@id":"86ac69c0-8deb-42b9-b55e-e59e8f4c5d1a","name":"Vehicle Production: Glider","description":"","category":"Case 2: Hydrogen Use (Cradle-to-grave) for transportation (km)/Vehicle Production","version":"00.00.000","lastChange":"2023-08-18T14:49:56.651Z","processType":"UNIT_PROCESS","isInfrastructureProcess":false,"processDocumentation":{"isCopyrightProtected":false,"creationDate":"2023-08-18T16:49:56.641"},"lastInternalId":1,"parameters":[],"exchanges":[{"@type":"Exchange","isAvoidedProduct":false,"isInput":false,"amount":1.0,"internalId":1,"flow":{"@type":"Flow","@id":"b038e676-22f6-464c-8a49-4f2e05ae1fc4","name":"Vehicle Production: Glider","flowType":"PRODUCT_FLOW","refUnit":"Item(s)"},"unit":{"@type":"Unit","@id":"6dabe201-aaac-4509-92f0-d00c26cb72ab","name":"Item(s)"},"flowProperty":{"@type":"FlowProperty","@id":"01846770-4cfe-4a25-8ad9-919d8d378345","name":"Number of items","category":"Technical flow properties","refUnit":"Item(s)"},"isQuantitativeReference":true}],"socialAspects":[],"allocationFactors":[]}