{"@type":"Process","@id":"05443449-fc4b-45c5-b365-a179eef3df6a","name":"Stage 7: Capital Goods","description":"","category":"Case 1: Hydrogen Production (Cradle-to-gate 6) with CCS (kg)/Stage 7: Hydrogen Distribution","version":"00.00.003","lastChange":"2024-03-27T10:16:23.862Z","processType":"UNIT_PROCESS","isInfrastructureProcess":false,"processDocumentation":{"isCopyrightProtected":false,"creationDate":"2023-08-14T16:20:08.240"},"lastInternalId":1,"parameters":[],"exchanges":[{"@type":"Exchange","isAvoidedProduct":false,"isInput":false,"amount":1.0,"internalId":1,"flow":{"@type":"Flow","@id":"1c7572d3-1862-4e55-8f26-4ff166d983b8","name":"Stage 7: Capital Goods","flowType":"PRODUCT_FLOW","refUnit":"Item(s)"},"unit":{"@type":"Unit","@id":"6dabe201-aaac-4509-92f0-d00c26cb72ab","name":"Item(s)"},"flowProperty":{"@type":"FlowProperty","@id":"01846770-4cfe-4a25-8ad9-919d8d378345","name":"Number of items","category":"Technical flow properties","refUnit":"Item(s)"},"isQuantitativeReference":true}],"socialAspects":[],"allocationFactors":[]}