{"@type":"Process","@id":"25c87691-69bb-4920-b8ef-13751b8f7f50","name":"Core Process: Capital Goods","description":"","category":"Case 2: Hydrogen Use (Cradle-to-grave) for fuel production (MJ)/Core Processes (gate-to-gate)","version":"00.00.002","lastChange":"2023-08-21T09:22:29.263Z","processType":"UNIT_PROCESS","isInfrastructureProcess":false,"processDocumentation":{"isCopyrightProtected":false,"creationDate":"2023-08-21T10:52:19.875"},"lastInternalId":1,"parameters":[],"exchanges":[{"@type":"Exchange","isAvoidedProduct":false,"isInput":false,"amount":1.0,"internalId":1,"flow":{"@type":"Flow","@id":"5694cbbb-f93a-4803-84a8-c4b55e32f833","name":"Core Process: Capital Goods","flowType":"PRODUCT_FLOW","refUnit":"Item(s)"},"unit":{"@type":"Unit","@id":"6dabe201-aaac-4509-92f0-d00c26cb72ab","name":"Item(s)"},"flowProperty":{"@type":"FlowProperty","@id":"01846770-4cfe-4a25-8ad9-919d8d378345","name":"Number of items","category":"Technical flow properties","refUnit":"Item(s)"},"isQuantitativeReference":true}],"socialAspects":[],"allocationFactors":[]}