{"@type":"Process","@id":"2d1ed109-b592-406b-91bd-8bcdcb0d08cb","name":"Downstream Process: Distribution","description":"","category":"Case 2: Hydrogen Use (Cradle-to-grave) for fuel production (MJ)/Downstream Process (gate-to-grave)","version":"00.00.001","lastChange":"2023-08-21T09:23:15.394Z","processType":"UNIT_PROCESS","isInfrastructureProcess":false,"processDocumentation":{"isCopyrightProtected":false,"creationDate":"2023-08-21T11:02:16.916"},"lastInternalId":1,"parameters":[],"exchanges":[{"@type":"Exchange","isAvoidedProduct":false,"isInput":false,"amount":1.0,"internalId":1,"flow":{"@type":"Flow","@id":"6d6f755b-387a-415c-aa21-8beb221054e7","name":"Downstream Process: Distribution","flowType":"PRODUCT_FLOW","refUnit":"Item(s)"},"unit":{"@type":"Unit","@id":"6dabe201-aaac-4509-92f0-d00c26cb72ab","name":"Item(s)"},"flowProperty":{"@type":"FlowProperty","@id":"01846770-4cfe-4a25-8ad9-919d8d378345","name":"Number of items","category":"Technical flow properties","refUnit":"Item(s)"},"isQuantitativeReference":true}],"socialAspects":[],"allocationFactors":[]}