{"@type":"Process","@id":"3c473905-255b-4466-854c-6ef3d485dde6","name":"Downstream Process: Use","description":"","category":"Case 2: Hydrogen Use (Cradle-to-grave) for fuel production (MJ)/Downstream Process (gate-to-grave)","version":"00.00.001","lastChange":"2023-08-21T09:23:15.398Z","processType":"UNIT_PROCESS","isInfrastructureProcess":false,"processDocumentation":{"isCopyrightProtected":false,"creationDate":"2023-08-21T11:02:33.072"},"lastInternalId":1,"parameters":[],"exchanges":[{"@type":"Exchange","isAvoidedProduct":false,"isInput":false,"amount":1.0,"internalId":1,"flow":{"@type":"Flow","@id":"bb0920ae-5e02-4285-90a0-0e6c93fe25ff","name":"Downstream Process: Use","flowType":"PRODUCT_FLOW","refUnit":"Item(s)"},"unit":{"@type":"Unit","@id":"6dabe201-aaac-4509-92f0-d00c26cb72ab","name":"Item(s)"},"flowProperty":{"@type":"FlowProperty","@id":"01846770-4cfe-4a25-8ad9-919d8d378345","name":"Number of items","category":"Technical flow properties","refUnit":"Item(s)"},"isQuantitativeReference":true}],"socialAspects":[],"allocationFactors":[]}