{"@type":"Process","@id":"48ea179e-780d-4a31-80b0-0378c851b9ae","name":"Core Process: Energy Consumption","description":"","category":"Case 2: Hydrogen Use (Cradle-to-grave) for fuel production (MJ)/Core Processes (gate-to-gate)","version":"00.00.005","lastChange":"2023-10-05T12:42:28.969Z","processType":"UNIT_PROCESS","isInfrastructureProcess":false,"processDocumentation":{"isCopyrightProtected":false,"creationDate":"2023-08-21T10:50:11.893"},"lastInternalId":2,"parameters":[],"exchanges":[{"@type":"Exchange","isAvoidedProduct":false,"isInput":false,"amount":1.0,"internalId":1,"flow":{"@type":"Flow","@id":"f5d66379-85aa-4dc7-8809-b4d467ffd282","name":"Core Process: Energy Consumption","flowType":"PRODUCT_FLOW","refUnit":"Item(s)"},"unit":{"@type":"Unit","@id":"6dabe201-aaac-4509-92f0-d00c26cb72ab","name":"Item(s)"},"flowProperty":{"@type":"FlowProperty","@id":"01846770-4cfe-4a25-8ad9-919d8d378345","name":"Number of items","category":"Technical flow properties","refUnit":"Item(s)"},"isQuantitativeReference":true},{"@type":"Exchange","isAvoidedProduct":false,"isInput":true,"amount":1.0,"internalId":2,"flow":{"@type":"Flow","@id":"5673ba3e-8255-4998-a21a-fcea77c6542e","name":"Hydrogen Produced","flowType":"PRODUCT_FLOW","refUnit":"kg"},"unit":{"@type":"Unit","@id":"20aadc24-a391-41cf-b340-3e4529f44bde","name":"kg"},"flowProperty":{"@type":"FlowProperty","@id":"93a60a56-a3c8-11da-a746-0800200b9a66","name":"Mass","category":"Technical flow properties","refUnit":"kg"},"defaultProvider":{"@type":"Process","@id":"83043ca0-2a30-4c8d-869a-5399f63ee308","name":"Hydrogen Production (Cradle-to-gate 6) with CCS (kg)","category":"Case 1: Hydrogen Production (Cradle-to-gate 6) with CCS (kg)","processType":"UNIT_PROCESS","flowType":"PRODUCT_FLOW"}}],"socialAspects":[],"allocationFactors":[]}