{"@type":"Process","@id":"7a13b4d7-e9cc-48a6-97b5-4b82b6f1a3f9","name":"Core Process: Storage","description":"","category":"Case 2: Hydrogen Use (Cradle-to-grave) for fuel production (MJ)/Core Processes (gate-to-gate)","version":"00.00.001","lastChange":"2023-08-21T09:22:29.270Z","processType":"UNIT_PROCESS","isInfrastructureProcess":false,"processDocumentation":{"isCopyrightProtected":false,"creationDate":"2023-08-21T11:12:05.589"},"lastInternalId":1,"parameters":[],"exchanges":[{"@type":"Exchange","isAvoidedProduct":false,"isInput":false,"amount":1.0,"internalId":1,"flow":{"@type":"Flow","@id":"78cd2445-6e85-4083-b8e2-a412bb49a077","name":"Core Process: Storage","flowType":"PRODUCT_FLOW","refUnit":"Item(s)"},"unit":{"@type":"Unit","@id":"6dabe201-aaac-4509-92f0-d00c26cb72ab","name":"Item(s)"},"flowProperty":{"@type":"FlowProperty","@id":"01846770-4cfe-4a25-8ad9-919d8d378345","name":"Number of items","category":"Technical flow properties","refUnit":"Item(s)"},"isQuantitativeReference":true}],"socialAspects":[],"allocationFactors":[]}