{"@type":"Process","@id":"b094a8f6-ee32-421b-b958-3e87ecb06136","name":"Upstream Process: Transportation to Gate","description":"","category":"Case 2: Hydrogen Use (Cradle-to-grave) for fuel production (MJ)/Upstream Processes (cradle-to-gate)","version":"00.00.001","lastChange":"2023-08-21T09:25:48.359Z","processType":"UNIT_PROCESS","isInfrastructureProcess":false,"processDocumentation":{"isCopyrightProtected":false,"creationDate":"2023-08-21T10:43:32.590"},"lastInternalId":1,"parameters":[],"exchanges":[{"@type":"Exchange","isAvoidedProduct":false,"isInput":false,"amount":1.0,"internalId":1,"flow":{"@type":"Flow","@id":"a9ea2dce-312e-439c-b2f9-204d0d722089","name":"Upstream Process: Transportation to Gate","flowType":"PRODUCT_FLOW","refUnit":"Item(s)"},"unit":{"@type":"Unit","@id":"6dabe201-aaac-4509-92f0-d00c26cb72ab","name":"Item(s)"},"flowProperty":{"@type":"FlowProperty","@id":"01846770-4cfe-4a25-8ad9-919d8d378345","name":"Number of items","category":"Technical flow properties","refUnit":"Item(s)"},"isQuantitativeReference":true}],"socialAspects":[],"allocationFactors":[]}