{"@type":"Process","@id":"e8730664-4fd1-4ec6-b41f-cc071d017401","name":"Stage 6: Capital Goods","description":"","category":"Case 1: Hydrogen Production (Cradle-to-gate 6) with CCS (kg)/Stage 6: Hydrogen Storage","version":"00.00.005","lastChange":"2024-03-27T10:16:23.882Z","processType":"UNIT_PROCESS","isInfrastructureProcess":false,"processDocumentation":{"isCopyrightProtected":false,"creationDate":"2023-08-14T13:00:16.265"},"lastInternalId":1,"parameters":[],"exchanges":[{"@type":"Exchange","isAvoidedProduct":false,"isInput":false,"amount":1.0,"internalId":1,"flow":{"@type":"Flow","@id":"3ba22990-3d38-4d35-a7dc-14390d8402bb","name":"Stage 6: Capital Goods","flowType":"PRODUCT_FLOW","refUnit":"Item(s)"},"unit":{"@type":"Unit","@id":"6dabe201-aaac-4509-92f0-d00c26cb72ab","name":"Item(s)"},"flowProperty":{"@type":"FlowProperty","@id":"01846770-4cfe-4a25-8ad9-919d8d378345","name":"Number of items","category":"Technical flow properties","refUnit":"Item(s)"},"isQuantitativeReference":true}],"socialAspects":[],"allocationFactors":[]}