{"@type":"ProductSystem","@id":"1d07b5e5-7530-4274-a31f-d33e736c5521","name":"Hydrogen Production (Cradle-to-gate 1) (kg)","description":"First created: 2024-03-25T09:28:40\nLinking approach during creation: Prefer default providers; Preferred process type: System process","version":"00.00.000","lastChange":"2024-03-25T08:28:40.913Z","refProcess":{"@type":"Process","@id":"edfd93ae-ca70-4429-a77c-850398de7ac0","name":"Hydrogen Production (Cradle-to-gate 1) (kg)","category":"Case 1: Hydrogen Production (Cradle-to-gate 1) (kg)","processType":"UNIT_PROCESS","flowType":"PRODUCT_FLOW"},"refExchange":{"@type":"Exchange","internalId":1,"flow":{"@type":"Flow","@id":"3f639719-be23-46ff-b55b-da8c41f148ed","name":"H2 Produced","flowType":"PRODUCT_FLOW","refUnit":"kg"}},"targetFlowProperty":{"@type":"FlowProperty","@id":"93a60a56-a3c8-11da-a746-0800200b9a66","name":"Mass","category":"Technical flow properties","refUnit":"kg"},"targetUnit":{"@type":"Unit","@id":"20aadc24-a391-41cf-b340-3e4529f44bde","name":"kg"},"targetAmount":1.0,"processes":[{"@type":"Process","@id":"68d384b3-3a44-480e-a05e-28971615d133","name":"Stage 2: Capital Goods","category":"Case 1: Hydrogen Production (Cradle-to-gate 1) (kg)/Stage 2: Hydrogen Production","processType":"UNIT_PROCESS","flowType":"PRODUCT_FLOW"},{"@type":"Process","@id":"fd10df5f-a5e3-4e29-b860-9829155f7e2b","name":"Stage 2: Transportation","category":"Case 1: Hydrogen Production (Cradle-to-gate 1) (kg)/Stage 2: Hydrogen Production","processType":"UNIT_PROCESS","flowType":"PRODUCT_FLOW"},{"@type":"Process","@id":"7e0b78b8-a996-4b48-81e6-25711ae04427","name":"Stage 2: Energy Consumption","category":"Case 1: Hydrogen Production (Cradle-to-gate 1) (kg)/Stage 2: Hydrogen Production","processType":"UNIT_PROCESS","flowType":"PRODUCT_FLOW"},{"@type":"Process","@id":"edfd93ae-ca70-4429-a77c-850398de7ac0","name":"Hydrogen Production (Cradle-to-gate 1) (kg)","category":"Case 1: Hydrogen Production (Cradle-to-gate 1) (kg)","processType":"UNIT_PROCESS","flowType":"PRODUCT_FLOW"},{"@type":"Process","@id":"926e756c-9b2e-4c51-9ed5-5bd2bed5192a","name":"Stage 2: Raw Materials","category":"Case 1: Hydrogen Production (Cradle-to-gate 1) (kg)/Stage 2: Hydrogen Production","processType":"UNIT_PROCESS","flowType":"PRODUCT_FLOW"}],"processLinks":[{"provider":{"@type":"Process","@id":"fd10df5f-a5e3-4e29-b860-9829155f7e2b","name":"Stage 2: Transportation","category":"Case 1: Hydrogen Production (Cradle-to-gate 1) (kg)/Stage 2: Hydrogen Production","processType":"UNIT_PROCESS","flowType":"PRODUCT_FLOW"},"flow":{"@type":"Flow","@id":"54e0f1c1-8696-4a6e-93d3-d5460372c6fe","name":"Stage 2: Transportation","flowType":"PRODUCT_FLOW","refUnit":"Item(s)"},"process":{"@type":"Process","@id":"edfd93ae-ca70-4429-a77c-850398de7ac0","name":"Hydrogen Production (Cradle-to-gate 1) (kg)","category":"Case 1: Hydrogen Production (Cradle-to-gate 1) (kg)","processType":"UNIT_PROCESS","flowType":"PRODUCT_FLOW"},"exchange":{"@type":"Exchange","internalId":7}},{"provider":{"@type":"Process","@id":"926e756c-9b2e-4c51-9ed5-5bd2bed5192a","name":"Stage 2: Raw Materials","category":"Case 1: Hydrogen Production (Cradle-to-gate 1) (kg)/Stage 2: Hydrogen Production","processType":"UNIT_PROCESS","flowType":"PRODUCT_FLOW"},"flow":{"@type":"Flow","@id":"364d87b5-99a3-4b87-b24a-1429225883da","name":"Stage 2: Raw Materials","flowType":"PRODUCT_FLOW","refUnit":"Item(s)"},"process":{"@type":"Process","@id":"edfd93ae-ca70-4429-a77c-850398de7ac0","name":"Hydrogen Production (Cradle-to-gate 1) (kg)","category":"Case 1: Hydrogen Production (Cradle-to-gate 1) (kg)","processType":"UNIT_PROCESS","flowType":"PRODUCT_FLOW"},"exchange":{"@type":"Exchange","internalId":6}},{"provider":{"@type":"Process","@id":"7e0b78b8-a996-4b48-81e6-25711ae04427","name":"Stage 2: Energy Consumption","category":"Case 1: Hydrogen Production (Cradle-to-gate 1) (kg)/Stage 2: Hydrogen Production","processType":"UNIT_PROCESS","flowType":"PRODUCT_FLOW"},"flow":{"@type":"Flow","@id":"22d3c391-f73f-4e75-be86-210e2f094fd3","name":"Stage 2: Energy Consumption","flowType":"PRODUCT_FLOW","refUnit":"Item(s)"},"process":{"@type":"Process","@id":"edfd93ae-ca70-4429-a77c-850398de7ac0","name":"Hydrogen Production (Cradle-to-gate 1) (kg)","category":"Case 1: Hydrogen Production (Cradle-to-gate 1) (kg)","processType":"UNIT_PROCESS","flowType":"PRODUCT_FLOW"},"exchange":{"@type":"Exchange","internalId":5}},{"provider":{"@type":"Process","@id":"68d384b3-3a44-480e-a05e-28971615d133","name":"Stage 2: Capital Goods","category":"Case 1: Hydrogen Production (Cradle-to-gate 1) (kg)/Stage 2: Hydrogen Production","processType":"UNIT_PROCESS","flowType":"PRODUCT_FLOW"},"flow":{"@type":"Flow","@id":"eb136cd4-a7a5-473d-abdf-75d3ca1866f6","name":"Stage 2: Capital Goods","flowType":"PRODUCT_FLOW","refUnit":"Item(s)"},"process":{"@type":"Process","@id":"edfd93ae-ca70-4429-a77c-850398de7ac0","name":"Hydrogen Production (Cradle-to-gate 1) (kg)","category":"Case 1: Hydrogen Production (Cradle-to-gate 1) (kg)","processType":"UNIT_PROCESS","flowType":"PRODUCT_FLOW"},"exchange":{"@type":"Exchange","internalId":4}}]}