{"@type":"ProductSystem","@id":"c8f256ba-52e5-462d-875b-b71a1d947f3c","name":"Hydrogen Production (Cradle-to-gate 1) (kg)","description":"First created: 2023-09-27T12:26:02\nLinking approach during creation: Prefer default providers; Preferred process type: System process","version":"00.00.001","lastChange":"2023-09-29T14:32:46.683Z","refProcess":{"@type":"Process","@id":"edfd93ae-ca70-4429-a77c-850398de7ac0","name":"Hydrogen Production (Cradle-to-gate 1) (kg)","category":"Case 1: Hydrogen Production (Cradle-to-gate 1) (kg)","processType":"UNIT_PROCESS","flowType":"PRODUCT_FLOW"},"refExchange":{"@type":"Exchange","internalId":1,"flow":{"@type":"Flow","@id":"3f639719-be23-46ff-b55b-da8c41f148ed","name":"H2 Produced","flowType":"PRODUCT_FLOW","refUnit":"kg"}},"targetFlowProperty":{"@type":"FlowProperty","@id":"93a60a56-a3c8-11da-a746-0800200b9a66","name":"Mass","category":"Technical flow properties","refUnit":"kg"},"targetUnit":{"@type":"Unit","@id":"20aadc24-a391-41cf-b340-3e4529f44bde","name":"kg"},"targetAmount":1.0,"processes":[{"@type":"Process","@id":"edfd93ae-ca70-4429-a77c-850398de7ac0","name":"Hydrogen Production (Cradle-to-gate 1) (kg)","category":"Case 1: Hydrogen Production (Cradle-to-gate 1) (kg)","processType":"UNIT_PROCESS","flowType":"PRODUCT_FLOW"},{"@type":"Process","@id":"6d608bc7-4a3a-4ef4-b976-54da86a2f820","name":"Mining \u0026 Preparation","category":"Case 1: Hydrogen Production (Cradle-to-gate 1) (kg)/Stage 1: Mining \u0026 Preparation","processType":"UNIT_PROCESS","flowType":"PRODUCT_FLOW"},{"@type":"Process","@id":"68d384b3-3a44-480e-a05e-28971615d133","name":"Stage 2: Capital Goods","category":"Case 1: Hydrogen Production (Cradle-to-gate 1) (kg)/Stage 2: Hydrogen Production","processType":"UNIT_PROCESS","flowType":"PRODUCT_FLOW"},{"@type":"Process","@id":"926e756c-9b2e-4c51-9ed5-5bd2bed5192a","name":"Stage 2: Raw Materials","category":"Case 1: Hydrogen Production (Cradle-to-gate 1) (kg)/Stage 2: Hydrogen Production","processType":"UNIT_PROCESS","flowType":"PRODUCT_FLOW"},{"@type":"Process","@id":"7e0b78b8-a996-4b48-81e6-25711ae04427","name":"Stage 2: Energy Consumption","category":"Case 1: Hydrogen Production (Cradle-to-gate 1) (kg)/Stage 2: Hydrogen Production","processType":"UNIT_PROCESS","flowType":"PRODUCT_FLOW"},{"@type":"Process","@id":"c77ea82d-79a3-4472-a7b3-0e84ed35abde","name":"Stage 1: Energy Consumption","category":"Case 1: Hydrogen Production (Cradle-to-gate 1) (kg)/Stage 1: Mining \u0026 Preparation","processType":"UNIT_PROCESS","flowType":"PRODUCT_FLOW"},{"@type":"Process","@id":"c553bcd9-bce0-4080-a8ae-2fc02476375a","name":"Hydrogen Production","category":"Case 1: Hydrogen Production (Cradle-to-gate 1) (kg)/Stage 2: Hydrogen Production","processType":"UNIT_PROCESS","flowType":"PRODUCT_FLOW"},{"@type":"Process","@id":"07a2f3f4-7033-44c0-8fa4-57e10887beef","name":"Stage 1: Raw Materials","category":"Case 1: Hydrogen Production (Cradle-to-gate 1) (kg)/Stage 1: Mining \u0026 Preparation","processType":"UNIT_PROCESS","flowType":"PRODUCT_FLOW"},{"@type":"Process","@id":"154e08f1-e5de-44e4-ab01-b32fe3ca9dc7","name":"Stage 1: Transportation","category":"Case 1: Hydrogen Production (Cradle-to-gate 1) (kg)/Stage 1: Mining \u0026 Preparation","processType":"UNIT_PROCESS","flowType":"PRODUCT_FLOW"},{"@type":"Process","@id":"abcafb6a-fa29-4933-ad68-fa571b769ee5","name":"Stage 1: Capital Goods","category":"Case 1: Hydrogen Production (Cradle-to-gate 1) (kg)/Stage 1: Mining \u0026 Preparation","processType":"UNIT_PROCESS","flowType":"PRODUCT_FLOW"},{"@type":"Process","@id":"fd10df5f-a5e3-4e29-b860-9829155f7e2b","name":"Stage 2: Transportation","category":"Case 1: Hydrogen Production (Cradle-to-gate 1) (kg)/Stage 2: Hydrogen Production","processType":"UNIT_PROCESS","flowType":"PRODUCT_FLOW"}],"processLinks":[{"provider":{"@type":"Process","@id":"6d608bc7-4a3a-4ef4-b976-54da86a2f820","name":"Mining \u0026 Preparation","category":"Case 1: Hydrogen Production (Cradle-to-gate 1) (kg)/Stage 1: Mining \u0026 Preparation","processType":"UNIT_PROCESS","flowType":"PRODUCT_FLOW"},"flow":{"@type":"Flow","@id":"2965a222-0609-4970-8464-592891d3be00","name":"Mining \u0026 Preparation","flowType":"PRODUCT_FLOW","refUnit":"Item(s)"},"process":{"@type":"Process","@id":"edfd93ae-ca70-4429-a77c-850398de7ac0","name":"Hydrogen Production (Cradle-to-gate 1) (kg)","category":"Case 1: Hydrogen Production (Cradle-to-gate 1) (kg)","processType":"UNIT_PROCESS","flowType":"PRODUCT_FLOW"},"exchange":{"@type":"Exchange","internalId":2}},{"provider":{"@type":"Process","@id":"c553bcd9-bce0-4080-a8ae-2fc02476375a","name":"Hydrogen Production","category":"Case 1: Hydrogen Production (Cradle-to-gate 1) (kg)/Stage 2: Hydrogen Production","processType":"UNIT_PROCESS","flowType":"PRODUCT_FLOW"},"flow":{"@type":"Flow","@id":"3ba1157e-3bc9-4552-8623-d565e4594a8e","name":"Hydrogen Production","flowType":"PRODUCT_FLOW","refUnit":"Item(s)"},"process":{"@type":"Process","@id":"edfd93ae-ca70-4429-a77c-850398de7ac0","name":"Hydrogen Production (Cradle-to-gate 1) (kg)","category":"Case 1: Hydrogen Production (Cradle-to-gate 1) (kg)","processType":"UNIT_PROCESS","flowType":"PRODUCT_FLOW"},"exchange":{"@type":"Exchange","internalId":3}},{"provider":{"@type":"Process","@id":"07a2f3f4-7033-44c0-8fa4-57e10887beef","name":"Stage 1: Raw Materials","category":"Case 1: Hydrogen Production (Cradle-to-gate 1) (kg)/Stage 1: Mining \u0026 Preparation","processType":"UNIT_PROCESS","flowType":"PRODUCT_FLOW"},"flow":{"@type":"Flow","@id":"0356eda4-5b9d-4450-849a-08f1cc2a14da","name":"Stage 1: Raw Materials","flowType":"PRODUCT_FLOW","refUnit":"Item(s)"},"process":{"@type":"Process","@id":"6d608bc7-4a3a-4ef4-b976-54da86a2f820","name":"Mining \u0026 Preparation","category":"Case 1: Hydrogen Production (Cradle-to-gate 1) (kg)/Stage 1: Mining \u0026 Preparation","processType":"UNIT_PROCESS","flowType":"PRODUCT_FLOW"},"exchange":{"@type":"Exchange","internalId":2}},{"provider":{"@type":"Process","@id":"154e08f1-e5de-44e4-ab01-b32fe3ca9dc7","name":"Stage 1: Transportation","category":"Case 1: Hydrogen Production (Cradle-to-gate 1) (kg)/Stage 1: Mining \u0026 Preparation","processType":"UNIT_PROCESS","flowType":"PRODUCT_FLOW"},"flow":{"@type":"Flow","@id":"20273fa8-d1f9-4e21-a7e6-e35d468d9424","name":"Stage 1: Transportation","flowType":"PRODUCT_FLOW","refUnit":"Item(s)"},"process":{"@type":"Process","@id":"6d608bc7-4a3a-4ef4-b976-54da86a2f820","name":"Mining \u0026 Preparation","category":"Case 1: Hydrogen Production (Cradle-to-gate 1) (kg)/Stage 1: Mining \u0026 Preparation","processType":"UNIT_PROCESS","flowType":"PRODUCT_FLOW"},"exchange":{"@type":"Exchange","internalId":5}},{"provider":{"@type":"Process","@id":"abcafb6a-fa29-4933-ad68-fa571b769ee5","name":"Stage 1: Capital Goods","category":"Case 1: Hydrogen Production (Cradle-to-gate 1) (kg)/Stage 1: Mining \u0026 Preparation","processType":"UNIT_PROCESS","flowType":"PRODUCT_FLOW"},"flow":{"@type":"Flow","@id":"333efdd5-8db6-4efb-a00d-7365225786f1","name":"Stage 1: Capital Goods","flowType":"PRODUCT_FLOW","refUnit":"Item(s)"},"process":{"@type":"Process","@id":"6d608bc7-4a3a-4ef4-b976-54da86a2f820","name":"Mining \u0026 Preparation","category":"Case 1: Hydrogen Production (Cradle-to-gate 1) (kg)/Stage 1: Mining \u0026 Preparation","processType":"UNIT_PROCESS","flowType":"PRODUCT_FLOW"},"exchange":{"@type":"Exchange","internalId":3}},{"provider":{"@type":"Process","@id":"c77ea82d-79a3-4472-a7b3-0e84ed35abde","name":"Stage 1: Energy Consumption","category":"Case 1: Hydrogen Production (Cradle-to-gate 1) (kg)/Stage 1: Mining \u0026 Preparation","processType":"UNIT_PROCESS","flowType":"PRODUCT_FLOW"},"flow":{"@type":"Flow","@id":"f5914253-6230-4428-8301-e1fdb2151672","name":"Stage 1: Energy Consumption","flowType":"PRODUCT_FLOW","refUnit":"Item(s)"},"process":{"@type":"Process","@id":"6d608bc7-4a3a-4ef4-b976-54da86a2f820","name":"Mining \u0026 Preparation","category":"Case 1: Hydrogen Production (Cradle-to-gate 1) (kg)/Stage 1: Mining \u0026 Preparation","processType":"UNIT_PROCESS","flowType":"PRODUCT_FLOW"},"exchange":{"@type":"Exchange","internalId":4}},{"provider":{"@type":"Process","@id":"926e756c-9b2e-4c51-9ed5-5bd2bed5192a","name":"Stage 2: Raw Materials","category":"Case 1: Hydrogen Production (Cradle-to-gate 1) (kg)/Stage 2: Hydrogen Production","processType":"UNIT_PROCESS","flowType":"PRODUCT_FLOW"},"flow":{"@type":"Flow","@id":"364d87b5-99a3-4b87-b24a-1429225883da","name":"Stage 2: Raw Materials","flowType":"PRODUCT_FLOW","refUnit":"Item(s)"},"process":{"@type":"Process","@id":"c553bcd9-bce0-4080-a8ae-2fc02476375a","name":"Hydrogen Production","category":"Case 1: Hydrogen Production (Cradle-to-gate 1) (kg)/Stage 2: Hydrogen Production","processType":"UNIT_PROCESS","flowType":"PRODUCT_FLOW"},"exchange":{"@type":"Exchange","internalId":2}},{"provider":{"@type":"Process","@id":"7e0b78b8-a996-4b48-81e6-25711ae04427","name":"Stage 2: Energy Consumption","category":"Case 1: Hydrogen Production (Cradle-to-gate 1) (kg)/Stage 2: Hydrogen Production","processType":"UNIT_PROCESS","flowType":"PRODUCT_FLOW"},"flow":{"@type":"Flow","@id":"22d3c391-f73f-4e75-be86-210e2f094fd3","name":"Stage 2: Energy Consumption","flowType":"PRODUCT_FLOW","refUnit":"Item(s)"},"process":{"@type":"Process","@id":"c553bcd9-bce0-4080-a8ae-2fc02476375a","name":"Hydrogen Production","category":"Case 1: Hydrogen Production (Cradle-to-gate 1) (kg)/Stage 2: Hydrogen Production","processType":"UNIT_PROCESS","flowType":"PRODUCT_FLOW"},"exchange":{"@type":"Exchange","internalId":4}},{"provider":{"@type":"Process","@id":"68d384b3-3a44-480e-a05e-28971615d133","name":"Stage 2: Capital Goods","category":"Case 1: Hydrogen Production (Cradle-to-gate 1) (kg)/Stage 2: Hydrogen Production","processType":"UNIT_PROCESS","flowType":"PRODUCT_FLOW"},"flow":{"@type":"Flow","@id":"eb136cd4-a7a5-473d-abdf-75d3ca1866f6","name":"Stage 2: Capital Goods","flowType":"PRODUCT_FLOW","refUnit":"Item(s)"},"process":{"@type":"Process","@id":"c553bcd9-bce0-4080-a8ae-2fc02476375a","name":"Hydrogen Production","category":"Case 1: Hydrogen Production (Cradle-to-gate 1) (kg)/Stage 2: Hydrogen Production","processType":"UNIT_PROCESS","flowType":"PRODUCT_FLOW"},"exchange":{"@type":"Exchange","internalId":3}},{"provider":{"@type":"Process","@id":"fd10df5f-a5e3-4e29-b860-9829155f7e2b","name":"Stage 2: Transportation","category":"Case 1: Hydrogen Production (Cradle-to-gate 1) (kg)/Stage 2: Hydrogen Production","processType":"UNIT_PROCESS","flowType":"PRODUCT_FLOW"},"flow":{"@type":"Flow","@id":"54e0f1c1-8696-4a6e-93d3-d5460372c6fe","name":"Stage 2: Transportation","flowType":"PRODUCT_FLOW","refUnit":"Item(s)"},"process":{"@type":"Process","@id":"c553bcd9-bce0-4080-a8ae-2fc02476375a","name":"Hydrogen Production","category":"Case 1: Hydrogen Production (Cradle-to-gate 1) (kg)/Stage 2: Hydrogen Production","processType":"UNIT_PROCESS","flowType":"PRODUCT_FLOW"},"exchange":{"@type":"Exchange","internalId":5}}]}