{"@type":"Process","@id":"07055b6c-d653-4766-b898-244723fbc536","name":"SH2E Maintenance (for car lifespan) ","description":"","category":"SH2E Case Study/SH2E Operational Stage/SH2E Hydrogen production method 1","version":"00.00.010","lastChange":"2023-06-27T13:21:20.712Z","processType":"UNIT_PROCESS","isInfrastructureProcess":false,"processDocumentation":{"isCopyrightProtected":false,"creationDate":"2023-05-09T10:55:16.382"},"lastInternalId":4,"dqSystem":{"@type":"DQSystem","@id":"e7ac7cf6-5457-453e-99f9-d889826fffe8","name":"ecoinvent Data Quality System"},"dqEntry":"(2;3;3;3;2)","exchangeDqSystem":{"@type":"DQSystem","@id":"e7ac7cf6-5457-453e-99f9-d889826fffe8","name":"ecoinvent Data Quality System"},"parameters":[],"exchanges":[{"@type":"Exchange","isAvoidedProduct":false,"isInput":false,"amount":1.0,"internalId":1,"flow":{"@type":"Flow","@id":"0287c9e1-0328-44f2-943d-ff8d44ed268a","name":"Maintenance FCEV","flowType":"PRODUCT_FLOW","refUnit":"Item(s)"},"unit":{"@type":"Unit","@id":"6dabe201-aaac-4509-92f0-d00c26cb72ab","name":"Item(s)"},"flowProperty":{"@type":"FlowProperty","@id":"01846770-4cfe-4a25-8ad9-919d8d378345","name":"Number of items","category":"Technical flow properties","refUnit":"Item(s)"},"isQuantitativeReference":true}],"socialAspects":[],"allocationFactors":[]}