{"@type":"Process","@id":"497743c9-241e-4f56-9248-914dd411b949","name":"SH2E Use (for car lifespan) ","description":"","category":"SH2E Case Study/SH2E Operational Stage/SH2E Hydrogen production method 1","version":"00.00.017","lastChange":"2023-06-27T13:21:20.712Z","processType":"UNIT_PROCESS","isInfrastructureProcess":false,"processDocumentation":{"isCopyrightProtected":false,"creationDate":"2023-05-09T10:53:47.239"},"lastInternalId":10,"dqSystem":{"@type":"DQSystem","@id":"e7ac7cf6-5457-453e-99f9-d889826fffe8","name":"ecoinvent Data Quality System"},"dqEntry":"(2;3;3;2;2)","exchangeDqSystem":{"@type":"DQSystem","@id":"e7ac7cf6-5457-453e-99f9-d889826fffe8","name":"ecoinvent Data Quality System"},"parameters":[],"exchanges":[{"@type":"Exchange","isAvoidedProduct":false,"isInput":false,"amount":225000.0,"internalId":1,"flow":{"@type":"Flow","@id":"f53cae54-0a68-4087-843e-62c7785469ce","name":"FU driven km","flowType":"PRODUCT_FLOW","refUnit":"m"},"unit":{"@type":"Unit","@id":"715ca68e-0ac5-4c4b-b557-fdc36623be88","name":"km"},"flowProperty":{"@type":"FlowProperty","@id":"838aaa23-0117-11db-92e3-0800200c9a66","name":"Length","category":"Technical flow properties","refUnit":"m"},"isQuantitativeReference":true}],"socialAspects":[],"allocationFactors":[]}