{"@type":"Process","@id":"63541659-6b4b-4a9a-914b-9da8bbd33c17","name":"SH2E Hydrogen conditionning and dispensing","description":"","category":"SH2E Case Study/SH2E Operational Stage/SH2E Hydrogen production method 1","version":"00.00.022","lastChange":"2023-06-27T13:21:20.709Z","processType":"UNIT_PROCESS","isInfrastructureProcess":false,"processDocumentation":{"isCopyrightProtected":false,"creationDate":"2023-05-09T10:52:10.838"},"lastInternalId":8,"dqSystem":{"@type":"DQSystem","@id":"e7ac7cf6-5457-453e-99f9-d889826fffe8","name":"ecoinvent Data Quality System"},"dqEntry":"(2;3;3;3;3)","exchangeDqSystem":{"@type":"DQSystem","@id":"e7ac7cf6-5457-453e-99f9-d889826fffe8","name":"ecoinvent Data Quality System"},"parameters":[],"exchanges":[{"@type":"Exchange","isAvoidedProduct":false,"isInput":false,"amount":9581250.0,"internalId":1,"flow":{"@type":"Flow","@id":"d6e1c586-bd03-4794-908f-cef5c48a27cb","name":"SH2E Hydrogen (to car) ","flowType":"PRODUCT_FLOW","refUnit":"kg"},"unit":{"@type":"Unit","@id":"20aadc24-a391-41cf-b340-3e4529f44bde","name":"kg"},"flowProperty":{"@type":"FlowProperty","@id":"93a60a56-a3c8-11da-a746-0800200b9a66","name":"Mass","category":"Technical flow properties","refUnit":"kg"},"isQuantitativeReference":true}],"socialAspects":[],"allocationFactors":[]}