{"@type":"Process","@id":"8017f9be-43b3-46bd-88ae-b047163b849c","name":"SH2E End of Life - Depollution","description":"","category":"SH2E Case Study/SH2E End of Life","version":"00.00.007","lastChange":"2023-06-27T09:51:49.026Z","processType":"UNIT_PROCESS","isInfrastructureProcess":false,"processDocumentation":{"isCopyrightProtected":false,"creationDate":"2023-05-09T14:02:24.274"},"lastInternalId":3,"dqSystem":{"@type":"DQSystem","@id":"e7ac7cf6-5457-453e-99f9-d889826fffe8","name":"ecoinvent Data Quality System"},"dqEntry":"(4;3;3;2;2)","exchangeDqSystem":{"@type":"DQSystem","@id":"e7ac7cf6-5457-453e-99f9-d889826fffe8","name":"ecoinvent Data Quality System"},"parameters":[{"@type":"Parameter","@id":"b47ab95d-d4cf-4a30-b94f-79f7182e3999","name":"brake_fluid_density","description":"Density of brake fluid (kg/L)","version":"00.00.000","parameterScope":"PROCESS_SCOPE","isInputParameter":true,"value":1.12},{"@type":"Parameter","@id":"271acd35-52b3-4575-bf31-8a0859bc96f1","name":"waste_oil_density","description":"Density of waste oil (kg/L)","version":"00.00.000","parameterScope":"PROCESS_SCOPE","isInputParameter":true,"value":0.96}],"exchanges":[{"@type":"Exchange","isAvoidedProduct":false,"isInput":true,"amount":1.0,"internalId":1,"flow":{"@type":"Flow","@id":"7cf156a0-b402-411e-be7c-bbe389fccf0e","name":"Vehicle depolluted, to dismantling process","flowType":"WASTE_FLOW","refUnit":"Item(s)"},"unit":{"@type":"Unit","@id":"6dabe201-aaac-4509-92f0-d00c26cb72ab","name":"Item(s)"},"flowProperty":{"@type":"FlowProperty","@id":"01846770-4cfe-4a25-8ad9-919d8d378345","name":"Number of items","category":"Technical flow properties","refUnit":"Item(s)"},"isQuantitativeReference":true}],"socialAspects":[],"allocationFactors":[]}