{"@type":"Process","@id":"93c68338-3fc4-49e7-ae27-8d3909b20a83","name":"SH2E Hydrogen tank manufacturing","description":"","category":"SH2E Case Study/SH2E Production Stage","version":"00.00.026","lastChange":"2023-06-27T13:16:54.052Z","processType":"UNIT_PROCESS","isInfrastructureProcess":false,"processDocumentation":{"isCopyrightProtected":false,"creationDate":"2023-05-08T09:55:49.977"},"lastInternalId":21,"dqSystem":{"@type":"DQSystem","@id":"e7ac7cf6-5457-453e-99f9-d889826fffe8","name":"ecoinvent Data Quality System"},"dqEntry":"(2;2;3;3;2)","exchangeDqSystem":{"@type":"DQSystem","@id":"e7ac7cf6-5457-453e-99f9-d889826fffe8","name":"ecoinvent Data Quality System"},"parameters":[{"@type":"Parameter","@id":"ed3a1819-b916-405e-98ba-2815d1e4d281","name":"density_naturalgas","description":"kg/m3","version":"00.00.000","parameterScope":"PROCESS_SCOPE","isInputParameter":true,"value":0.65}],"exchanges":[{"@type":"Exchange","isAvoidedProduct":false,"isInput":false,"amount":1.0,"internalId":1,"flow":{"@type":"Flow","@id":"a68c2e42-89b8-4fe4-8371-d0f2ef4089fe","name":"hydrogen tank","flowType":"PRODUCT_FLOW","refUnit":"Item(s)"},"unit":{"@type":"Unit","@id":"6dabe201-aaac-4509-92f0-d00c26cb72ab","name":"Item(s)"},"flowProperty":{"@type":"FlowProperty","@id":"01846770-4cfe-4a25-8ad9-919d8d378345","name":"Number of items","category":"Technical flow properties","refUnit":"Item(s)"},"isQuantitativeReference":true}],"socialAspects":[],"allocationFactors":[]}