{"@type":"Process","@id":"a86dc3f9-b22f-407e-8742-0ca12f157627","name":"SH2E End of Life ","description":"","category":"SH2E Case Study/SH2E End of Life","version":"00.00.008","lastChange":"2023-06-20T09:52:29.037Z","processType":"UNIT_PROCESS","isInfrastructureProcess":false,"processDocumentation":{"isCopyrightProtected":false,"creationDate":"2023-05-10T11:14:45.889"},"lastInternalId":7,"dqSystem":{"@type":"DQSystem","@id":"e7ac7cf6-5457-453e-99f9-d889826fffe8","name":"ecoinvent Data Quality System"},"dqEntry":"(4;3;3;3;2)","exchangeDqSystem":{"@type":"DQSystem","@id":"e7ac7cf6-5457-453e-99f9-d889826fffe8","name":"ecoinvent Data Quality System"},"parameters":[],"exchanges":[{"@type":"Exchange","isAvoidedProduct":false,"isInput":true,"amount":1.0,"internalId":1,"flow":{"@type":"Flow","@id":"a8613a70-4632-43aa-af52-68e6a974f911","name":"SH2E End of Life Overall","flowType":"WASTE_FLOW","refUnit":"Item(s)"},"unit":{"@type":"Unit","@id":"6dabe201-aaac-4509-92f0-d00c26cb72ab","name":"Item(s)"},"flowProperty":{"@type":"FlowProperty","@id":"01846770-4cfe-4a25-8ad9-919d8d378345","name":"Number of items","category":"Technical flow properties","refUnit":"Item(s)"},"isQuantitativeReference":true},{"@type":"Exchange","isAvoidedProduct":false,"isInput":false,"baseUncertainty":1.0,"amount":1.0,"dqEntry":"(4;2;3;4;3)","internalId":4,"flow":{"@type":"Flow","@id":"70d25941-dd47-419a-a1cb-051f97568a81","name":"EoL Car Shredding","flowType":"WASTE_FLOW","refUnit":"Item(s)"},"unit":{"@type":"Unit","@id":"6dabe201-aaac-4509-92f0-d00c26cb72ab","name":"Item(s)"},"flowProperty":{"@type":"FlowProperty","@id":"01846770-4cfe-4a25-8ad9-919d8d378345","name":"Number of items","category":"Technical flow properties","refUnit":"Item(s)"},"defaultProvider":{"@type":"Process","@id":"406d06a6-f882-4170-90bc-560314c90eea","name":"SH2E End of Life Shredding","category":"SH2E Case Study/SH2E End of Life","processType":"UNIT_PROCESS","flowType":"WASTE_FLOW"}},{"@type":"Exchange","isAvoidedProduct":false,"isInput":false,"baseUncertainty":1.0,"amount":1.0,"dqEntry":"(4;3;3;2;2)","internalId":2,"flow":{"@type":"Flow","@id":"7cf156a0-b402-411e-be7c-bbe389fccf0e","name":"Vehicle depolluted, to dismantling process","flowType":"WASTE_FLOW","refUnit":"Item(s)"},"unit":{"@type":"Unit","@id":"6dabe201-aaac-4509-92f0-d00c26cb72ab","name":"Item(s)"},"flowProperty":{"@type":"FlowProperty","@id":"01846770-4cfe-4a25-8ad9-919d8d378345","name":"Number of items","category":"Technical flow properties","refUnit":"Item(s)"},"defaultProvider":{"@type":"Process","@id":"8017f9be-43b3-46bd-88ae-b047163b849c","name":"SH2E End of Life - Depollution","category":"SH2E Case Study/SH2E End of Life","processType":"UNIT_PROCESS","flowType":"WASTE_FLOW"}},{"@type":"Exchange","isAvoidedProduct":false,"isInput":false,"baseUncertainty":1.0,"amount":1.0,"dqEntry":"(4;3;3;4;2)","internalId":3,"flow":{"@type":"Flow","@id":"3940c155-e8a8-4828-aea0-67b6d54ae2b7","name":"Vehicle dismantled to shredding process","flowType":"WASTE_FLOW","refUnit":"Item(s)"},"unit":{"@type":"Unit","@id":"6dabe201-aaac-4509-92f0-d00c26cb72ab","name":"Item(s)"},"flowProperty":{"@type":"FlowProperty","@id":"01846770-4cfe-4a25-8ad9-919d8d378345","name":"Number of items","category":"Technical flow properties","refUnit":"Item(s)"},"defaultProvider":{"@type":"Process","@id":"c59b4e88-40a7-463e-9dd4-d3a9077e126f","name":"SH2E End of Life - Dismantling","category":"SH2E Case Study/SH2E End of Life","processType":"UNIT_PROCESS","flowType":"WASTE_FLOW"}}],"socialAspects":[],"allocationFactors":[]}