{"@type":"Process","@id":"cc253bde-db9d-402a-a0f5-e4ae123a2d5c","name":"SH2E Hydrogen Production ","description":"","category":"SH2E Case Study/SH2E Operational Stage/SH2E Hydrogen production method 1","version":"00.00.028","lastChange":"2023-06-27T13:21:20.712Z","processType":"UNIT_PROCESS","isInfrastructureProcess":false,"processDocumentation":{"isCopyrightProtected":false,"creationDate":"2023-05-09T10:52:54.613"},"lastInternalId":23,"dqSystem":{"@type":"DQSystem","@id":"e7ac7cf6-5457-453e-99f9-d889826fffe8","name":"ecoinvent Data Quality System"},"dqEntry":"(1;2;3;3;1)","exchangeDqSystem":{"@type":"DQSystem","@id":"e7ac7cf6-5457-453e-99f9-d889826fffe8","name":"ecoinvent Data Quality System"},"parameters":[],"exchanges":[{"@type":"Exchange","isAvoidedProduct":false,"isInput":false,"amount":1800000.0,"internalId":1,"flow":{"@type":"Flow","@id":"7c3b31d6-d277-4e5b-9f38-0631a735ab83","name":"SH2E Hydrogen (to conditionning and dispensing)","flowType":"PRODUCT_FLOW","refUnit":"kg"},"unit":{"@type":"Unit","@id":"20aadc24-a391-41cf-b340-3e4529f44bde","name":"kg"},"flowProperty":{"@type":"FlowProperty","@id":"93a60a56-a3c8-11da-a746-0800200b9a66","name":"Mass","category":"Technical flow properties","refUnit":"kg"},"isQuantitativeReference":true}],"socialAspects":[],"allocationFactors":[]}