{"@type":"ProductSystem","@id":"704c7bef-327f-4a65-9c9d-b8fc85d95bd0","name":"Hydrogen Production (Cradle-to-gate 6) with CCS (MJ)","description":"First created: 2024-03-27T10:27:53\nLinking approach during creation: Prefer default providers; Preferred process type: System process","version":"00.00.000","lastChange":"2024-03-27T09:27:53.166Z","refProcess":{"@type":"Process","@id":"aa958413-e558-44e2-94c2-2607144058a9","name":"Hydrogen Production (Cradle-to-gate 6) with CCS (MJ)","category":"Case 1: Hydrogen Production (Cradle-to-gate 6) with CCS (MJ)","processType":"UNIT_PROCESS","flowType":"PRODUCT_FLOW"},"refExchange":{"@type":"Exchange","internalId":1,"flow":{"@type":"Flow","@id":"6b5079c4-998e-4341-9e77-be3c49b4a6a5","name":"Hydrogen Produced","flowType":"PRODUCT_FLOW","refUnit":"MJ"}},"targetFlowProperty":{"@type":"FlowProperty","@id":"f6811440-ee37-11de-8a39-0800200c9a66","name":"Energy","category":"Technical flow properties","refUnit":"MJ"},"targetUnit":{"@type":"Unit","@id":"52765a6c-3896-43c2-b2f4-c679acf13efe","name":"MJ"},"targetAmount":1.0,"processes":[{"@type":"Process","@id":"3737b350-8264-4ea7-b154-ede975c56d5f","name":"Stage 3: Capital Goods","category":"Case 1: Hydrogen Production (Cradle-to-gate 6) with CCS (MJ)/Stage 3: Hydrogen Purification","processType":"UNIT_PROCESS","flowType":"PRODUCT_FLOW"},{"@type":"Process","@id":"eabd1d06-0d86-453a-9a92-083fe713e29c","name":"Stage 2: Energy Consumption","category":"Case 1: Hydrogen Production (Cradle-to-gate 6) with CCS (MJ)/Stage 2: Hydrogen Production","processType":"UNIT_PROCESS","flowType":"PRODUCT_FLOW"},{"@type":"Process","@id":"501e588f-7254-4fcd-a552-1701fd2f2058","name":"Stage 6: Energy Consumption","category":"Case 1: Hydrogen Production (Cradle-to-gate 6) with CCS (MJ)/Stage 6: Hydrogen Storage","processType":"UNIT_PROCESS","flowType":"PRODUCT_FLOW"},{"@type":"Process","@id":"344773d9-2d17-4d6c-9f42-fa72d9b53718","name":"Stage 4: Raw Materials","category":"Case 1: Hydrogen Production (Cradle-to-gate 6) with CCS (MJ)/Stage 4: Hydrogen Compression","processType":"UNIT_PROCESS","flowType":"PRODUCT_FLOW"},{"@type":"Process","@id":"483d8368-2d5d-48b4-b536-496f34e4694b","name":"Stage 4: Transportation","category":"Case 1: Hydrogen Production (Cradle-to-gate 6) with CCS (MJ)/Stage 4: Hydrogen Compression","processType":"UNIT_PROCESS","flowType":"PRODUCT_FLOW"},{"@type":"Process","@id":"a0bae0de-d253-4356-b096-c9de85c2b8e5","name":"Stage 7: Transportation","category":"Case 1: Hydrogen Production (Cradle-to-gate 6) with CCS (MJ)/Stage 7: Hydrogen Distribution","processType":"UNIT_PROCESS","flowType":"PRODUCT_FLOW"},{"@type":"Process","@id":"640de128-1d24-4958-b2c3-319c8536f7ca","name":"Stage 6: Capital Goods","category":"Case 1: Hydrogen Production (Cradle-to-gate 6) with CCS (MJ)/Stage 6: Hydrogen Storage","processType":"UNIT_PROCESS","flowType":"PRODUCT_FLOW"},{"@type":"Process","@id":"b5058895-e722-4e90-9291-e54f6b49f222","name":"CCS: Raw Materials","category":"Case 1: Hydrogen Production (Cradle-to-gate 6) with CCS (MJ)/Carbon capture and storage","processType":"UNIT_PROCESS","flowType":"PRODUCT_FLOW"},{"@type":"Process","@id":"9e1a0b12-c55e-468c-a0e0-ac7a8b638242","name":"Hydrogen Purification","category":"Case 1: Hydrogen Production (Cradle-to-gate 6) with CCS (MJ)/Stage 3: Hydrogen Purification","processType":"UNIT_PROCESS","flowType":"PRODUCT_FLOW"},{"@type":"Process","@id":"dfc2a031-78a9-4065-a907-534d0cad8efb","name":"Carbon capture and storage","category":"Case 1: Hydrogen Production (Cradle-to-gate 6) with CCS (MJ)/Carbon capture and storage","processType":"UNIT_PROCESS","flowType":"PRODUCT_FLOW"},{"@type":"Process","@id":"66670b6f-fca5-49ee-91a2-5befec5ce6e9","name":"Stage 2: Raw Materials","category":"Case 1: Hydrogen Production (Cradle-to-gate 6) with CCS (MJ)/Stage 2: Hydrogen Production","processType":"UNIT_PROCESS","flowType":"PRODUCT_FLOW"},{"@type":"Process","@id":"aa958413-e558-44e2-94c2-2607144058a9","name":"Hydrogen Production (Cradle-to-gate 6) with CCS (MJ)","category":"Case 1: Hydrogen Production (Cradle-to-gate 6) with CCS (MJ)","processType":"UNIT_PROCESS","flowType":"PRODUCT_FLOW"},{"@type":"Process","@id":"74744992-9f0d-4e9f-a946-f6faba79aa33","name":"Transport of Compressed H2","category":"Case 1: Hydrogen Production (Cradle-to-gate 6) with CCS (MJ)/Stage 5: Transportation","processType":"UNIT_PROCESS","flowType":"PRODUCT_FLOW"},{"@type":"Process","@id":"81405a00-635f-4a43-8d46-eb03d749b10d","name":"Stage 2: Capital Goods","category":"Case 1: Hydrogen Production (Cradle-to-gate 6) with CCS (MJ)/Stage 2: Hydrogen Production","processType":"UNIT_PROCESS","flowType":"PRODUCT_FLOW"},{"@type":"Process","@id":"e266c68d-f661-4051-9a53-08b425c51440","name":"Stage 7: Capital Goods","category":"Case 1: Hydrogen Production (Cradle-to-gate 6) with CCS (MJ)/Stage 7: Hydrogen Distribution","processType":"UNIT_PROCESS","flowType":"PRODUCT_FLOW"},{"@type":"Process","@id":"1a10c27f-94de-4125-9866-59c0f1cd5c7d","name":"Stage 7: Raw Materials","category":"Case 1: Hydrogen Production (Cradle-to-gate 6) with CCS (MJ)/Stage 7: Hydrogen Distribution","processType":"UNIT_PROCESS","flowType":"PRODUCT_FLOW"},{"@type":"Process","@id":"45c026fe-f991-4de4-9a02-348fb4edae1f","name":"Stage 3: Energy Consumption","category":"Case 1: Hydrogen Production (Cradle-to-gate 6) with CCS (MJ)/Stage 3: Hydrogen Purification","processType":"UNIT_PROCESS","flowType":"PRODUCT_FLOW"},{"@type":"Process","@id":"8ca0a0a0-48d5-4222-a735-464c4d257597","name":"CCS: Capital Goods","category":"Case 1: Hydrogen Production (Cradle-to-gate 6) with CCS (MJ)/Carbon capture and storage","processType":"UNIT_PROCESS","flowType":"PRODUCT_FLOW"},{"@type":"Process","@id":"17d5d4fe-0fe8-4b1f-a527-ab277730ba2c","name":"Stage 7: Energy Consumption","category":"Case 1: Hydrogen Production (Cradle-to-gate 6) with CCS (MJ)/Stage 7: Hydrogen Distribution","processType":"UNIT_PROCESS","flowType":"PRODUCT_FLOW"},{"@type":"Process","@id":"2fd45a73-0216-4ff9-b0eb-2eaa5691da59","name":"Stage 3: Raw Materials","category":"Case 1: Hydrogen Production (Cradle-to-gate 6) with CCS (MJ)/Stage 3: Hydrogen Purification","processType":"UNIT_PROCESS","flowType":"PRODUCT_FLOW"},{"@type":"Process","@id":"482a8449-c1e8-4475-8097-886d7f46b9fb","name":"Stage 4: Energy Consumption","category":"Case 1: Hydrogen Production (Cradle-to-gate 6) with CCS (MJ)/Stage 4: Hydrogen Compression","processType":"UNIT_PROCESS","flowType":"PRODUCT_FLOW"},{"@type":"Process","@id":"47a2e029-2793-43dd-bd39-070ccd994e65","name":"Stage 2: Transportation","category":"Case 1: Hydrogen Production (Cradle-to-gate 6) with CCS (MJ)/Stage 2: Hydrogen Production","processType":"UNIT_PROCESS","flowType":"PRODUCT_FLOW"},{"@type":"Process","@id":"3cb265c5-d89b-496f-bc51-4e2b52196071","name":"Hydrogen Storage","category":"Case 1: Hydrogen Production (Cradle-to-gate 6) with CCS (MJ)/Stage 6: Hydrogen Storage","processType":"UNIT_PROCESS","flowType":"PRODUCT_FLOW"},{"@type":"Process","@id":"82eb3797-b6e9-4516-bad9-c55aba4af1bf","name":"CCS: Transportation","category":"Case 1: Hydrogen Production (Cradle-to-gate 6) with CCS (MJ)/Carbon capture and storage","processType":"UNIT_PROCESS","flowType":"PRODUCT_FLOW"},{"@type":"Process","@id":"1430d206-a833-4d21-bbe0-8bced63bf81a","name":"Hydrogen Distribution","category":"Case 1: Hydrogen Production (Cradle-to-gate 6) with CCS (MJ)/Stage 7: Hydrogen Distribution","processType":"UNIT_PROCESS","flowType":"PRODUCT_FLOW"},{"@type":"Process","@id":"e58d8874-3b6e-4e85-b3c3-2a94516df5f3","name":"Hydrogen Compression","category":"Case 1: Hydrogen Production (Cradle-to-gate 6) with CCS (MJ)/Stage 4: Hydrogen Compression","processType":"UNIT_PROCESS","flowType":"PRODUCT_FLOW"},{"@type":"Process","@id":"549c0085-86c9-41cd-9123-720cf8bde051","name":"CCS: Energy Consumption","category":"Case 1: Hydrogen Production (Cradle-to-gate 6) with CCS (MJ)/Carbon capture and storage","processType":"UNIT_PROCESS","flowType":"PRODUCT_FLOW"},{"@type":"Process","@id":"57ae29bd-b161-4da4-8a35-184b5d00b2df","name":"Stage 3: Transportation","category":"Case 1: Hydrogen Production (Cradle-to-gate 6) with CCS (MJ)/Stage 3: Hydrogen Purification","processType":"UNIT_PROCESS","flowType":"PRODUCT_FLOW"},{"@type":"Process","@id":"884e51b3-f322-486b-95bc-524d3ef27637","name":"Hydrogen Production","category":"Case 1: Hydrogen Production (Cradle-to-gate 6) with CCS (MJ)/Stage 2: Hydrogen Production","processType":"UNIT_PROCESS","flowType":"PRODUCT_FLOW"},{"@type":"Process","@id":"a35bb077-1440-454e-9261-d66832fe5d32","name":"Stage 4: Capital Goods","category":"Case 1: Hydrogen Production (Cradle-to-gate 6) with CCS (MJ)/Stage 4: Hydrogen Compression","processType":"UNIT_PROCESS","flowType":"PRODUCT_FLOW"},{"@type":"Process","@id":"52592371-7f85-49dd-8a81-cc0240b724a6","name":"Stage 6: Raw Material","category":"Case 1: Hydrogen Production (Cradle-to-gate 6) with CCS (MJ)/Stage 6: Hydrogen Storage","processType":"UNIT_PROCESS","flowType":"PRODUCT_FLOW"},{"@type":"Process","@id":"f790bef7-36ce-4090-ae87-a8252c1e7c60","name":"Stage 6: Transportation","category":"Case 1: Hydrogen Production (Cradle-to-gate 6) with CCS (MJ)/Stage 6: Hydrogen Storage","processType":"UNIT_PROCESS","flowType":"PRODUCT_FLOW"}],"processLinks":[{"provider":{"@type":"Process","@id":"e266c68d-f661-4051-9a53-08b425c51440","name":"Stage 7: Capital Goods","category":"Case 1: Hydrogen Production (Cradle-to-gate 6) with CCS (MJ)/Stage 7: Hydrogen Distribution","processType":"UNIT_PROCESS","flowType":"PRODUCT_FLOW"},"flow":{"@type":"Flow","@id":"1c7572d3-1862-4e55-8f26-4ff166d983b8","name":"Stage 7: Capital Goods","flowType":"PRODUCT_FLOW","refUnit":"Item(s)"},"process":{"@type":"Process","@id":"1430d206-a833-4d21-bbe0-8bced63bf81a","name":"Hydrogen Distribution","category":"Case 1: Hydrogen Production (Cradle-to-gate 6) with CCS (MJ)/Stage 7: Hydrogen Distribution","processType":"UNIT_PROCESS","flowType":"PRODUCT_FLOW"},"exchange":{"@type":"Exchange","internalId":6}},{"provider":{"@type":"Process","@id":"1a10c27f-94de-4125-9866-59c0f1cd5c7d","name":"Stage 7: Raw Materials","category":"Case 1: Hydrogen Production (Cradle-to-gate 6) with CCS (MJ)/Stage 7: Hydrogen Distribution","processType":"UNIT_PROCESS","flowType":"PRODUCT_FLOW"},"flow":{"@type":"Flow","@id":"90f419bb-3ae2-4979-9b23-c7a718e2a753","name":"Stage 7: Raw Materials ","flowType":"PRODUCT_FLOW","refUnit":"Item(s)"},"process":{"@type":"Process","@id":"1430d206-a833-4d21-bbe0-8bced63bf81a","name":"Hydrogen Distribution","category":"Case 1: Hydrogen Production (Cradle-to-gate 6) with CCS (MJ)/Stage 7: Hydrogen Distribution","processType":"UNIT_PROCESS","flowType":"PRODUCT_FLOW"},"exchange":{"@type":"Exchange","internalId":8}},{"provider":{"@type":"Process","@id":"17d5d4fe-0fe8-4b1f-a527-ab277730ba2c","name":"Stage 7: Energy Consumption","category":"Case 1: Hydrogen Production (Cradle-to-gate 6) with CCS (MJ)/Stage 7: Hydrogen Distribution","processType":"UNIT_PROCESS","flowType":"PRODUCT_FLOW"},"flow":{"@type":"Flow","@id":"1401d9ac-e874-454d-91a1-ca13446409d4","name":"Stage 7: Energy Consumption","flowType":"PRODUCT_FLOW","refUnit":"Item(s)"},"process":{"@type":"Process","@id":"1430d206-a833-4d21-bbe0-8bced63bf81a","name":"Hydrogen Distribution","category":"Case 1: Hydrogen Production (Cradle-to-gate 6) with CCS (MJ)/Stage 7: Hydrogen Distribution","processType":"UNIT_PROCESS","flowType":"PRODUCT_FLOW"},"exchange":{"@type":"Exchange","internalId":7}},{"provider":{"@type":"Process","@id":"a0bae0de-d253-4356-b096-c9de85c2b8e5","name":"Stage 7: Transportation","category":"Case 1: Hydrogen Production (Cradle-to-gate 6) with CCS (MJ)/Stage 7: Hydrogen Distribution","processType":"UNIT_PROCESS","flowType":"PRODUCT_FLOW"},"flow":{"@type":"Flow","@id":"1730447f-f3fa-4bd1-84c6-816628a196ca","name":"Stage 7: Transportation","flowType":"PRODUCT_FLOW","refUnit":"Item(s)"},"process":{"@type":"Process","@id":"1430d206-a833-4d21-bbe0-8bced63bf81a","name":"Hydrogen Distribution","category":"Case 1: Hydrogen Production (Cradle-to-gate 6) with CCS (MJ)/Stage 7: Hydrogen Distribution","processType":"UNIT_PROCESS","flowType":"PRODUCT_FLOW"},"exchange":{"@type":"Exchange","internalId":9}},{"provider":{"@type":"Process","@id":"eabd1d06-0d86-453a-9a92-083fe713e29c","name":"Stage 2: Energy Consumption","category":"Case 1: Hydrogen Production (Cradle-to-gate 6) with CCS (MJ)/Stage 2: Hydrogen Production","processType":"UNIT_PROCESS","flowType":"PRODUCT_FLOW"},"flow":{"@type":"Flow","@id":"22d3c391-f73f-4e75-be86-210e2f094fd3","name":"Stage 2: Energy Consumption","flowType":"PRODUCT_FLOW","refUnit":"Item(s)"},"process":{"@type":"Process","@id":"884e51b3-f322-486b-95bc-524d3ef27637","name":"Hydrogen Production","category":"Case 1: Hydrogen Production (Cradle-to-gate 6) with CCS (MJ)/Stage 2: Hydrogen Production","processType":"UNIT_PROCESS","flowType":"PRODUCT_FLOW"},"exchange":{"@type":"Exchange","internalId":7}},{"provider":{"@type":"Process","@id":"47a2e029-2793-43dd-bd39-070ccd994e65","name":"Stage 2: Transportation","category":"Case 1: Hydrogen Production (Cradle-to-gate 6) with CCS (MJ)/Stage 2: Hydrogen Production","processType":"UNIT_PROCESS","flowType":"PRODUCT_FLOW"},"flow":{"@type":"Flow","@id":"54e0f1c1-8696-4a6e-93d3-d5460372c6fe","name":"Stage 2: Transportation","flowType":"PRODUCT_FLOW","refUnit":"Item(s)"},"process":{"@type":"Process","@id":"884e51b3-f322-486b-95bc-524d3ef27637","name":"Hydrogen Production","category":"Case 1: Hydrogen Production (Cradle-to-gate 6) with CCS (MJ)/Stage 2: Hydrogen Production","processType":"UNIT_PROCESS","flowType":"PRODUCT_FLOW"},"exchange":{"@type":"Exchange","internalId":9}},{"provider":{"@type":"Process","@id":"66670b6f-fca5-49ee-91a2-5befec5ce6e9","name":"Stage 2: Raw Materials","category":"Case 1: Hydrogen Production (Cradle-to-gate 6) with CCS (MJ)/Stage 2: Hydrogen Production","processType":"UNIT_PROCESS","flowType":"PRODUCT_FLOW"},"flow":{"@type":"Flow","@id":"364d87b5-99a3-4b87-b24a-1429225883da","name":"Stage 2: Raw Materials","flowType":"PRODUCT_FLOW","refUnit":"Item(s)"},"process":{"@type":"Process","@id":"884e51b3-f322-486b-95bc-524d3ef27637","name":"Hydrogen Production","category":"Case 1: Hydrogen Production (Cradle-to-gate 6) with CCS (MJ)/Stage 2: Hydrogen Production","processType":"UNIT_PROCESS","flowType":"PRODUCT_FLOW"},"exchange":{"@type":"Exchange","internalId":8}},{"provider":{"@type":"Process","@id":"81405a00-635f-4a43-8d46-eb03d749b10d","name":"Stage 2: Capital Goods","category":"Case 1: Hydrogen Production (Cradle-to-gate 6) with CCS (MJ)/Stage 2: Hydrogen Production","processType":"UNIT_PROCESS","flowType":"PRODUCT_FLOW"},"flow":{"@type":"Flow","@id":"eb136cd4-a7a5-473d-abdf-75d3ca1866f6","name":"Stage 2: Capital Goods","flowType":"PRODUCT_FLOW","refUnit":"Item(s)"},"process":{"@type":"Process","@id":"884e51b3-f322-486b-95bc-524d3ef27637","name":"Hydrogen Production","category":"Case 1: Hydrogen Production (Cradle-to-gate 6) with CCS (MJ)/Stage 2: Hydrogen Production","processType":"UNIT_PROCESS","flowType":"PRODUCT_FLOW"},"exchange":{"@type":"Exchange","internalId":6}},{"provider":{"@type":"Process","@id":"884e51b3-f322-486b-95bc-524d3ef27637","name":"Hydrogen Production","category":"Case 1: Hydrogen Production (Cradle-to-gate 6) with CCS (MJ)/Stage 2: Hydrogen Production","processType":"UNIT_PROCESS","flowType":"PRODUCT_FLOW"},"flow":{"@type":"Flow","@id":"3ba1157e-3bc9-4552-8623-d565e4594a8e","name":"Hydrogen Production","flowType":"PRODUCT_FLOW","refUnit":"kg"},"process":{"@type":"Process","@id":"aa958413-e558-44e2-94c2-2607144058a9","name":"Hydrogen Production (Cradle-to-gate 6) with CCS (MJ)","category":"Case 1: Hydrogen Production (Cradle-to-gate 6) with CCS (MJ)","processType":"UNIT_PROCESS","flowType":"PRODUCT_FLOW"},"exchange":{"@type":"Exchange","internalId":12}},{"provider":{"@type":"Process","@id":"a35bb077-1440-454e-9261-d66832fe5d32","name":"Stage 4: Capital Goods","category":"Case 1: Hydrogen Production (Cradle-to-gate 6) with CCS (MJ)/Stage 4: Hydrogen Compression","processType":"UNIT_PROCESS","flowType":"PRODUCT_FLOW"},"flow":{"@type":"Flow","@id":"debc9e81-39a2-4cb8-bd4a-962ac0a48fe2","name":"Stage 4: Capital Goods","flowType":"PRODUCT_FLOW","refUnit":"Item(s)"},"process":{"@type":"Process","@id":"e58d8874-3b6e-4e85-b3c3-2a94516df5f3","name":"Hydrogen Compression","category":"Case 1: Hydrogen Production (Cradle-to-gate 6) with CCS (MJ)/Stage 4: Hydrogen Compression","processType":"UNIT_PROCESS","flowType":"PRODUCT_FLOW"},"exchange":{"@type":"Exchange","internalId":6}},{"provider":{"@type":"Process","@id":"dfc2a031-78a9-4065-a907-534d0cad8efb","name":"Carbon capture and storage","category":"Case 1: Hydrogen Production (Cradle-to-gate 6) with CCS (MJ)/Carbon capture and storage","processType":"UNIT_PROCESS","flowType":"PRODUCT_FLOW"},"flow":{"@type":"Flow","@id":"1bd5e8e5-0f95-4372-b076-975454963e8c","name":"Carbon capture and storage","flowType":"PRODUCT_FLOW","refUnit":"kg"},"process":{"@type":"Process","@id":"aa958413-e558-44e2-94c2-2607144058a9","name":"Hydrogen Production (Cradle-to-gate 6) with CCS (MJ)","category":"Case 1: Hydrogen Production (Cradle-to-gate 6) with CCS (MJ)","processType":"UNIT_PROCESS","flowType":"PRODUCT_FLOW"},"exchange":{"@type":"Exchange","internalId":10}},{"provider":{"@type":"Process","@id":"e58d8874-3b6e-4e85-b3c3-2a94516df5f3","name":"Hydrogen Compression","category":"Case 1: Hydrogen Production (Cradle-to-gate 6) with CCS (MJ)/Stage 4: Hydrogen Compression","processType":"UNIT_PROCESS","flowType":"PRODUCT_FLOW"},"flow":{"@type":"Flow","@id":"581291b9-1017-4cd6-80dc-48e6bb8a6152","name":"Hydrogen Compression","flowType":"PRODUCT_FLOW","refUnit":"kg"},"process":{"@type":"Process","@id":"aa958413-e558-44e2-94c2-2607144058a9","name":"Hydrogen Production (Cradle-to-gate 6) with CCS (MJ)","category":"Case 1: Hydrogen Production (Cradle-to-gate 6) with CCS (MJ)","processType":"UNIT_PROCESS","flowType":"PRODUCT_FLOW"},"exchange":{"@type":"Exchange","internalId":14}},{"provider":{"@type":"Process","@id":"344773d9-2d17-4d6c-9f42-fa72d9b53718","name":"Stage 4: Raw Materials","category":"Case 1: Hydrogen Production (Cradle-to-gate 6) with CCS (MJ)/Stage 4: Hydrogen Compression","processType":"UNIT_PROCESS","flowType":"PRODUCT_FLOW"},"flow":{"@type":"Flow","@id":"9d88774f-2ef7-4f35-9ab0-82560f51cd8f","name":"Stage 4: Raw Materials","flowType":"PRODUCT_FLOW","refUnit":"Item(s)"},"process":{"@type":"Process","@id":"e58d8874-3b6e-4e85-b3c3-2a94516df5f3","name":"Hydrogen Compression","category":"Case 1: Hydrogen Production (Cradle-to-gate 6) with CCS (MJ)/Stage 4: Hydrogen Compression","processType":"UNIT_PROCESS","flowType":"PRODUCT_FLOW"},"exchange":{"@type":"Exchange","internalId":8}},{"provider":{"@type":"Process","@id":"74744992-9f0d-4e9f-a946-f6faba79aa33","name":"Transport of Compressed H2","category":"Case 1: Hydrogen Production (Cradle-to-gate 6) with CCS (MJ)/Stage 5: Transportation","processType":"UNIT_PROCESS","flowType":"PRODUCT_FLOW"},"flow":{"@type":"Flow","@id":"195f4f2f-5d57-49cf-ab78-3dfc31f2d81b","name":"Transport of Compressed H2","flowType":"PRODUCT_FLOW","refUnit":"kg"},"process":{"@type":"Process","@id":"aa958413-e558-44e2-94c2-2607144058a9","name":"Hydrogen Production (Cradle-to-gate 6) with CCS (MJ)","category":"Case 1: Hydrogen Production (Cradle-to-gate 6) with CCS (MJ)","processType":"UNIT_PROCESS","flowType":"PRODUCT_FLOW"},"exchange":{"@type":"Exchange","internalId":15}},{"provider":{"@type":"Process","@id":"482a8449-c1e8-4475-8097-886d7f46b9fb","name":"Stage 4: Energy Consumption","category":"Case 1: Hydrogen Production (Cradle-to-gate 6) with CCS (MJ)/Stage 4: Hydrogen Compression","processType":"UNIT_PROCESS","flowType":"PRODUCT_FLOW"},"flow":{"@type":"Flow","@id":"8f178ca4-a2d3-4cb8-a70b-1ca27570c0d9","name":"Stage 4: Energy Consumption","flowType":"PRODUCT_FLOW","refUnit":"Item(s)"},"process":{"@type":"Process","@id":"e58d8874-3b6e-4e85-b3c3-2a94516df5f3","name":"Hydrogen Compression","category":"Case 1: Hydrogen Production (Cradle-to-gate 6) with CCS (MJ)/Stage 4: Hydrogen Compression","processType":"UNIT_PROCESS","flowType":"PRODUCT_FLOW"},"exchange":{"@type":"Exchange","internalId":7}},{"provider":{"@type":"Process","@id":"1430d206-a833-4d21-bbe0-8bced63bf81a","name":"Hydrogen Distribution","category":"Case 1: Hydrogen Production (Cradle-to-gate 6) with CCS (MJ)/Stage 7: Hydrogen Distribution","processType":"UNIT_PROCESS","flowType":"PRODUCT_FLOW"},"flow":{"@type":"Flow","@id":"637ba1ed-dad9-4819-a3f1-3fdfa840b15d","name":"Hydrogen Distribution ","flowType":"PRODUCT_FLOW","refUnit":"kg"},"process":{"@type":"Process","@id":"aa958413-e558-44e2-94c2-2607144058a9","name":"Hydrogen Production (Cradle-to-gate 6) with CCS (MJ)","category":"Case 1: Hydrogen Production (Cradle-to-gate 6) with CCS (MJ)","processType":"UNIT_PROCESS","flowType":"PRODUCT_FLOW"},"exchange":{"@type":"Exchange","internalId":17}},{"provider":{"@type":"Process","@id":"483d8368-2d5d-48b4-b536-496f34e4694b","name":"Stage 4: Transportation","category":"Case 1: Hydrogen Production (Cradle-to-gate 6) with CCS (MJ)/Stage 4: Hydrogen Compression","processType":"UNIT_PROCESS","flowType":"PRODUCT_FLOW"},"flow":{"@type":"Flow","@id":"ef6ad59a-275b-4032-821b-a57de476667e","name":"Stage 4: Transportation","flowType":"PRODUCT_FLOW","refUnit":"Item(s)"},"process":{"@type":"Process","@id":"e58d8874-3b6e-4e85-b3c3-2a94516df5f3","name":"Hydrogen Compression","category":"Case 1: Hydrogen Production (Cradle-to-gate 6) with CCS (MJ)/Stage 4: Hydrogen Compression","processType":"UNIT_PROCESS","flowType":"PRODUCT_FLOW"},"exchange":{"@type":"Exchange","internalId":9}},{"provider":{"@type":"Process","@id":"3cb265c5-d89b-496f-bc51-4e2b52196071","name":"Hydrogen Storage","category":"Case 1: Hydrogen Production (Cradle-to-gate 6) with CCS (MJ)/Stage 6: Hydrogen Storage","processType":"UNIT_PROCESS","flowType":"PRODUCT_FLOW"},"flow":{"@type":"Flow","@id":"ddcb3fc8-b182-4c3f-bc03-4adb918c9eb9","name":"Hydrogen Storage","flowType":"PRODUCT_FLOW","refUnit":"kg"},"process":{"@type":"Process","@id":"aa958413-e558-44e2-94c2-2607144058a9","name":"Hydrogen Production (Cradle-to-gate 6) with CCS (MJ)","category":"Case 1: Hydrogen Production (Cradle-to-gate 6) with CCS (MJ)","processType":"UNIT_PROCESS","flowType":"PRODUCT_FLOW"},"exchange":{"@type":"Exchange","internalId":16}},{"provider":{"@type":"Process","@id":"9e1a0b12-c55e-468c-a0e0-ac7a8b638242","name":"Hydrogen Purification","category":"Case 1: Hydrogen Production (Cradle-to-gate 6) with CCS (MJ)/Stage 3: Hydrogen Purification","processType":"UNIT_PROCESS","flowType":"PRODUCT_FLOW"},"flow":{"@type":"Flow","@id":"21df2c2b-25d8-4984-9a31-01d2af511f1c","name":"Hydrogen Purification","flowType":"PRODUCT_FLOW","refUnit":"kg"},"process":{"@type":"Process","@id":"aa958413-e558-44e2-94c2-2607144058a9","name":"Hydrogen Production (Cradle-to-gate 6) with CCS (MJ)","category":"Case 1: Hydrogen Production (Cradle-to-gate 6) with CCS (MJ)","processType":"UNIT_PROCESS","flowType":"PRODUCT_FLOW"},"exchange":{"@type":"Exchange","internalId":13}},{"provider":{"@type":"Process","@id":"501e588f-7254-4fcd-a552-1701fd2f2058","name":"Stage 6: Energy Consumption","category":"Case 1: Hydrogen Production (Cradle-to-gate 6) with CCS (MJ)/Stage 6: Hydrogen Storage","processType":"UNIT_PROCESS","flowType":"PRODUCT_FLOW"},"flow":{"@type":"Flow","@id":"9fb43c79-3aff-4bd4-8e3f-2627746a4b4e","name":"Stage 6: Energy Consumption","flowType":"PRODUCT_FLOW","refUnit":"Item(s)"},"process":{"@type":"Process","@id":"3cb265c5-d89b-496f-bc51-4e2b52196071","name":"Hydrogen Storage","category":"Case 1: Hydrogen Production (Cradle-to-gate 6) with CCS (MJ)/Stage 6: Hydrogen Storage","processType":"UNIT_PROCESS","flowType":"PRODUCT_FLOW"},"exchange":{"@type":"Exchange","internalId":8}},{"provider":{"@type":"Process","@id":"45c026fe-f991-4de4-9a02-348fb4edae1f","name":"Stage 3: Energy Consumption","category":"Case 1: Hydrogen Production (Cradle-to-gate 6) with CCS (MJ)/Stage 3: Hydrogen Purification","processType":"UNIT_PROCESS","flowType":"PRODUCT_FLOW"},"flow":{"@type":"Flow","@id":"c4f2aa43-1d3a-40fa-b829-ca5e1dc155ab","name":"Stage 3: Energy Consumption","flowType":"PRODUCT_FLOW","refUnit":"Item(s)"},"process":{"@type":"Process","@id":"9e1a0b12-c55e-468c-a0e0-ac7a8b638242","name":"Hydrogen Purification","category":"Case 1: Hydrogen Production (Cradle-to-gate 6) with CCS (MJ)/Stage 3: Hydrogen Purification","processType":"UNIT_PROCESS","flowType":"PRODUCT_FLOW"},"exchange":{"@type":"Exchange","internalId":7}},{"provider":{"@type":"Process","@id":"b5058895-e722-4e90-9291-e54f6b49f222","name":"CCS: Raw Materials","category":"Case 1: Hydrogen Production (Cradle-to-gate 6) with CCS (MJ)/Carbon capture and storage","processType":"UNIT_PROCESS","flowType":"PRODUCT_FLOW"},"flow":{"@type":"Flow","@id":"a480bd84-e195-4cba-8270-0f1cd3498dbe","name":"CCS: Raw Materials","flowType":"PRODUCT_FLOW","refUnit":"Item(s)"},"process":{"@type":"Process","@id":"dfc2a031-78a9-4065-a907-534d0cad8efb","name":"Carbon capture and storage","category":"Case 1: Hydrogen Production (Cradle-to-gate 6) with CCS (MJ)/Carbon capture and storage","processType":"UNIT_PROCESS","flowType":"PRODUCT_FLOW"},"exchange":{"@type":"Exchange","internalId":8}},{"provider":{"@type":"Process","@id":"640de128-1d24-4958-b2c3-319c8536f7ca","name":"Stage 6: Capital Goods","category":"Case 1: Hydrogen Production (Cradle-to-gate 6) with CCS (MJ)/Stage 6: Hydrogen Storage","processType":"UNIT_PROCESS","flowType":"PRODUCT_FLOW"},"flow":{"@type":"Flow","@id":"3ba22990-3d38-4d35-a7dc-14390d8402bb","name":"Stage 6: Capital Goods","flowType":"PRODUCT_FLOW","refUnit":"Item(s)"},"process":{"@type":"Process","@id":"3cb265c5-d89b-496f-bc51-4e2b52196071","name":"Hydrogen Storage","category":"Case 1: Hydrogen Production (Cradle-to-gate 6) with CCS (MJ)/Stage 6: Hydrogen Storage","processType":"UNIT_PROCESS","flowType":"PRODUCT_FLOW"},"exchange":{"@type":"Exchange","internalId":7}},{"provider":{"@type":"Process","@id":"2fd45a73-0216-4ff9-b0eb-2eaa5691da59","name":"Stage 3: Raw Materials","category":"Case 1: Hydrogen Production (Cradle-to-gate 6) with CCS (MJ)/Stage 3: Hydrogen Purification","processType":"UNIT_PROCESS","flowType":"PRODUCT_FLOW"},"flow":{"@type":"Flow","@id":"31d416e0-4fa1-4cf0-a139-ef4ccbba3351","name":"Stage 3: Raw Materials","flowType":"PRODUCT_FLOW","refUnit":"Item(s)"},"process":{"@type":"Process","@id":"9e1a0b12-c55e-468c-a0e0-ac7a8b638242","name":"Hydrogen Purification","category":"Case 1: Hydrogen Production (Cradle-to-gate 6) with CCS (MJ)/Stage 3: Hydrogen Purification","processType":"UNIT_PROCESS","flowType":"PRODUCT_FLOW"},"exchange":{"@type":"Exchange","internalId":8}},{"provider":{"@type":"Process","@id":"549c0085-86c9-41cd-9123-720cf8bde051","name":"CCS: Energy Consumption","category":"Case 1: Hydrogen Production (Cradle-to-gate 6) with CCS (MJ)/Carbon capture and storage","processType":"UNIT_PROCESS","flowType":"PRODUCT_FLOW"},"flow":{"@type":"Flow","@id":"92f2350b-1764-43bb-adeb-179feb8c93c6","name":"CCS: Energy Consumption","flowType":"PRODUCT_FLOW","refUnit":"Item(s)"},"process":{"@type":"Process","@id":"dfc2a031-78a9-4065-a907-534d0cad8efb","name":"Carbon capture and storage","category":"Case 1: Hydrogen Production (Cradle-to-gate 6) with CCS (MJ)/Carbon capture and storage","processType":"UNIT_PROCESS","flowType":"PRODUCT_FLOW"},"exchange":{"@type":"Exchange","internalId":7}},{"provider":{"@type":"Process","@id":"f790bef7-36ce-4090-ae87-a8252c1e7c60","name":"Stage 6: Transportation","category":"Case 1: Hydrogen Production (Cradle-to-gate 6) with CCS (MJ)/Stage 6: Hydrogen Storage","processType":"UNIT_PROCESS","flowType":"PRODUCT_FLOW"},"flow":{"@type":"Flow","@id":"ebf7d24c-1ef1-45db-873e-a613ba25658f","name":"Stage 6: Transportation","flowType":"PRODUCT_FLOW","refUnit":"Item(s)"},"process":{"@type":"Process","@id":"3cb265c5-d89b-496f-bc51-4e2b52196071","name":"Hydrogen Storage","category":"Case 1: Hydrogen Production (Cradle-to-gate 6) with CCS (MJ)/Stage 6: Hydrogen Storage","processType":"UNIT_PROCESS","flowType":"PRODUCT_FLOW"},"exchange":{"@type":"Exchange","internalId":10}},{"provider":{"@type":"Process","@id":"3737b350-8264-4ea7-b154-ede975c56d5f","name":"Stage 3: Capital Goods","category":"Case 1: Hydrogen Production (Cradle-to-gate 6) with CCS (MJ)/Stage 3: Hydrogen Purification","processType":"UNIT_PROCESS","flowType":"PRODUCT_FLOW"},"flow":{"@type":"Flow","@id":"7510368d-3662-4d40-b937-36f998d84391","name":"Stage 3: Capital Goods","flowType":"PRODUCT_FLOW","refUnit":"Item(s)"},"process":{"@type":"Process","@id":"9e1a0b12-c55e-468c-a0e0-ac7a8b638242","name":"Hydrogen Purification","category":"Case 1: Hydrogen Production (Cradle-to-gate 6) with CCS (MJ)/Stage 3: Hydrogen Purification","processType":"UNIT_PROCESS","flowType":"PRODUCT_FLOW"},"exchange":{"@type":"Exchange","internalId":6}},{"provider":{"@type":"Process","@id":"8ca0a0a0-48d5-4222-a735-464c4d257597","name":"CCS: Capital Goods","category":"Case 1: Hydrogen Production (Cradle-to-gate 6) with CCS (MJ)/Carbon capture and storage","processType":"UNIT_PROCESS","flowType":"PRODUCT_FLOW"},"flow":{"@type":"Flow","@id":"780f34b7-8c65-4224-b9e0-cff8a12a0072","name":"CCS: Capital Goods","flowType":"PRODUCT_FLOW","refUnit":"Item(s)"},"process":{"@type":"Process","@id":"dfc2a031-78a9-4065-a907-534d0cad8efb","name":"Carbon capture and storage","category":"Case 1: Hydrogen Production (Cradle-to-gate 6) with CCS (MJ)/Carbon capture and storage","processType":"UNIT_PROCESS","flowType":"PRODUCT_FLOW"},"exchange":{"@type":"Exchange","internalId":6}},{"provider":{"@type":"Process","@id":"52592371-7f85-49dd-8a81-cc0240b724a6","name":"Stage 6: Raw Material","category":"Case 1: Hydrogen Production (Cradle-to-gate 6) with CCS (MJ)/Stage 6: Hydrogen Storage","processType":"UNIT_PROCESS","flowType":"PRODUCT_FLOW"},"flow":{"@type":"Flow","@id":"2466b18c-d6f6-4a8d-b4a8-0a15d4eee5d8","name":"Stage 6: Raw Material","flowType":"PRODUCT_FLOW","refUnit":"Item(s)"},"process":{"@type":"Process","@id":"3cb265c5-d89b-496f-bc51-4e2b52196071","name":"Hydrogen Storage","category":"Case 1: Hydrogen Production (Cradle-to-gate 6) with CCS (MJ)/Stage 6: Hydrogen Storage","processType":"UNIT_PROCESS","flowType":"PRODUCT_FLOW"},"exchange":{"@type":"Exchange","internalId":9}},{"provider":{"@type":"Process","@id":"57ae29bd-b161-4da4-8a35-184b5d00b2df","name":"Stage 3: Transportation","category":"Case 1: Hydrogen Production (Cradle-to-gate 6) with CCS (MJ)/Stage 3: Hydrogen Purification","processType":"UNIT_PROCESS","flowType":"PRODUCT_FLOW"},"flow":{"@type":"Flow","@id":"9016044c-0b7a-4f53-88b2-65b93ba7394e","name":"Stage 3: Transportation","flowType":"PRODUCT_FLOW","refUnit":"Item(s)"},"process":{"@type":"Process","@id":"9e1a0b12-c55e-468c-a0e0-ac7a8b638242","name":"Hydrogen Purification","category":"Case 1: Hydrogen Production (Cradle-to-gate 6) with CCS (MJ)/Stage 3: Hydrogen Purification","processType":"UNIT_PROCESS","flowType":"PRODUCT_FLOW"},"exchange":{"@type":"Exchange","internalId":9}},{"provider":{"@type":"Process","@id":"82eb3797-b6e9-4516-bad9-c55aba4af1bf","name":"CCS: Transportation","category":"Case 1: Hydrogen Production (Cradle-to-gate 6) with CCS (MJ)/Carbon capture and storage","processType":"UNIT_PROCESS","flowType":"PRODUCT_FLOW"},"flow":{"@type":"Flow","@id":"c0ae6cec-04e2-410c-892e-52d5563cb4e9","name":"CCS: Transportation","flowType":"PRODUCT_FLOW","refUnit":"Item(s)"},"process":{"@type":"Process","@id":"dfc2a031-78a9-4065-a907-534d0cad8efb","name":"Carbon capture and storage","category":"Case 1: Hydrogen Production (Cradle-to-gate 6) with CCS (MJ)/Carbon capture and storage","processType":"UNIT_PROCESS","flowType":"PRODUCT_FLOW"},"exchange":{"@type":"Exchange","internalId":9}}]}