{"@type":"ProductSystem","@id":"2f76985c-f3a6-4507-af97-55400a121136","name":"Electricity Cogeneration","description":"First created: 2024-03-27T10:43:32\nLinking approach during creation: Prefer default providers; Preferred process type: System process","version":"00.00.000","lastChange":"2024-03-27T09:43:32.145Z","refProcess":{"@type":"Process","@id":"d2f964de-8706-4790-99fd-fe6a6614277a","name":"Electricity Cogeneration","category":"Case 2: Hydrogen Use (Cradle-to-grave) for cogeneration (MJ)","processType":"UNIT_PROCESS","flowType":"PRODUCT_FLOW"},"refExchange":{"@type":"Exchange","internalId":1,"flow":{"@type":"Flow","@id":"64140376-f023-41f9-94d6-48d694daccca","name":"Electricity Generation","flowType":"PRODUCT_FLOW","refUnit":"MJ"}},"targetFlowProperty":{"@type":"FlowProperty","@id":"f6811440-ee37-11de-8a39-0800200c9a66","name":"Energy","category":"Technical flow properties","refUnit":"MJ"},"targetUnit":{"@type":"Unit","@id":"52765a6c-3896-43c2-b2f4-c679acf13efe","name":"MJ"},"targetAmount":1.0,"processes":[{"@type":"Process","@id":"d7729e1c-6899-47b2-8037-731f882b4845","name":"End-of-Life: Final Treatment","category":"Case 2: Hydrogen Use (Cradle-to-grave) for cogeneration (MJ)/End-of-life","processType":"UNIT_PROCESS","flowType":"WASTE_FLOW"},{"@type":"Process","@id":"c006c570-5240-4f70-a9ee-5056858fa808","name":"Stage 6: Energy Consumption","category":"Case 1: Hydrogen Production (Cradle-to-gate 6) (kg)/Stage 6: Hydrogen Storage","processType":"UNIT_PROCESS","flowType":"PRODUCT_FLOW"},{"@type":"Process","@id":"e00fd827-7584-4c60-aa21-04e65b4bbfeb","name":"Stage 2: Energy Consumption","category":"Case 1: Hydrogen Production (Cradle-to-gate 6) (kg)/Stage 2: Hydrogen Production","processType":"UNIT_PROCESS","flowType":"PRODUCT_FLOW"},{"@type":"Process","@id":"99531a28-f408-4a11-8b6e-0e4bab7aae77","name":"Stage 2: Capital Goods","category":"Case 1: Hydrogen Production (Cradle-to-gate 6) (kg)/Stage 2: Hydrogen Production","processType":"UNIT_PROCESS","flowType":"PRODUCT_FLOW"},{"@type":"Process","@id":"96702663-c06d-4a5e-bb01-331d9c57c91d","name":"Stage 6: Transportation","category":"Case 1: Hydrogen Production (Cradle-to-gate 6) (kg)/Stage 6: Hydrogen Storage","processType":"UNIT_PROCESS","flowType":"PRODUCT_FLOW"},{"@type":"Process","@id":"33ac3b3c-78b6-41fe-90ee-65644534c7fa","name":"Stage 3: Transportation","category":"Case 1: Hydrogen Production (Cradle-to-gate 6) (kg)/Stage 3: Hydrogen Purification","processType":"UNIT_PROCESS","flowType":"PRODUCT_FLOW"},{"@type":"Process","@id":"6ec40471-677e-46bd-9273-f34fd20fac57","name":"Stage 4: Raw Materials","category":"Case 1: Hydrogen Production (Cradle-to-gate 6) (kg)/Stage 4: Hydrogen Compression","processType":"UNIT_PROCESS","flowType":"PRODUCT_FLOW"},{"@type":"Process","@id":"f62c2af4-149c-42a2-bc96-81987c32e840","name":"End-of-Life: Disassembly","category":"Case 2: Hydrogen Use (Cradle-to-grave) for cogeneration (MJ)/End-of-life","processType":"UNIT_PROCESS","flowType":"WASTE_FLOW"},{"@type":"Process","@id":"c0a5c7d9-7701-4f44-86e4-ff661efdc7b3","name":"Stage 3: Capital Goods","category":"Case 1: Hydrogen Production (Cradle-to-gate 6) (kg)/Stage 3: Hydrogen Purification","processType":"UNIT_PROCESS","flowType":"PRODUCT_FLOW"},{"@type":"Process","@id":"d931581f-13bd-4402-8d20-8b7d4c89f5fb","name":"Hydrogen Distribution ","category":"Case 1: Hydrogen Production (Cradle-to-gate 6) (kg)/Stage 7: Hydrogen Distribution","processType":"UNIT_PROCESS","flowType":"PRODUCT_FLOW"},{"@type":"Process","@id":"344b9e8b-344f-45db-a4b1-87601124c850","name":"Hydrogen Compression","category":"Case 1: Hydrogen Production (Cradle-to-gate 6) (kg)/Stage 4: Hydrogen Compression","processType":"UNIT_PROCESS","flowType":"PRODUCT_FLOW"},{"@type":"Process","@id":"e8730664-4fd1-4ec6-b41f-cc071d017401","name":"Stage 6: Capital Goods","category":"Case 1: Hydrogen Production (Cradle-to-gate 6) (kg)/Stage 6: Hydrogen Storage","processType":"UNIT_PROCESS","flowType":"PRODUCT_FLOW"},{"@type":"Process","@id":"42268908-d8ae-4dba-9d82-23e72d2ad1c9","name":"Manufacturing Stage: Energy Consumption","category":"Case 2: Hydrogen Use (Cradle-to-grave) for cogeneration (MJ)/Manufacturing Stage","processType":"UNIT_PROCESS","flowType":"PRODUCT_FLOW"},{"@type":"Process","@id":"3b5faa7f-f94c-453f-ac0f-4b59cf72fadc","name":"Stage 4: Energy Consumption","category":"Case 1: Hydrogen Production (Cradle-to-gate 6) (kg)/Stage 4: Hydrogen Compression","processType":"UNIT_PROCESS","flowType":"PRODUCT_FLOW"},{"@type":"Process","@id":"5e788426-9ac5-4f6e-8b8d-9e29bdd2c094","name":"Manufacturing Stage","category":"Case 2: Hydrogen Use (Cradle-to-grave) for cogeneration (MJ)/Manufacturing Stage","processType":"UNIT_PROCESS","flowType":"PRODUCT_FLOW"},{"@type":"Process","@id":"46544a51-e254-495c-b047-5aa98f324a34","name":"Stage 3: Raw Materials","category":"Case 1: Hydrogen Production (Cradle-to-gate 6) (kg)/Stage 3: Hydrogen Purification","processType":"UNIT_PROCESS","flowType":"PRODUCT_FLOW"},{"@type":"Process","@id":"29d027db-0929-42f7-938c-60d05d925f35","name":"Hydrogen Purification","category":"Case 1: Hydrogen Production (Cradle-to-gate 6) (kg)/Stage 3: Hydrogen Purification","processType":"UNIT_PROCESS","flowType":"PRODUCT_FLOW"},{"@type":"Process","@id":"92721328-6b48-457e-baef-f19fac2d26f3","name":"Transport of Compressed H2","category":"Case 1: Hydrogen Production (Cradle-to-gate 6) (kg)/Stage 5: Transportation","processType":"UNIT_PROCESS","flowType":"PRODUCT_FLOW"},{"@type":"Process","@id":"781c863d-1f66-4a3c-a99a-b92cf73738a2","name":"Operating Stage: Maintenance","category":"Case 2: Hydrogen Use (Cradle-to-grave) for cogeneration (MJ)/Operating Stage","processType":"UNIT_PROCESS","flowType":"PRODUCT_FLOW"},{"@type":"Process","@id":"55defd8d-5960-4388-b8c8-24f89f29287e","name":"Operating Source: Hydrogen Use","category":"Case 2: Hydrogen Use (Cradle-to-grave) for cogeneration (MJ)/Operating Stage","processType":"UNIT_PROCESS","flowType":"PRODUCT_FLOW"},{"@type":"Process","@id":"4696503f-ea4d-44d8-95c2-36b865bbef2d","name":"End-of-Life","category":"Case 2: Hydrogen Use (Cradle-to-grave) for cogeneration (MJ)/End-of-life","processType":"UNIT_PROCESS","flowType":"WASTE_FLOW"},{"@type":"Process","@id":"ecd8a1a2-e056-4064-9bf5-9dcd2f65f1ee","name":"End-of-Life: Sorting/Seperation","category":"Case 2: Hydrogen Use (Cradle-to-grave) for cogeneration (MJ)/End-of-life","processType":"UNIT_PROCESS","flowType":"WASTE_FLOW"},{"@type":"Process","@id":"4068cafd-9096-4233-b75a-f37e01ab4ea2","name":"Hydrogen Production","category":"Case 1: Hydrogen Production (Cradle-to-gate 6) (kg)/Stage 2: Hydrogen Production","processType":"UNIT_PROCESS","flowType":"PRODUCT_FLOW"},{"@type":"Process","@id":"94035ac0-e3d1-4e30-b838-21af0a102818","name":"Stage 3: Energy Consumption","category":"Case 1: Hydrogen Production (Cradle-to-gate 6) (kg)/Stage 3: Hydrogen Purification","processType":"UNIT_PROCESS","flowType":"PRODUCT_FLOW"},{"@type":"Process","@id":"e3099b1a-f160-405a-a871-19758effeddd","name":"Manufacturing Stage: Transportation of Raw Materials","category":"Case 2: Hydrogen Use (Cradle-to-grave) for cogeneration (MJ)/Manufacturing Stage","processType":"UNIT_PROCESS","flowType":"PRODUCT_FLOW"},{"@type":"Process","@id":"1b2a06ec-9023-4c23-bfdd-aa34d13f3bd0","name":"Stage 4: Capital Goods","category":"Case 1: Hydrogen Production (Cradle-to-gate 6) (kg)/Stage 4: Hydrogen Compression","processType":"UNIT_PROCESS","flowType":"PRODUCT_FLOW"},{"@type":"Process","@id":"05af087b-776c-4226-b4c6-165a0de526ba","name":"Stage 2: Transportation","category":"Case 1: Hydrogen Production (Cradle-to-gate 6) (kg)/Stage 2: Hydrogen Production","processType":"UNIT_PROCESS","flowType":"PRODUCT_FLOW"},{"@type":"Process","@id":"69a33e03-a3f7-460b-805b-e47c8a789a76","name":"Stage 6: Raw Material","category":"Case 1: Hydrogen Production (Cradle-to-gate 6) (kg)/Stage 6: Hydrogen Storage","processType":"UNIT_PROCESS","flowType":"PRODUCT_FLOW"},{"@type":"Process","@id":"41d70b98-a339-40d2-b910-bff850e35488","name":"Hydrogen Storage","category":"Case 1: Hydrogen Production (Cradle-to-gate 6) (kg)/Stage 6: Hydrogen Storage","processType":"UNIT_PROCESS","flowType":"PRODUCT_FLOW"},{"@type":"Process","@id":"0873cce7-137d-4119-a3f2-d97c44e14323","name":"Stage 2: Raw Materials","category":"Case 1: Hydrogen Production (Cradle-to-gate 6) (kg)/Stage 2: Hydrogen Production","processType":"UNIT_PROCESS","flowType":"PRODUCT_FLOW"},{"@type":"Process","@id":"ae56b65c-05a5-4fc1-9880-11c2fe39a840","name":"Operating Stage: Material Inputs","category":"Case 2: Hydrogen Use (Cradle-to-grave) for cogeneration (MJ)/Operating Stage","processType":"UNIT_PROCESS","flowType":"PRODUCT_FLOW"},{"@type":"Process","@id":"ddb499dc-4796-4075-9a2b-c094f6a069b5","name":"End-of-Life: Collection/Transportation","category":"Case 2: Hydrogen Use (Cradle-to-grave) for cogeneration (MJ)/End-of-life","processType":"UNIT_PROCESS","flowType":"WASTE_FLOW"},{"@type":"Process","@id":"f4bbadce-445b-4766-8fe6-98fbab9e4863","name":"Manufacturing Stage: Capital Goods","category":"Case 2: Hydrogen Use (Cradle-to-grave) for cogeneration (MJ)/Manufacturing Stage","processType":"UNIT_PROCESS","flowType":"PRODUCT_FLOW"},{"@type":"Process","@id":"616f7723-657f-473a-9406-dd0cf25e6932","name":"Operating Stage","category":"Case 2: Hydrogen Use (Cradle-to-grave) for cogeneration (MJ)/Operating Stage","processType":"UNIT_PROCESS","flowType":"PRODUCT_FLOW"},{"@type":"Process","@id":"d2f964de-8706-4790-99fd-fe6a6614277a","name":"Electricity Cogeneration","category":"Case 2: Hydrogen Use (Cradle-to-grave) for cogeneration (MJ)","processType":"UNIT_PROCESS","flowType":"PRODUCT_FLOW"},{"@type":"Process","@id":"83043ca0-2a30-4c8d-869a-5399f63ee308","name":"Hydrogen Production (Cradle-to-gate 6) (kg)","category":"Case 1: Hydrogen Production (Cradle-to-gate 6) (kg)","processType":"UNIT_PROCESS","flowType":"PRODUCT_FLOW"},{"@type":"Process","@id":"657f34db-fb73-4631-8d46-7aec16f1eed0","name":"Manufactuing Stage: Raw Materials","category":"Case 2: Hydrogen Use (Cradle-to-grave) for cogeneration (MJ)/Manufacturing Stage","processType":"UNIT_PROCESS","flowType":"PRODUCT_FLOW"},{"@type":"Process","@id":"61fee52b-6f83-4a84-bb31-da56b785a8c1","name":"Stage 4: Transportation","category":"Case 1: Hydrogen Production (Cradle-to-gate 6) (kg)/Stage 4: Hydrogen Compression","processType":"UNIT_PROCESS","flowType":"PRODUCT_FLOW"}],"processLinks":[{"provider":{"@type":"Process","@id":"f62c2af4-149c-42a2-bc96-81987c32e840","name":"End-of-Life: Disassembly","category":"Case 2: Hydrogen Use (Cradle-to-grave) for cogeneration (MJ)/End-of-life","processType":"UNIT_PROCESS","flowType":"WASTE_FLOW"},"flow":{"@type":"Flow","@id":"7146f505-2281-49ac-b1e4-710ada370094","name":"End-of-Life: Disassembly","flowType":"WASTE_FLOW","refUnit":"Item(s)"},"process":{"@type":"Process","@id":"4696503f-ea4d-44d8-95c2-36b865bbef2d","name":"End-of-Life","category":"Case 2: Hydrogen Use (Cradle-to-grave) for cogeneration (MJ)/End-of-life","processType":"UNIT_PROCESS","flowType":"WASTE_FLOW"},"exchange":{"@type":"Exchange","internalId":3}},{"provider":{"@type":"Process","@id":"55defd8d-5960-4388-b8c8-24f89f29287e","name":"Operating Source: Hydrogen Use","category":"Case 2: Hydrogen Use (Cradle-to-grave) for cogeneration (MJ)/Operating Stage","processType":"UNIT_PROCESS","flowType":"PRODUCT_FLOW"},"flow":{"@type":"Flow","@id":"36c790f6-d16a-4a1b-8097-946c697ed046","name":"Operating Source: Hydrogen Use","flowType":"PRODUCT_FLOW","refUnit":"Item(s)"},"process":{"@type":"Process","@id":"616f7723-657f-473a-9406-dd0cf25e6932","name":"Operating Stage","category":"Case 2: Hydrogen Use (Cradle-to-grave) for cogeneration (MJ)/Operating Stage","processType":"UNIT_PROCESS","flowType":"PRODUCT_FLOW"},"exchange":{"@type":"Exchange","internalId":2}},{"provider":{"@type":"Process","@id":"05af087b-776c-4226-b4c6-165a0de526ba","name":"Stage 2: Transportation","category":"Case 1: Hydrogen Production (Cradle-to-gate 6) (kg)/Stage 2: Hydrogen Production","processType":"UNIT_PROCESS","flowType":"PRODUCT_FLOW"},"flow":{"@type":"Flow","@id":"54e0f1c1-8696-4a6e-93d3-d5460372c6fe","name":"Stage 2: Transportation","flowType":"PRODUCT_FLOW","refUnit":"Item(s)"},"process":{"@type":"Process","@id":"4068cafd-9096-4233-b75a-f37e01ab4ea2","name":"Hydrogen Production","category":"Case 1: Hydrogen Production (Cradle-to-gate 6) (kg)/Stage 2: Hydrogen Production","processType":"UNIT_PROCESS","flowType":"PRODUCT_FLOW"},"exchange":{"@type":"Exchange","internalId":9}},{"provider":{"@type":"Process","@id":"ddb499dc-4796-4075-9a2b-c094f6a069b5","name":"End-of-Life: Collection/Transportation","category":"Case 2: Hydrogen Use (Cradle-to-grave) for cogeneration (MJ)/End-of-life","processType":"UNIT_PROCESS","flowType":"WASTE_FLOW"},"flow":{"@type":"Flow","@id":"3fc0fbfc-f7f3-492c-b98e-659e930ad3c6","name":"End-of-Life: Collection/Transportation","flowType":"WASTE_FLOW","refUnit":"Item(s)"},"process":{"@type":"Process","@id":"4696503f-ea4d-44d8-95c2-36b865bbef2d","name":"End-of-Life","category":"Case 2: Hydrogen Use (Cradle-to-grave) for cogeneration (MJ)/End-of-life","processType":"UNIT_PROCESS","flowType":"WASTE_FLOW"},"exchange":{"@type":"Exchange","internalId":2}},{"provider":{"@type":"Process","@id":"781c863d-1f66-4a3c-a99a-b92cf73738a2","name":"Operating Stage: Maintenance","category":"Case 2: Hydrogen Use (Cradle-to-grave) for cogeneration (MJ)/Operating Stage","processType":"UNIT_PROCESS","flowType":"PRODUCT_FLOW"},"flow":{"@type":"Flow","@id":"ef6e55cf-cbde-4a24-873b-467b187c66e5","name":"Operating Stage: Maintenance","flowType":"PRODUCT_FLOW","refUnit":"Item(s)"},"process":{"@type":"Process","@id":"616f7723-657f-473a-9406-dd0cf25e6932","name":"Operating Stage","category":"Case 2: Hydrogen Use (Cradle-to-grave) for cogeneration (MJ)/Operating Stage","processType":"UNIT_PROCESS","flowType":"PRODUCT_FLOW"},"exchange":{"@type":"Exchange","internalId":3}},{"provider":{"@type":"Process","@id":"0873cce7-137d-4119-a3f2-d97c44e14323","name":"Stage 2: Raw Materials","category":"Case 1: Hydrogen Production (Cradle-to-gate 6) (kg)/Stage 2: Hydrogen Production","processType":"UNIT_PROCESS","flowType":"PRODUCT_FLOW"},"flow":{"@type":"Flow","@id":"364d87b5-99a3-4b87-b24a-1429225883da","name":"Stage 2: Raw Materials","flowType":"PRODUCT_FLOW","refUnit":"Item(s)"},"process":{"@type":"Process","@id":"4068cafd-9096-4233-b75a-f37e01ab4ea2","name":"Hydrogen Production","category":"Case 1: Hydrogen Production (Cradle-to-gate 6) (kg)/Stage 2: Hydrogen Production","processType":"UNIT_PROCESS","flowType":"PRODUCT_FLOW"},"exchange":{"@type":"Exchange","internalId":8}},{"provider":{"@type":"Process","@id":"ecd8a1a2-e056-4064-9bf5-9dcd2f65f1ee","name":"End-of-Life: Sorting/Seperation","category":"Case 2: Hydrogen Use (Cradle-to-grave) for cogeneration (MJ)/End-of-life","processType":"UNIT_PROCESS","flowType":"WASTE_FLOW"},"flow":{"@type":"Flow","@id":"f6589270-6aac-4d11-a9c6-ebb17b42b2ea","name":"End-of-Life: Sorting/Seperation","flowType":"WASTE_FLOW","refUnit":"Item(s)"},"process":{"@type":"Process","@id":"4696503f-ea4d-44d8-95c2-36b865bbef2d","name":"End-of-Life","category":"Case 2: Hydrogen Use (Cradle-to-grave) for cogeneration (MJ)/End-of-life","processType":"UNIT_PROCESS","flowType":"WASTE_FLOW"},"exchange":{"@type":"Exchange","internalId":5}},{"provider":{"@type":"Process","@id":"99531a28-f408-4a11-8b6e-0e4bab7aae77","name":"Stage 2: Capital Goods","category":"Case 1: Hydrogen Production (Cradle-to-gate 6) (kg)/Stage 2: Hydrogen Production","processType":"UNIT_PROCESS","flowType":"PRODUCT_FLOW"},"flow":{"@type":"Flow","@id":"eb136cd4-a7a5-473d-abdf-75d3ca1866f6","name":"Stage 2: Capital Goods","flowType":"PRODUCT_FLOW","refUnit":"Item(s)"},"process":{"@type":"Process","@id":"4068cafd-9096-4233-b75a-f37e01ab4ea2","name":"Hydrogen Production","category":"Case 1: Hydrogen Production (Cradle-to-gate 6) (kg)/Stage 2: Hydrogen Production","processType":"UNIT_PROCESS","flowType":"PRODUCT_FLOW"},"exchange":{"@type":"Exchange","internalId":6}},{"provider":{"@type":"Process","@id":"d7729e1c-6899-47b2-8037-731f882b4845","name":"End-of-Life: Final Treatment","category":"Case 2: Hydrogen Use (Cradle-to-grave) for cogeneration (MJ)/End-of-life","processType":"UNIT_PROCESS","flowType":"WASTE_FLOW"},"flow":{"@type":"Flow","@id":"b4dd0fe0-16b6-4fab-b163-fac0525302a3","name":"End-of-Life: Final Treatment","flowType":"WASTE_FLOW","refUnit":"Item(s)"},"process":{"@type":"Process","@id":"4696503f-ea4d-44d8-95c2-36b865bbef2d","name":"End-of-Life","category":"Case 2: Hydrogen Use (Cradle-to-grave) for cogeneration (MJ)/End-of-life","processType":"UNIT_PROCESS","flowType":"WASTE_FLOW"},"exchange":{"@type":"Exchange","internalId":4}},{"provider":{"@type":"Process","@id":"ae56b65c-05a5-4fc1-9880-11c2fe39a840","name":"Operating Stage: Material Inputs","category":"Case 2: Hydrogen Use (Cradle-to-grave) for cogeneration (MJ)/Operating Stage","processType":"UNIT_PROCESS","flowType":"PRODUCT_FLOW"},"flow":{"@type":"Flow","@id":"2e160fc5-1d0d-459a-91ba-c22cd7e3a98d","name":"Operating Stage: Material Inputs","flowType":"PRODUCT_FLOW","refUnit":"Item(s)"},"process":{"@type":"Process","@id":"616f7723-657f-473a-9406-dd0cf25e6932","name":"Operating Stage","category":"Case 2: Hydrogen Use (Cradle-to-grave) for cogeneration (MJ)/Operating Stage","processType":"UNIT_PROCESS","flowType":"PRODUCT_FLOW"},"exchange":{"@type":"Exchange","internalId":4}},{"provider":{"@type":"Process","@id":"83043ca0-2a30-4c8d-869a-5399f63ee308","name":"Hydrogen Production (Cradle-to-gate 6) (kg)","category":"Case 1: Hydrogen Production (Cradle-to-gate 6) (kg)","processType":"UNIT_PROCESS","flowType":"PRODUCT_FLOW"},"flow":{"@type":"Flow","@id":"5673ba3e-8255-4998-a21a-fcea77c6542e","name":"Hydrogen Produced","flowType":"PRODUCT_FLOW","refUnit":"kg"},"process":{"@type":"Process","@id":"55defd8d-5960-4388-b8c8-24f89f29287e","name":"Operating Source: Hydrogen Use","category":"Case 2: Hydrogen Use (Cradle-to-grave) for cogeneration (MJ)/Operating Stage","processType":"UNIT_PROCESS","flowType":"PRODUCT_FLOW"},"exchange":{"@type":"Exchange","internalId":2}},{"provider":{"@type":"Process","@id":"e00fd827-7584-4c60-aa21-04e65b4bbfeb","name":"Stage 2: Energy Consumption","category":"Case 1: Hydrogen Production (Cradle-to-gate 6) (kg)/Stage 2: Hydrogen Production","processType":"UNIT_PROCESS","flowType":"PRODUCT_FLOW"},"flow":{"@type":"Flow","@id":"22d3c391-f73f-4e75-be86-210e2f094fd3","name":"Stage 2: Energy Consumption","flowType":"PRODUCT_FLOW","refUnit":"Item(s)"},"process":{"@type":"Process","@id":"4068cafd-9096-4233-b75a-f37e01ab4ea2","name":"Hydrogen Production","category":"Case 1: Hydrogen Production (Cradle-to-gate 6) (kg)/Stage 2: Hydrogen Production","processType":"UNIT_PROCESS","flowType":"PRODUCT_FLOW"},"exchange":{"@type":"Exchange","internalId":7}},{"provider":{"@type":"Process","@id":"e8730664-4fd1-4ec6-b41f-cc071d017401","name":"Stage 6: Capital Goods","category":"Case 1: Hydrogen Production (Cradle-to-gate 6) (kg)/Stage 6: Hydrogen Storage","processType":"UNIT_PROCESS","flowType":"PRODUCT_FLOW"},"flow":{"@type":"Flow","@id":"3ba22990-3d38-4d35-a7dc-14390d8402bb","name":"Stage 6: Capital Goods","flowType":"PRODUCT_FLOW","refUnit":"Item(s)"},"process":{"@type":"Process","@id":"41d70b98-a339-40d2-b910-bff850e35488","name":"Hydrogen Storage","category":"Case 1: Hydrogen Production (Cradle-to-gate 6) (kg)/Stage 6: Hydrogen Storage","processType":"UNIT_PROCESS","flowType":"PRODUCT_FLOW"},"exchange":{"@type":"Exchange","internalId":7}},{"provider":{"@type":"Process","@id":"3b5faa7f-f94c-453f-ac0f-4b59cf72fadc","name":"Stage 4: Energy Consumption","category":"Case 1: Hydrogen Production (Cradle-to-gate 6) (kg)/Stage 4: Hydrogen Compression","processType":"UNIT_PROCESS","flowType":"PRODUCT_FLOW"},"flow":{"@type":"Flow","@id":"8f178ca4-a2d3-4cb8-a70b-1ca27570c0d9","name":"Stage 4: Energy Consumption","flowType":"PRODUCT_FLOW","refUnit":"Item(s)"},"process":{"@type":"Process","@id":"344b9e8b-344f-45db-a4b1-87601124c850","name":"Hydrogen Compression","category":"Case 1: Hydrogen Production (Cradle-to-gate 6) (kg)/Stage 4: Hydrogen Compression","processType":"UNIT_PROCESS","flowType":"PRODUCT_FLOW"},"exchange":{"@type":"Exchange","internalId":7}},{"provider":{"@type":"Process","@id":"46544a51-e254-495c-b047-5aa98f324a34","name":"Stage 3: Raw Materials","category":"Case 1: Hydrogen Production (Cradle-to-gate 6) (kg)/Stage 3: Hydrogen Purification","processType":"UNIT_PROCESS","flowType":"PRODUCT_FLOW"},"flow":{"@type":"Flow","@id":"31d416e0-4fa1-4cf0-a139-ef4ccbba3351","name":"Stage 3: Raw Materials","flowType":"PRODUCT_FLOW","refUnit":"Item(s)"},"process":{"@type":"Process","@id":"29d027db-0929-42f7-938c-60d05d925f35","name":"Hydrogen Purification","category":"Case 1: Hydrogen Production (Cradle-to-gate 6) (kg)/Stage 3: Hydrogen Purification","processType":"UNIT_PROCESS","flowType":"PRODUCT_FLOW"},"exchange":{"@type":"Exchange","internalId":8}},{"provider":{"@type":"Process","@id":"c006c570-5240-4f70-a9ee-5056858fa808","name":"Stage 6: Energy Consumption","category":"Case 1: Hydrogen Production (Cradle-to-gate 6) (kg)/Stage 6: Hydrogen Storage","processType":"UNIT_PROCESS","flowType":"PRODUCT_FLOW"},"flow":{"@type":"Flow","@id":"9fb43c79-3aff-4bd4-8e3f-2627746a4b4e","name":"Stage 6: Energy Consumption","flowType":"PRODUCT_FLOW","refUnit":"Item(s)"},"process":{"@type":"Process","@id":"41d70b98-a339-40d2-b910-bff850e35488","name":"Hydrogen Storage","category":"Case 1: Hydrogen Production (Cradle-to-gate 6) (kg)/Stage 6: Hydrogen Storage","processType":"UNIT_PROCESS","flowType":"PRODUCT_FLOW"},"exchange":{"@type":"Exchange","internalId":8}},{"provider":{"@type":"Process","@id":"6ec40471-677e-46bd-9273-f34fd20fac57","name":"Stage 4: Raw Materials","category":"Case 1: Hydrogen Production (Cradle-to-gate 6) (kg)/Stage 4: Hydrogen Compression","processType":"UNIT_PROCESS","flowType":"PRODUCT_FLOW"},"flow":{"@type":"Flow","@id":"9d88774f-2ef7-4f35-9ab0-82560f51cd8f","name":"Stage 4: Raw Materials","flowType":"PRODUCT_FLOW","refUnit":"Item(s)"},"process":{"@type":"Process","@id":"344b9e8b-344f-45db-a4b1-87601124c850","name":"Hydrogen Compression","category":"Case 1: Hydrogen Production (Cradle-to-gate 6) (kg)/Stage 4: Hydrogen Compression","processType":"UNIT_PROCESS","flowType":"PRODUCT_FLOW"},"exchange":{"@type":"Exchange","internalId":8}},{"provider":{"@type":"Process","@id":"33ac3b3c-78b6-41fe-90ee-65644534c7fa","name":"Stage 3: Transportation","category":"Case 1: Hydrogen Production (Cradle-to-gate 6) (kg)/Stage 3: Hydrogen Purification","processType":"UNIT_PROCESS","flowType":"PRODUCT_FLOW"},"flow":{"@type":"Flow","@id":"9016044c-0b7a-4f53-88b2-65b93ba7394e","name":"Stage 3: Transportation","flowType":"PRODUCT_FLOW","refUnit":"Item(s)"},"process":{"@type":"Process","@id":"29d027db-0929-42f7-938c-60d05d925f35","name":"Hydrogen Purification","category":"Case 1: Hydrogen Production (Cradle-to-gate 6) (kg)/Stage 3: Hydrogen Purification","processType":"UNIT_PROCESS","flowType":"PRODUCT_FLOW"},"exchange":{"@type":"Exchange","internalId":9}},{"provider":{"@type":"Process","@id":"96702663-c06d-4a5e-bb01-331d9c57c91d","name":"Stage 6: Transportation","category":"Case 1: Hydrogen Production (Cradle-to-gate 6) (kg)/Stage 6: Hydrogen Storage","processType":"UNIT_PROCESS","flowType":"PRODUCT_FLOW"},"flow":{"@type":"Flow","@id":"ebf7d24c-1ef1-45db-873e-a613ba25658f","name":"Stage 6: Transportation","flowType":"PRODUCT_FLOW","refUnit":"Item(s)"},"process":{"@type":"Process","@id":"41d70b98-a339-40d2-b910-bff850e35488","name":"Hydrogen Storage","category":"Case 1: Hydrogen Production (Cradle-to-gate 6) (kg)/Stage 6: Hydrogen Storage","processType":"UNIT_PROCESS","flowType":"PRODUCT_FLOW"},"exchange":{"@type":"Exchange","internalId":10}},{"provider":{"@type":"Process","@id":"61fee52b-6f83-4a84-bb31-da56b785a8c1","name":"Stage 4: Transportation","category":"Case 1: Hydrogen Production (Cradle-to-gate 6) (kg)/Stage 4: Hydrogen Compression","processType":"UNIT_PROCESS","flowType":"PRODUCT_FLOW"},"flow":{"@type":"Flow","@id":"ef6ad59a-275b-4032-821b-a57de476667e","name":"Stage 4: Transportation","flowType":"PRODUCT_FLOW","refUnit":"Item(s)"},"process":{"@type":"Process","@id":"344b9e8b-344f-45db-a4b1-87601124c850","name":"Hydrogen Compression","category":"Case 1: Hydrogen Production (Cradle-to-gate 6) (kg)/Stage 4: Hydrogen Compression","processType":"UNIT_PROCESS","flowType":"PRODUCT_FLOW"},"exchange":{"@type":"Exchange","internalId":9}},{"provider":{"@type":"Process","@id":"94035ac0-e3d1-4e30-b838-21af0a102818","name":"Stage 3: Energy Consumption","category":"Case 1: Hydrogen Production (Cradle-to-gate 6) (kg)/Stage 3: Hydrogen Purification","processType":"UNIT_PROCESS","flowType":"PRODUCT_FLOW"},"flow":{"@type":"Flow","@id":"c4f2aa43-1d3a-40fa-b829-ca5e1dc155ab","name":"Stage 3: Energy Consumption","flowType":"PRODUCT_FLOW","refUnit":"Item(s)"},"process":{"@type":"Process","@id":"29d027db-0929-42f7-938c-60d05d925f35","name":"Hydrogen Purification","category":"Case 1: Hydrogen Production (Cradle-to-gate 6) (kg)/Stage 3: Hydrogen Purification","processType":"UNIT_PROCESS","flowType":"PRODUCT_FLOW"},"exchange":{"@type":"Exchange","internalId":7}},{"provider":{"@type":"Process","@id":"69a33e03-a3f7-460b-805b-e47c8a789a76","name":"Stage 6: Raw Material","category":"Case 1: Hydrogen Production (Cradle-to-gate 6) (kg)/Stage 6: Hydrogen Storage","processType":"UNIT_PROCESS","flowType":"PRODUCT_FLOW"},"flow":{"@type":"Flow","@id":"2466b18c-d6f6-4a8d-b4a8-0a15d4eee5d8","name":"Stage 6: Raw Material","flowType":"PRODUCT_FLOW","refUnit":"Item(s)"},"process":{"@type":"Process","@id":"41d70b98-a339-40d2-b910-bff850e35488","name":"Hydrogen Storage","category":"Case 1: Hydrogen Production (Cradle-to-gate 6) (kg)/Stage 6: Hydrogen Storage","processType":"UNIT_PROCESS","flowType":"PRODUCT_FLOW"},"exchange":{"@type":"Exchange","internalId":9}},{"provider":{"@type":"Process","@id":"1b2a06ec-9023-4c23-bfdd-aa34d13f3bd0","name":"Stage 4: Capital Goods","category":"Case 1: Hydrogen Production (Cradle-to-gate 6) (kg)/Stage 4: Hydrogen Compression","processType":"UNIT_PROCESS","flowType":"PRODUCT_FLOW"},"flow":{"@type":"Flow","@id":"debc9e81-39a2-4cb8-bd4a-962ac0a48fe2","name":"Stage 4: Capital Goods","flowType":"PRODUCT_FLOW","refUnit":"Item(s)"},"process":{"@type":"Process","@id":"344b9e8b-344f-45db-a4b1-87601124c850","name":"Hydrogen Compression","category":"Case 1: Hydrogen Production (Cradle-to-gate 6) (kg)/Stage 4: Hydrogen Compression","processType":"UNIT_PROCESS","flowType":"PRODUCT_FLOW"},"exchange":{"@type":"Exchange","internalId":6}},{"provider":{"@type":"Process","@id":"c0a5c7d9-7701-4f44-86e4-ff661efdc7b3","name":"Stage 3: Capital Goods","category":"Case 1: Hydrogen Production (Cradle-to-gate 6) (kg)/Stage 3: Hydrogen Purification","processType":"UNIT_PROCESS","flowType":"PRODUCT_FLOW"},"flow":{"@type":"Flow","@id":"7510368d-3662-4d40-b937-36f998d84391","name":"Stage 3: Capital Goods","flowType":"PRODUCT_FLOW","refUnit":"Item(s)"},"process":{"@type":"Process","@id":"29d027db-0929-42f7-938c-60d05d925f35","name":"Hydrogen Purification","category":"Case 1: Hydrogen Production (Cradle-to-gate 6) (kg)/Stage 3: Hydrogen Purification","processType":"UNIT_PROCESS","flowType":"PRODUCT_FLOW"},"exchange":{"@type":"Exchange","internalId":6}},{"provider":{"@type":"Process","@id":"616f7723-657f-473a-9406-dd0cf25e6932","name":"Operating Stage","category":"Case 2: Hydrogen Use (Cradle-to-grave) for cogeneration (MJ)/Operating Stage","processType":"UNIT_PROCESS","flowType":"PRODUCT_FLOW"},"flow":{"@type":"Flow","@id":"cb27e795-db9e-4cc4-b168-492a847931d1","name":"Operating Stage","flowType":"PRODUCT_FLOW","refUnit":"Item(s)"},"process":{"@type":"Process","@id":"d2f964de-8706-4790-99fd-fe6a6614277a","name":"Electricity Cogeneration","category":"Case 2: Hydrogen Use (Cradle-to-grave) for cogeneration (MJ)","processType":"UNIT_PROCESS","flowType":"PRODUCT_FLOW"},"exchange":{"@type":"Exchange","internalId":4}},{"provider":{"@type":"Process","@id":"5e788426-9ac5-4f6e-8b8d-9e29bdd2c094","name":"Manufacturing Stage","category":"Case 2: Hydrogen Use (Cradle-to-grave) for cogeneration (MJ)/Manufacturing Stage","processType":"UNIT_PROCESS","flowType":"PRODUCT_FLOW"},"flow":{"@type":"Flow","@id":"0c46d597-929f-4acb-bf2e-fd043d9762e3","name":"Manufacturing Stage: Transportation of Raw Materials","flowType":"PRODUCT_FLOW","refUnit":"Item(s)"},"process":{"@type":"Process","@id":"d2f964de-8706-4790-99fd-fe6a6614277a","name":"Electricity Cogeneration","category":"Case 2: Hydrogen Use (Cradle-to-grave) for cogeneration (MJ)","processType":"UNIT_PROCESS","flowType":"PRODUCT_FLOW"},"exchange":{"@type":"Exchange","internalId":3}},{"provider":{"@type":"Process","@id":"f4bbadce-445b-4766-8fe6-98fbab9e4863","name":"Manufacturing Stage: Capital Goods","category":"Case 2: Hydrogen Use (Cradle-to-grave) for cogeneration (MJ)/Manufacturing Stage","processType":"UNIT_PROCESS","flowType":"PRODUCT_FLOW"},"flow":{"@type":"Flow","@id":"1f5558f5-5f83-4408-95fd-2ac763bd589d","name":"Manufacturing Stage: Capital Goods","flowType":"PRODUCT_FLOW","refUnit":"Item(s)"},"process":{"@type":"Process","@id":"5e788426-9ac5-4f6e-8b8d-9e29bdd2c094","name":"Manufacturing Stage","category":"Case 2: Hydrogen Use (Cradle-to-grave) for cogeneration (MJ)/Manufacturing Stage","processType":"UNIT_PROCESS","flowType":"PRODUCT_FLOW"},"exchange":{"@type":"Exchange","internalId":3}},{"provider":{"@type":"Process","@id":"344b9e8b-344f-45db-a4b1-87601124c850","name":"Hydrogen Compression","category":"Case 1: Hydrogen Production (Cradle-to-gate 6) (kg)/Stage 4: Hydrogen Compression","processType":"UNIT_PROCESS","flowType":"PRODUCT_FLOW"},"flow":{"@type":"Flow","@id":"581291b9-1017-4cd6-80dc-48e6bb8a6152","name":"Hydrogen Compression","flowType":"PRODUCT_FLOW","refUnit":"kg"},"process":{"@type":"Process","@id":"83043ca0-2a30-4c8d-869a-5399f63ee308","name":"Hydrogen Production (Cradle-to-gate 6) (kg)","category":"Case 1: Hydrogen Production (Cradle-to-gate 6) (kg)","processType":"UNIT_PROCESS","flowType":"PRODUCT_FLOW"},"exchange":{"@type":"Exchange","internalId":13}},{"provider":{"@type":"Process","@id":"e3099b1a-f160-405a-a871-19758effeddd","name":"Manufacturing Stage: Transportation of Raw Materials","category":"Case 2: Hydrogen Use (Cradle-to-grave) for cogeneration (MJ)/Manufacturing Stage","processType":"UNIT_PROCESS","flowType":"PRODUCT_FLOW"},"flow":{"@type":"Flow","@id":"6bd1dcd1-57e0-49bb-84e9-7f2a2ad00054","name":"Manufacturing Stage: End-of-life","flowType":"PRODUCT_FLOW","refUnit":"Item(s)"},"process":{"@type":"Process","@id":"5e788426-9ac5-4f6e-8b8d-9e29bdd2c094","name":"Manufacturing Stage","category":"Case 2: Hydrogen Use (Cradle-to-grave) for cogeneration (MJ)/Manufacturing Stage","processType":"UNIT_PROCESS","flowType":"PRODUCT_FLOW"},"exchange":{"@type":"Exchange","internalId":5}},{"provider":{"@type":"Process","@id":"29d027db-0929-42f7-938c-60d05d925f35","name":"Hydrogen Purification","category":"Case 1: Hydrogen Production (Cradle-to-gate 6) (kg)/Stage 3: Hydrogen Purification","processType":"UNIT_PROCESS","flowType":"PRODUCT_FLOW"},"flow":{"@type":"Flow","@id":"21df2c2b-25d8-4984-9a31-01d2af511f1c","name":"Hydrogen Purification","flowType":"PRODUCT_FLOW","refUnit":"kg"},"process":{"@type":"Process","@id":"83043ca0-2a30-4c8d-869a-5399f63ee308","name":"Hydrogen Production (Cradle-to-gate 6) (kg)","category":"Case 1: Hydrogen Production (Cradle-to-gate 6) (kg)","processType":"UNIT_PROCESS","flowType":"PRODUCT_FLOW"},"exchange":{"@type":"Exchange","internalId":12}},{"provider":{"@type":"Process","@id":"42268908-d8ae-4dba-9d82-23e72d2ad1c9","name":"Manufacturing Stage: Energy Consumption","category":"Case 2: Hydrogen Use (Cradle-to-grave) for cogeneration (MJ)/Manufacturing Stage","processType":"UNIT_PROCESS","flowType":"PRODUCT_FLOW"},"flow":{"@type":"Flow","@id":"fef261e6-5948-47a2-873f-565c6cf84706","name":"Manufacturing Stage: Energy Consumption","flowType":"PRODUCT_FLOW","refUnit":"Item(s)"},"process":{"@type":"Process","@id":"5e788426-9ac5-4f6e-8b8d-9e29bdd2c094","name":"Manufacturing Stage","category":"Case 2: Hydrogen Use (Cradle-to-grave) for cogeneration (MJ)/Manufacturing Stage","processType":"UNIT_PROCESS","flowType":"PRODUCT_FLOW"},"exchange":{"@type":"Exchange","internalId":4}},{"provider":{"@type":"Process","@id":"92721328-6b48-457e-baef-f19fac2d26f3","name":"Transport of Compressed H2","category":"Case 1: Hydrogen Production (Cradle-to-gate 6) (kg)/Stage 5: Transportation","processType":"UNIT_PROCESS","flowType":"PRODUCT_FLOW"},"flow":{"@type":"Flow","@id":"195f4f2f-5d57-49cf-ab78-3dfc31f2d81b","name":"Transport of Compressed H2","flowType":"PRODUCT_FLOW","refUnit":"kg"},"process":{"@type":"Process","@id":"83043ca0-2a30-4c8d-869a-5399f63ee308","name":"Hydrogen Production (Cradle-to-gate 6) (kg)","category":"Case 1: Hydrogen Production (Cradle-to-gate 6) (kg)","processType":"UNIT_PROCESS","flowType":"PRODUCT_FLOW"},"exchange":{"@type":"Exchange","internalId":14}},{"provider":{"@type":"Process","@id":"4696503f-ea4d-44d8-95c2-36b865bbef2d","name":"End-of-Life","category":"Case 2: Hydrogen Use (Cradle-to-grave) for cogeneration (MJ)/End-of-life","processType":"UNIT_PROCESS","flowType":"WASTE_FLOW"},"flow":{"@type":"Flow","@id":"868c9a8c-40ac-43e5-a522-4fb899977a8e","name":"End-of-Life","flowType":"WASTE_FLOW","refUnit":"Item(s)"},"process":{"@type":"Process","@id":"d2f964de-8706-4790-99fd-fe6a6614277a","name":"Electricity Cogeneration","category":"Case 2: Hydrogen Use (Cradle-to-grave) for cogeneration (MJ)","processType":"UNIT_PROCESS","flowType":"PRODUCT_FLOW"},"exchange":{"@type":"Exchange","internalId":2}},{"provider":{"@type":"Process","@id":"657f34db-fb73-4631-8d46-7aec16f1eed0","name":"Manufactuing Stage: Raw Materials","category":"Case 2: Hydrogen Use (Cradle-to-grave) for cogeneration (MJ)/Manufacturing Stage","processType":"UNIT_PROCESS","flowType":"PRODUCT_FLOW"},"flow":{"@type":"Flow","@id":"7b6a5762-3013-419c-9a1d-c19ae94693a1","name":"Manufactuing Stage: Raw Materials","flowType":"PRODUCT_FLOW","refUnit":"Item(s)"},"process":{"@type":"Process","@id":"5e788426-9ac5-4f6e-8b8d-9e29bdd2c094","name":"Manufacturing Stage","category":"Case 2: Hydrogen Use (Cradle-to-grave) for cogeneration (MJ)/Manufacturing Stage","processType":"UNIT_PROCESS","flowType":"PRODUCT_FLOW"},"exchange":{"@type":"Exchange","internalId":2}},{"provider":{"@type":"Process","@id":"41d70b98-a339-40d2-b910-bff850e35488","name":"Hydrogen Storage","category":"Case 1: Hydrogen Production (Cradle-to-gate 6) (kg)/Stage 6: Hydrogen Storage","processType":"UNIT_PROCESS","flowType":"PRODUCT_FLOW"},"flow":{"@type":"Flow","@id":"ddcb3fc8-b182-4c3f-bc03-4adb918c9eb9","name":"Hydrogen Storage","flowType":"PRODUCT_FLOW","refUnit":"kg"},"process":{"@type":"Process","@id":"83043ca0-2a30-4c8d-869a-5399f63ee308","name":"Hydrogen Production (Cradle-to-gate 6) (kg)","category":"Case 1: Hydrogen Production (Cradle-to-gate 6) (kg)","processType":"UNIT_PROCESS","flowType":"PRODUCT_FLOW"},"exchange":{"@type":"Exchange","internalId":15}},{"provider":{"@type":"Process","@id":"4068cafd-9096-4233-b75a-f37e01ab4ea2","name":"Hydrogen Production","category":"Case 1: Hydrogen Production (Cradle-to-gate 6) (kg)/Stage 2: Hydrogen Production","processType":"UNIT_PROCESS","flowType":"PRODUCT_FLOW"},"flow":{"@type":"Flow","@id":"3ba1157e-3bc9-4552-8623-d565e4594a8e","name":"Hydrogen Production","flowType":"PRODUCT_FLOW","refUnit":"kg"},"process":{"@type":"Process","@id":"83043ca0-2a30-4c8d-869a-5399f63ee308","name":"Hydrogen Production (Cradle-to-gate 6) (kg)","category":"Case 1: Hydrogen Production (Cradle-to-gate 6) (kg)","processType":"UNIT_PROCESS","flowType":"PRODUCT_FLOW"},"exchange":{"@type":"Exchange","internalId":11}},{"provider":{"@type":"Process","@id":"d931581f-13bd-4402-8d20-8b7d4c89f5fb","name":"Hydrogen Distribution ","category":"Case 1: Hydrogen Production (Cradle-to-gate 6) (kg)/Stage 7: Hydrogen Distribution","processType":"UNIT_PROCESS","flowType":"PRODUCT_FLOW"},"flow":{"@type":"Flow","@id":"637ba1ed-dad9-4819-a3f1-3fdfa840b15d","name":"Hydrogen Distribution ","flowType":"PRODUCT_FLOW","refUnit":"kg"},"process":{"@type":"Process","@id":"83043ca0-2a30-4c8d-869a-5399f63ee308","name":"Hydrogen Production (Cradle-to-gate 6) (kg)","category":"Case 1: Hydrogen Production (Cradle-to-gate 6) (kg)","processType":"UNIT_PROCESS","flowType":"PRODUCT_FLOW"},"exchange":{"@type":"Exchange","internalId":16}}]}