{"@type":"Process","@id":"bfd9014a-71d6-4eab-b4e1-0d4dc7d64dc4","name":"Operating Stage: Material Inputs","description":"","category":"Case 2: Hydrogen Use (Cradle-to-grave) for electricity generation (MJ)/Operating Stage","version":"00.00.000","lastChange":"2023-08-21T12:08:49.481Z","processType":"UNIT_PROCESS","isInfrastructureProcess":false,"processDocumentation":{"isCopyrightProtected":false,"creationDate":"2023-08-21T14:08:49.472"},"lastInternalId":1,"parameters":[],"exchanges":[{"@type":"Exchange","isAvoidedProduct":false,"isInput":false,"amount":1.0,"internalId":1,"flow":{"@type":"Flow","@id":"2e160fc5-1d0d-459a-91ba-c22cd7e3a98d","name":"Operating Stage: Material Inputs","flowType":"PRODUCT_FLOW","refUnit":"Item(s)"},"unit":{"@type":"Unit","@id":"6dabe201-aaac-4509-92f0-d00c26cb72ab","name":"Item(s)"},"flowProperty":{"@type":"FlowProperty","@id":"01846770-4cfe-4a25-8ad9-919d8d378345","name":"Number of items","category":"Technical flow properties","refUnit":"Item(s)"},"isQuantitativeReference":true}],"socialAspects":[],"allocationFactors":[]}