{"@type":"Process","@id":"96c0c063-3d92-4e93-a1cd-a5d3edd6817b","name":"Stage 2: Capital Goods","description":"","category":"Case 1: Hydrogen Production (Cradle-to-gate 3) with CCS (MJ)/Stage 2: Hydrogen Production","version":"00.00.010","lastChange":"2023-08-16T10:07:36.719Z","processType":"UNIT_PROCESS","isInfrastructureProcess":false,"processDocumentation":{"isCopyrightProtected":false,"creationDate":"2023-08-09T12:29:53.252"},"lastInternalId":1,"parameters":[],"exchanges":[{"@type":"Exchange","isAvoidedProduct":false,"isInput":false,"amount":1.0,"internalId":1,"flow":{"@type":"Flow","@id":"eb136cd4-a7a5-473d-abdf-75d3ca1866f6","name":"Stage 2: Capital Goods","flowType":"PRODUCT_FLOW","refUnit":"Item(s)"},"unit":{"@type":"Unit","@id":"6dabe201-aaac-4509-92f0-d00c26cb72ab","name":"Item(s)"},"flowProperty":{"@type":"FlowProperty","@id":"01846770-4cfe-4a25-8ad9-919d8d378345","name":"Number of items","category":"Technical flow properties","refUnit":"Item(s)"},"isQuantitativeReference":true}],"socialAspects":[],"allocationFactors":[]}