{"@type":"Process","@id":"c7436091-d14c-439e-8a1f-0ba6ea14d1e2","name":"Stage 3: Energy Consumption","description":"","category":"Case 1: Hydrogen Production (Cradle-to-gate 3) with CCS (MJ)/Stage 3: Hydrogen Purification","version":"00.00.006","lastChange":"2023-08-16T10:07:36.737Z","processType":"UNIT_PROCESS","isInfrastructureProcess":false,"processDocumentation":{"isCopyrightProtected":false,"creationDate":"2023-08-11T12:51:51.573"},"lastInternalId":1,"parameters":[],"exchanges":[{"@type":"Exchange","isAvoidedProduct":false,"isInput":false,"amount":1.0,"internalId":1,"flow":{"@type":"Flow","@id":"c4f2aa43-1d3a-40fa-b829-ca5e1dc155ab","name":"Stage 3: Energy Consumption","flowType":"PRODUCT_FLOW","refUnit":"Item(s)"},"unit":{"@type":"Unit","@id":"6dabe201-aaac-4509-92f0-d00c26cb72ab","name":"Item(s)"},"flowProperty":{"@type":"FlowProperty","@id":"01846770-4cfe-4a25-8ad9-919d8d378345","name":"Number of items","category":"Technical flow properties","refUnit":"Item(s)"},"isQuantitativeReference":true}],"socialAspects":[],"allocationFactors":[]}