{"@type":"Process","@id":"c89ab487-a799-4424-95cc-1fc1e1cbf91f","name":"Hydrogen Purification","description":"","category":"Case 1: Hydrogen Production (Cradle-to-gate 3) with CCS (MJ)/Stage 3: Hydrogen Purification","version":"00.00.011","lastChange":"2024-03-27T08:54:22.668Z","processType":"UNIT_PROCESS","isInfrastructureProcess":false,"processDocumentation":{"isCopyrightProtected":false,"creationDate":"2023-08-11T12:10:49.054"},"lastInternalId":13,"parameters":[],"exchanges":[{"@type":"Exchange","isAvoidedProduct":false,"isInput":false,"amount":1.0,"internalId":1,"flow":{"@type":"Flow","@id":"21df2c2b-25d8-4984-9a31-01d2af511f1c","name":"Hydrogen Purification","flowType":"PRODUCT_FLOW","refUnit":"kg"},"unit":{"@type":"Unit","@id":"20aadc24-a391-41cf-b340-3e4529f44bde","name":"kg"},"flowProperty":{"@type":"FlowProperty","@id":"93a60a56-a3c8-11da-a746-0800200b9a66","name":"Mass","category":"Technical flow properties","refUnit":"kg"},"isQuantitativeReference":true},{"@type":"Exchange","isAvoidedProduct":false,"isInput":true,"amount":1.0,"internalId":13,"flow":{"@type":"Flow","@id":"9016044c-0b7a-4f53-88b2-65b93ba7394e","name":"Stage 3: Transportation","flowType":"PRODUCT_FLOW","refUnit":"Item(s)"},"unit":{"@type":"Unit","@id":"6dabe201-aaac-4509-92f0-d00c26cb72ab","name":"Item(s)"},"flowProperty":{"@type":"FlowProperty","@id":"01846770-4cfe-4a25-8ad9-919d8d378345","name":"Number of items","category":"Technical flow properties","refUnit":"Item(s)"},"defaultProvider":{"@type":"Process","@id":"56b4ee05-9ffa-4f58-9791-30c31c5c16c9","name":"Stage 3: Transportation","category":"Case 1: Hydrogen Production (Cradle-to-gate 3) with CCS (MJ)/Stage 3: Hydrogen Purification","processType":"UNIT_PROCESS","flowType":"PRODUCT_FLOW"}},{"@type":"Exchange","isAvoidedProduct":false,"isInput":true,"amount":1.0,"internalId":10,"flow":{"@type":"Flow","@id":"7510368d-3662-4d40-b937-36f998d84391","name":"Stage 3: Capital Goods","flowType":"PRODUCT_FLOW","refUnit":"Item(s)"},"unit":{"@type":"Unit","@id":"6dabe201-aaac-4509-92f0-d00c26cb72ab","name":"Item(s)"},"flowProperty":{"@type":"FlowProperty","@id":"01846770-4cfe-4a25-8ad9-919d8d378345","name":"Number of items","category":"Technical flow properties","refUnit":"Item(s)"},"defaultProvider":{"@type":"Process","@id":"41c58351-024e-445c-b56b-0772b4499302","name":"Stage 3: Capital Goods","category":"Case 1: Hydrogen Production (Cradle-to-gate 3) with CCS (MJ)/Stage 3: Hydrogen Purification","processType":"UNIT_PROCESS","flowType":"PRODUCT_FLOW"}},{"@type":"Exchange","isAvoidedProduct":false,"isInput":true,"amount":1.0,"internalId":12,"flow":{"@type":"Flow","@id":"31d416e0-4fa1-4cf0-a139-ef4ccbba3351","name":"Stage 3: Raw Materials","flowType":"PRODUCT_FLOW","refUnit":"Item(s)"},"unit":{"@type":"Unit","@id":"6dabe201-aaac-4509-92f0-d00c26cb72ab","name":"Item(s)"},"flowProperty":{"@type":"FlowProperty","@id":"01846770-4cfe-4a25-8ad9-919d8d378345","name":"Number of items","category":"Technical flow properties","refUnit":"Item(s)"},"defaultProvider":{"@type":"Process","@id":"8e55ee43-164a-4581-b0f1-38b9338362b1","name":"Stage 3: Raw Materials","category":"Case 1: Hydrogen Production (Cradle-to-gate 3) with CCS (MJ)/Stage 3: Hydrogen Purification","processType":"UNIT_PROCESS","flowType":"PRODUCT_FLOW"}},{"@type":"Exchange","isAvoidedProduct":false,"isInput":true,"amount":1.0,"internalId":11,"flow":{"@type":"Flow","@id":"c4f2aa43-1d3a-40fa-b829-ca5e1dc155ab","name":"Stage 3: Energy Consumption","flowType":"PRODUCT_FLOW","refUnit":"Item(s)"},"unit":{"@type":"Unit","@id":"6dabe201-aaac-4509-92f0-d00c26cb72ab","name":"Item(s)"},"flowProperty":{"@type":"FlowProperty","@id":"01846770-4cfe-4a25-8ad9-919d8d378345","name":"Number of items","category":"Technical flow properties","refUnit":"Item(s)"},"defaultProvider":{"@type":"Process","@id":"c7436091-d14c-439e-8a1f-0ba6ea14d1e2","name":"Stage 3: Energy Consumption","category":"Case 1: Hydrogen Production (Cradle-to-gate 3) with CCS (MJ)/Stage 3: Hydrogen Purification","processType":"UNIT_PROCESS","flowType":"PRODUCT_FLOW"}}],"socialAspects":[],"allocationFactors":[]}